cnr,courtName,stateName,caseType,case_type_name,filing_date,decision_date,duration_days,duration_days_capped,duration_days_log,tier,filing_month,filing_day,filing_dayofweek,is_old_case,is_very_old_case
BRPU010049462024,"PDJ DIVISION, PURNEA",Bihar,BA,Bail Application,2024-07-20,2024-09-04,46,46.0,3.8501476017100584,district,7,20,5,0,0
BRPU010049582024,"PDJ DIVISION, PURNEA",Bihar,BA,Bail Application,2024-07-20,2024-08-03,14,14.0,2.70805020110221,district,7,20,5,0,0
APHC010004992024,"High Court, Andhra Pradesh",Andhra Pradesh,WP_C,Writ Petition (Civil),2024-01-04,2024-01-09,5,5.0,1.791759469228055,hc,1,4,3,0,0
APHC010005102015,"High Court, Andhra Pradesh",Andhra Pradesh,WP_C,Writ Petition (Civil),2015-06-29,2024-01-09,3116,3116.0,8.044626279767337,hc,6,29,0,1,1
APHC010011742024,"High Court, Andhra Pradesh",Andhra Pradesh,WP_C,Writ Petition (Civil),2024-01-08,2024-01-10,2,2.0,1.0986122886681096,hc,1,8,0,0,0
APHC010004992021,"High Court, Andhra Pradesh",Andhra Pradesh,WP_C,Writ Petition (Civil),2021-01-05,2024-10-24,1388,1388.0,7.236339342754344,hc,1,5,1,1,0
APHC010215922022,"High Court, Andhra Pradesh",Andhra Pradesh,WP_C,Writ Petition (Civil),2022-04-28,2024-02-01,644,644.0,6.4692503167957724,hc,4,28,3,1,0
APHC010248442024,"High Court, Andhra Pradesh",Andhra Pradesh,WP_C,Writ Petition (Civil),2024-06-18,2024-06-20,2,2.0,1.0986122886681096,hc,6,18,1,0,0
APHC010215912024,"High Court, Andhra Pradesh",Andhra Pradesh,WP_C,Writ Petition (Civil),2024-05-03,2024-05-07,4,4.0,1.6094379124341003,hc,5,3,4,0,0
APHC010228872010,"High Court, Andhra Pradesh",Andhra Pradesh,WP_C,Writ Petition (Civil),2010-12-16,2024-08-02,4978,4978.0,8.512984346642183,hc,12,16,3,1,1
APHC010248432024,"High Court, Andhra Pradesh",Andhra Pradesh,WP_C,Writ Petition (Civil),2024-06-18,2024-06-21,3,3.0,1.3862943611198906,hc,6,18,1,0,0
APHC010215922024,"High Court, Andhra Pradesh",Andhra Pradesh,WP_C,Writ Petition (Civil),2024-05-03,2024-07-16,74,74.0,4.31748811353631,hc,5,3,4,0,0
APHC010058282015,"High Court, Andhra Pradesh",Andhra Pradesh,WP_C,Writ Petition (Civil),2015-12-22,2024-07-23,3136,3136.0,8.051022208190679,hc,12,22,1,1,1
APHC010086262024,"High Court, Andhra Pradesh",Andhra Pradesh,WP_C,Writ Petition (Civil),2024-02-20,2024-02-29,9,9.0,2.302585092994046,hc,2,20,1,0,0
APHC010092222024,"High Court, Andhra Pradesh",Andhra Pradesh,WP_C,Writ Petition (Civil),2024-02-22,2024-02-27,5,5.0,1.791759469228055,hc,2,22,3,0,0
APHC010092212023,"High Court, Andhra Pradesh",Andhra Pradesh,WP_C,Writ Petition (Civil),2023-02-23,2024-06-19,482,482.0,6.180016653652572,hc,2,23,3,1,0
APHC010254132006,"High Court, Andhra Pradesh",Andhra Pradesh,WP_C,Writ Petition (Civil),2006-11-24,2024-10-26,6546,6546.0,8.786762208441091,hc,11,24,4,1,1
APHC010266772024,"High Court, Andhra Pradesh",Andhra Pradesh,WP_C,Writ Petition (Civil),2024-06-25,2024-06-28,3,3.0,1.3862943611198906,hc,6,25,1,0,0
APHC010092232024,"High Court, Andhra Pradesh",Andhra Pradesh,WP_C,Writ Petition (Civil),2024-02-22,2024-11-14,266,266.0,5.58724865840025,hc,2,22,3,0,0
APHC010083562016,"High Court, Andhra Pradesh",Andhra Pradesh,WP_C,Writ Petition (Civil),2015-12-21,2024-11-06,3243,3243.0,8.084562415235304,hc,12,21,0,1,1
APHC010086252021,"High Court, Andhra Pradesh",Andhra Pradesh,WP_C,Writ Petition (Civil),2021-02-26,2024-11-15,1358,1358.0,7.214504414151143,hc,2,26,4,1,0
APHC010092212024,"High Court, Andhra Pradesh",Andhra Pradesh,WP_C,Writ Petition (Civil),2024-02-22,2024-11-14,266,266.0,5.58724865840025,hc,2,22,3,0,0
APHC010066092020,"High Court, Andhra Pradesh",Andhra Pradesh,WP_C,Writ Petition (Civil),2020-02-14,2024-12-20,1771,1771.0,7.4798641311650265,hc,2,14,4,1,0
APHC010066092020,"High Court, Andhra Pradesh",Andhra Pradesh,WP_C,Writ Petition (Civil),2020-02-14,2024-12-20,1771,1771.0,7.4798641311650265,hc,2,14,4,1,0
APHC010066092015,"High Court, Andhra Pradesh",Andhra Pradesh,WP_C,Writ Petition (Civil),2015-01-28,2024-07-10,3451,3451.0,8.146709052203319,hc,1,28,2,1,1
APHC010069862024,"High Court, Andhra Pradesh",Andhra Pradesh,WP_C,Writ Petition (Civil),2024-02-12,2024-03-18,35,35.0,3.58351893845611,hc,2,12,0,0,0
APHC010072572024,"High Court, Andhra Pradesh",Andhra Pradesh,WP_C,Writ Petition (Civil),2024-02-13,2024-03-06,22,22.0,3.1354942159291497,hc,2,13,1,0,0
APHC010072572020,"High Court, Andhra Pradesh",Andhra Pradesh,WP_C,Writ Petition (Civil),2020-02-18,2024-12-20,1767,1767.0,7.477604243197589,hc,2,18,1,1,0
APHC010072572020,"High Court, Andhra Pradesh",Andhra Pradesh,WP_C,Writ Petition (Civil),2020-02-18,2024-12-20,1767,1767.0,7.477604243197589,hc,2,18,1,1,0
APHC010096662018,"High Court, Andhra Pradesh",Andhra Pradesh,WP_C,Writ Petition (Civil),2018-02-08,2024-01-04,2156,2156.0,7.676473646389156,hc,2,8,3,1,1
APHC010096662024,"High Court, Andhra Pradesh",Andhra Pradesh,WP_C,Writ Petition (Civil),2024-02-26,2024-03-01,4,4.0,1.6094379124341003,hc,2,26,0,0,0
APHC010084752024,"High Court, Andhra Pradesh",Andhra Pradesh,WP_C,Writ Petition (Civil),2024-02-19,2024-11-19,274,274.0,5.616771097666572,hc,2,19,0,0,0
APHC010353942024,"High Court, Andhra Pradesh",Andhra Pradesh,WP_C,Writ Petition (Civil),2024-08-13,2024-09-17,35,35.0,3.58351893845611,hc,8,13,1,0,0
APHC010125132022,"High Court, Andhra Pradesh",Andhra Pradesh,WP_C,Writ Petition (Civil),2022-03-21,2024-02-12,693,693.0,6.542471960506805,hc,3,21,0,1,0
APHC010118592021,"High Court, Andhra Pradesh",Andhra Pradesh,WP_C,Writ Petition (Civil),2021-03-19,2024-09-26,1287,1287.0,7.160845906664299,hc,3,19,4,1,0
APHC010331222024,"High Court, Andhra Pradesh",Andhra Pradesh,WP_C,Writ Petition (Civil),2024-07-31,2024-08-06,6,6.0,1.9459101490553132,hc,7,31,2,0,0
APHC010333402024,"High Court, Andhra Pradesh",Andhra Pradesh,WP_C,Writ Petition (Civil),2024-08-01,2024-11-11,102,102.0,4.634728988229636,hc,8,1,3,0,0
APHC010104762017,"High Court, Andhra Pradesh",Andhra Pradesh,WP_C,Writ Petition (Civil),2017-06-08,2024-02-07,2435,2435.0,7.798112628829788,hc,6,8,3,1,1
APHC010109482017,"High Court, Andhra Pradesh",Andhra Pradesh,WP_C,Writ Petition (Civil),2017-09-06,2024-04-16,2414,2414.0,7.789454566086673,hc,9,6,2,1,1
APHC010104772024,"High Court, Andhra Pradesh",Andhra Pradesh,WP_C,Writ Petition (Civil),2024-02-28,2024-05-07,69,69.0,4.248495242049359,hc,2,28,2,0,0
APHC010109482024,"High Court, Andhra Pradesh",Andhra Pradesh,WP_C,Writ Petition (Civil),2024-03-01,2024-03-21,20,20.0,3.044522437723423,hc,3,1,4,0,0
APHC010101702024,"High Court, Andhra Pradesh",Andhra Pradesh,WP_C,Writ Petition (Civil),2024-02-27,2024-03-04,6,6.0,1.9459101490553132,hc,2,27,1,0,0
APHC010101702021,"High Court, Andhra Pradesh",Andhra Pradesh,WP_C,Writ Petition (Civil),2021-03-08,2024-02-28,1087,1087.0,6.992096427415888,hc,3,8,0,1,0
APHC010125252024,"High Court, Andhra Pradesh",Andhra Pradesh,WP_C,Writ Petition (Civil),2024-03-11,2024-08-23,165,165.0,5.111987788356544,hc,3,11,0,0,0
APHC010362552019,"High Court, Andhra Pradesh",Andhra Pradesh,WP_C,Writ Petition (Civil),2019-11-01,2024-06-20,1693,1693.0,7.434847875211999,hc,11,1,4,1,1
APHC010362542024,"High Court, Andhra Pradesh",Andhra Pradesh,WP_C,Writ Petition (Civil),2024-08-19,2024-10-23,65,65.0,4.189654742026425,hc,8,19,0,0,0
APHC010101822022,"High Court, Andhra Pradesh",Andhra Pradesh,WP_C,Writ Petition (Civil),2022-03-07,2024-02-02,697,697.0,6.548219102762372,hc,3,7,0,1,0
APHC010109512024,"High Court, Andhra Pradesh",Andhra Pradesh,WP_C,Writ Petition (Civil),2024-03-01,2024-03-21,20,20.0,3.044522437723423,hc,3,1,4,0,0
APHC010103272020,"High Court, Andhra Pradesh",Andhra Pradesh,WP_C,Writ Petition (Civil),2020-03-04,2024-10-29,1700,1700.0,7.438971592395862,hc,3,4,2,1,0
APHC010103272020,"High Court, Andhra Pradesh",Andhra Pradesh,WP_C,Writ Petition (Civil),2020-03-04,2024-10-29,1700,1700.0,7.438971592395862,hc,3,4,2,1,0
APHC010118732024,"High Court, Andhra Pradesh",Andhra Pradesh,WP_C,Writ Petition (Civil),2024-03-06,2024-03-11,5,5.0,1.791759469228055,hc,3,6,2,0,0
APHC010112532024,"High Court, Andhra Pradesh",Andhra Pradesh,WP_C,Writ Petition (Civil),2024-03-04,2024-03-06,2,2.0,1.0986122886681096,hc,3,4,0,0,0
APHC010118712022,"High Court, Andhra Pradesh",Andhra Pradesh,WP_C,Writ Petition (Civil),2022-03-15,2024-02-13,700,700.0,6.55250788703459,hc,3,15,1,1,0
APHC010118722022,"High Court, Andhra Pradesh",Andhra Pradesh,WP_C,Writ Petition (Civil),2022-03-15,2024-02-12,699,699.0,6.551080335043404,hc,3,15,1,1,0
APHC010118732016,"High Court, Andhra Pradesh",Andhra Pradesh,WP_C,Writ Petition (Civil),2016-06-03,2024-03-13,2840,2840.0,7.951911381854188,hc,6,3,4,1,1
APHC010128552022,"High Court, Andhra Pradesh",Andhra Pradesh,WP_C,Writ Petition (Civil),2022-03-22,2024-08-23,885,885.0,6.786716950605081,hc,3,22,1,1,0
APHC010135002024,"High Court, Andhra Pradesh",Andhra Pradesh,WP_C,Writ Petition (Civil),2024-03-15,2024-04-19,35,35.0,3.58351893845611,hc,3,15,4,0,0
APHC010133452022,"High Court, Andhra Pradesh",Andhra Pradesh,WP_C,Writ Petition (Civil),2022-03-23,2024-07-23,853,853.0,6.74993119378857,hc,3,23,2,1,0
APHC010133472021,"High Court, Andhra Pradesh",Andhra Pradesh,WP_C,Writ Petition (Civil),2021-03-30,2024-09-19,1269,1269.0,7.146772179452637,hc,3,30,1,1,0
APHC010373852022,"High Court, Andhra Pradesh",Andhra Pradesh,WP_C,Writ Petition (Civil),2022-07-26,2024-01-24,547,547.0,6.306275286948016,hc,7,26,1,1,0
APHC010144902017,"High Court, Andhra Pradesh",Andhra Pradesh,WP_C,Writ Petition (Civil),2017-03-27,2024-08-13,2696,2696.0,7.89989532313973,hc,3,27,0,1,1
APHC010144892020,"High Court, Andhra Pradesh",Andhra Pradesh,WP_C,Writ Petition (Civil),2020-05-14,2024-02-02,1359,1359.0,7.215239978730097,hc,5,14,3,1,0
APHC010144892020,"High Court, Andhra Pradesh",Andhra Pradesh,WP_C,Writ Petition (Civil),2020-05-14,2024-02-02,1359,1359.0,7.215239978730097,hc,5,14,3,1,0
APHC010125262024,"High Court, Andhra Pradesh",Andhra Pradesh,WP_C,Writ Petition (Civil),2024-03-11,2024-04-25,45,45.0,3.828641396489095,hc,3,11,0,0,0
APHC010125262020,"High Court, Andhra Pradesh",Andhra Pradesh,WP_C,Writ Petition (Civil),2020-03-16,2024-10-16,1675,1675.0,7.424165281042028,hc,3,16,0,1,0
APHC010125262020,"High Court, Andhra Pradesh",Andhra Pradesh,WP_C,Writ Petition (Civil),2020-03-16,2024-10-16,1675,1675.0,7.424165281042028,hc,3,16,0,1,0
APHC010125272022,"High Court, Andhra Pradesh",Andhra Pradesh,WP_C,Writ Petition (Civil),2022-03-21,2024-02-09,690,690.0,6.53813982376767,hc,3,21,0,1,0
APHC010120362016,"High Court, Andhra Pradesh",Andhra Pradesh,WP_C,Writ Petition (Civil),2016-07-20,2024-08-30,2963,2963.0,7.994294986415977,hc,7,20,2,1,1
APHC010126922021,"High Court, Andhra Pradesh",Andhra Pradesh,WP_C,Writ Petition (Civil),2021-03-24,2024-12-11,1358,1358.0,7.214504414151143,hc,3,24,2,1,0
APHC010101572024,"High Court, Andhra Pradesh",Andhra Pradesh,WP_C,Writ Petition (Civil),2024-02-27,2024-04-12,45,45.0,3.828641396489095,hc,2,27,1,0,0
APHC010323752016,"High Court, Andhra Pradesh",Andhra Pradesh,WP_C,Writ Petition (Civil),2016-03-03,2024-03-12,2931,2931.0,7.983440063006542,hc,3,3,3,1,1
APHC010323752024,"High Court, Andhra Pradesh",Andhra Pradesh,WP_C,Writ Petition (Civil),2024-07-26,2024-08-06,11,11.0,2.4849066497880004,hc,7,26,4,0,0
APHC010319962024,"High Court, Andhra Pradesh",Andhra Pradesh,WP_C,Writ Petition (Civil),2024-07-24,2024-07-26,2,2.0,1.0986122886681096,hc,7,24,2,0,0
APHC010116942024,"High Court, Andhra Pradesh",Andhra Pradesh,WP_C,Writ Petition (Civil),2024-03-06,2024-03-28,22,22.0,3.1354942159291497,hc,3,6,2,0,0
APHC010121832015,"High Court, Andhra Pradesh",Andhra Pradesh,WP_C,Writ Petition (Civil),2015-06-29,2024-02-21,3159,3159.0,8.058327306580958,hc,6,29,0,1,1
APHC010101732024,"High Court, Andhra Pradesh",Andhra Pradesh,WP_C,Writ Petition (Civil),2024-02-27,2024-03-22,24,24.0,3.2188758248682006,hc,2,27,1,0,0
APHC010113922022,"High Court, Andhra Pradesh",Andhra Pradesh,WP_C,Writ Petition (Civil),2022-03-14,2024-07-22,861,861.0,6.759255270663693,hc,3,14,0,1,0
APHC010115622016,"High Court, Andhra Pradesh",Andhra Pradesh,WP_C,Writ Petition (Civil),2016-03-16,2024-02-27,2904,2904.0,7.974188669286011,hc,3,16,2,1,1
APHC010136692022,"High Court, Andhra Pradesh",Andhra Pradesh,WP_C,Writ Petition (Civil),2022-03-24,2024-02-12,690,690.0,6.53813982376767,hc,3,24,3,1,0
APHC010136702022,"High Court, Andhra Pradesh",Andhra Pradesh,WP_C,Writ Petition (Civil),2022-03-24,2024-02-27,705,705.0,6.559615237493242,hc,3,24,3,1,0
APHC010139942024,"High Court, Andhra Pradesh",Andhra Pradesh,WP_C,Writ Petition (Civil),2024-03-19,2024-03-27,8,8.0,2.1972245773362196,hc,3,19,1,0,0
APHC010139952022,"High Court, Andhra Pradesh",Andhra Pradesh,WP_C,Writ Petition (Civil),2022-03-25,2024-02-12,689,689.0,6.536691597591305,hc,3,25,4,1,0
APHC010139962016,"High Court, Andhra Pradesh",Andhra Pradesh,WP_C,Writ Petition (Civil),2016-03-08,2024-03-14,2928,2928.0,7.982416346827733,hc,3,8,1,1,1
APHC010141612022,"High Court, Andhra Pradesh",Andhra Pradesh,WP_C,Writ Petition (Civil),2022-03-26,2024-02-15,691,691.0,6.539585955617669,hc,3,26,5,1,0
APHC010101752022,"High Court, Andhra Pradesh",Andhra Pradesh,WP_C,Writ Petition (Civil),2022-03-07,2024-01-31,695,695.0,6.54534966033442,hc,3,7,0,1,0
APHC010106342018,"High Court, Andhra Pradesh",Andhra Pradesh,WP_C,Writ Petition (Civil),2018-02-12,2024-08-08,2369,2369.0,7.7706452341291765,hc,2,12,0,1,1
APHC010100162020,"High Court, Andhra Pradesh",Andhra Pradesh,WP_C,Writ Petition (Civil),2020-03-03,2024-04-22,1511,1511.0,7.321188556739479,hc,3,3,1,1,0
APHC010100162020,"High Court, Andhra Pradesh",Andhra Pradesh,WP_C,Writ Petition (Civil),2020-03-03,2024-04-22,1511,1511.0,7.321188556739479,hc,3,3,1,1,0
APHC010111132009,"High Court, Andhra Pradesh",Andhra Pradesh,WP_C,Writ Petition (Civil),2009-07-13,2024-08-12,5509,5509.0,8.61431990214696,hc,7,13,0,1,1
APHC010111122018,"High Court, Andhra Pradesh",Andhra Pradesh,WP_C,Writ Petition (Civil),2018-02-14,2024-01-04,2150,2150.0,7.67368812926773,hc,2,14,2,1,1
APHC010141602024,"High Court, Andhra Pradesh",Andhra Pradesh,WP_C,Writ Petition (Civil),2024-03-19,2024-05-09,51,51.0,3.9512437185814275,hc,3,19,1,0,0
APHC010139972022,"High Court, Andhra Pradesh",Andhra Pradesh,WP_C,Writ Petition (Civil),2022-03-25,2024-05-01,768,768.0,6.645090969505644,hc,3,25,4,1,0
APHC010113902024,"High Court, Andhra Pradesh",Andhra Pradesh,WP_C,Writ Petition (Civil),2024-03-05,2024-04-03,29,29.0,3.4011973816621555,hc,3,5,1,0,0
APHC010111142023,"High Court, Andhra Pradesh",Andhra Pradesh,WP_C,Writ Petition (Civil),2023-03-06,2024-09-26,570,570.0,6.3473892096560105,hc,3,6,0,1,0
APHC010131802022,"High Court, Andhra Pradesh",Andhra Pradesh,WP_C,Writ Petition (Civil),2022-03-22,2024-02-16,696,696.0,6.546785410760524,hc,3,22,1,1,0
APHC010131812018,"High Court, Andhra Pradesh",Andhra Pradesh,WP_C,Writ Petition (Civil),2018-02-20,2024-08-02,2355,2355.0,7.764720544771477,hc,2,20,1,1,1
APHC010133552024,"High Court, Andhra Pradesh",Andhra Pradesh,WP_C,Writ Petition (Civil),2024-03-15,2024-03-26,11,11.0,2.4849066497880004,hc,3,15,4,0,0
APHC010360412023,"High Court, Andhra Pradesh",Andhra Pradesh,WP_C,Writ Petition (Civil),2023-07-22,2024-03-27,249,249.0,5.521460917862246,hc,7,22,5,1,0
APHC010100192022,"High Court, Andhra Pradesh",Andhra Pradesh,WP_C,Writ Petition (Civil),2022-03-07,2024-08-02,879,879.0,6.779921907472252,hc,3,7,0,1,0
APHC010109562022,"High Court, Andhra Pradesh",Andhra Pradesh,WP_C,Writ Petition (Civil),2022-03-10,2024-02-05,697,697.0,6.548219102762372,hc,3,10,3,1,0
APHC010125292024,"High Court, Andhra Pradesh",Andhra Pradesh,WP_C,Writ Petition (Civil),2024-03-11,2024-03-14,3,3.0,1.3862943611198906,hc,3,11,0,0,0
APHC010126972022,"High Court, Andhra Pradesh",Andhra Pradesh,WP_C,Writ Petition (Civil),2022-03-21,2024-02-19,700,700.0,6.55250788703459,hc,3,21,0,1,0
APHC010100292024,"High Court, Andhra Pradesh",Andhra Pradesh,WP_C,Writ Petition (Civil),2024-02-27,2024-04-25,58,58.0,4.07753744390572,hc,2,27,1,0,0
APHC010125302022,"High Court, Andhra Pradesh",Andhra Pradesh,WP_C,Writ Petition (Civil),2022-03-21,2024-02-21,702,702.0,6.555356891810665,hc,3,21,0,1,0
APHC010125292021,"High Court, Andhra Pradesh",Andhra Pradesh,WP_C,Writ Petition (Civil),2021-03-24,2024-09-06,1262,1262.0,7.141245122350491,hc,3,24,2,1,0
APHC010136732024,"High Court, Andhra Pradesh",Andhra Pradesh,WP_C,Writ Petition (Civil),2024-03-18,2024-03-21,3,3.0,1.3862943611198906,hc,3,18,0,0,0
APHC010509372009,"High Court, Andhra Pradesh",Andhra Pradesh,CRL_A,Criminal Appeal,2009-07-15,2024-07-20,5484,5484.0,8.609772372709331,hc,7,15,2,1,1
APHC010141302016,"High Court, Andhra Pradesh",Andhra Pradesh,CRL_A,Criminal Appeal,2016-03-02,2024-07-02,3044,3044.0,8.021256180143997,hc,3,2,2,1,1
APHC010293132017,"High Court, Andhra Pradesh",Andhra Pradesh,CRL_A,Criminal Appeal,2017-05-09,2024-07-26,2635,2635.0,7.877017895622398,hc,5,9,1,1,1
APHC010277712016,"High Court, Andhra Pradesh",Andhra Pradesh,CRL_A,Criminal Appeal,2016-12-21,2024-12-05,2906,2906.0,7.9748769005588755,hc,12,21,2,1,1
APHC010026132009,"High Court, Andhra Pradesh",Andhra Pradesh,CRL_A,Criminal Appeal,2008-12-23,2024-07-22,5690,5690.0,8.646641258603124,hc,12,23,1,1,1
APHC010587072016,"High Court, Andhra Pradesh",Andhra Pradesh,CRL_A,Criminal Appeal,2016-01-07,2024-02-26,2972,2972.0,7.997326822998097,hc,1,7,3,1,1
APHC010585882016,"High Court, Andhra Pradesh",Andhra Pradesh,CRL_A,Criminal Appeal,2016-12-27,2024-09-10,2814,2814.0,7.942717540573791,hc,12,27,1,1,1
APHC010275432016,"High Court, Andhra Pradesh",Andhra Pradesh,CRL_A,Criminal Appeal,2016-09-09,2024-07-01,2852,2852.0,7.9561263512135,hc,9,9,4,1,1
APHC010331992024,"High Court, Andhra Pradesh",Andhra Pradesh,CRL_A,Criminal Appeal,2024-07-31,2024-09-18,49,49.0,3.912023005428146,hc,7,31,2,0,0
APHC010375372023,"High Court, Andhra Pradesh",Andhra Pradesh,CRL_A,Criminal Appeal,2023-07-28,2024-09-19,419,419.0,6.040254711277414,hc,7,28,4,1,0
APHC010276632021,"High Court, Andhra Pradesh",Andhra Pradesh,CRL_A,Criminal Appeal,2021-08-03,2024-10-15,1169,1169.0,7.064759027791802,hc,8,3,1,1,0
APHC010355522019,"High Court, Andhra Pradesh",Andhra Pradesh,CRL_A,Criminal Appeal,2019-10-29,2024-10-15,1813,1813.0,7.503289630675082,hc,10,29,1,1,1
APHC010290042016,"High Court, Andhra Pradesh",Andhra Pradesh,CRL_A,Criminal Appeal,2016-11-16,2024-08-13,2827,2827.0,7.947325027016463,hc,11,16,2,1,1
APHC010304402021,"High Court, Andhra Pradesh",Andhra Pradesh,CRL_A,Criminal Appeal,2021-08-23,2024-08-21,1094,1094.0,6.9985096422506015,hc,8,23,0,1,0
APHC010278042016,"High Court, Andhra Pradesh",Andhra Pradesh,CRL_A,Criminal Appeal,2016-03-28,2024-10-15,3123,3123.0,8.046869510959576,hc,3,28,0,1,1
APHC010306902006,"High Court, Andhra Pradesh",Andhra Pradesh,CRL_A,Criminal Appeal,2005-12-12,2024-03-05,6658,6561.850000000007,8.803724602110622,hc,12,12,0,1,1
APHC010377292009,"High Court, Andhra Pradesh",Andhra Pradesh,CRL_A,Criminal Appeal,2009-10-20,2024-01-05,5190,5190.0,8.55468163582723,hc,10,20,1,1,1
APHC010382362024,"High Court, Andhra Pradesh",Andhra Pradesh,CRL_A,Criminal Appeal,2024-08-30,2024-12-26,118,118.0,4.77912349311153,hc,8,30,4,0,0
APHC010389282022,"High Court, Andhra Pradesh",Andhra Pradesh,CRL_A,Criminal Appeal,2022-08-01,2024-08-30,760,760.0,6.634633357861686,hc,8,1,0,1,0
APHC010151562017,"High Court, Andhra Pradesh",Andhra Pradesh,CRL_A,Criminal Appeal,2017-01-24,2024-10-01,2807,2807.0,7.940227765145702,hc,1,24,1,1,1
APHC010180732017,"High Court, Andhra Pradesh",Andhra Pradesh,CRL_A,Criminal Appeal,2017-06-29,2024-12-26,2737,2737.0,7.914983005848394,hc,6,29,3,1,1
APHC010241762010,"High Court, Andhra Pradesh",Andhra Pradesh,CRL_A,Criminal Appeal,2010-12-23,2024-01-22,4778,4778.0,8.471986598578159,hc,12,23,3,1,1
APHC010017402020,"High Court, Andhra Pradesh",Andhra Pradesh,CRL_A,Criminal Appeal,2020-01-20,2024-06-29,1622,1622.0,7.392031567514591,hc,1,20,0,1,0
APHC010017402020,"High Court, Andhra Pradesh",Andhra Pradesh,CRL_A,Criminal Appeal,2020-01-20,2024-06-29,1622,1622.0,7.392031567514591,hc,1,20,0,1,0
APHC010365172007,"High Court, Andhra Pradesh",Andhra Pradesh,CRL_A,Criminal Appeal,2007-07-10,2024-01-22,6040,6040.0,8.706324840138741,hc,7,10,1,1,1
APHC010135602016,"High Court, Andhra Pradesh",Andhra Pradesh,CRL_A,Criminal Appeal,2016-06-22,2024-11-06,3059,3059.0,8.026170194946426,hc,6,22,2,1,1
APHC010203812021,"High Court, Andhra Pradesh",Andhra Pradesh,CRL_A,Criminal Appeal,2021-06-18,2024-05-10,1057,1057.0,6.964135612418245,hc,6,18,4,1,0
APHC010457392023,"High Court, Andhra Pradesh",Andhra Pradesh,CRL_A,Criminal Appeal,2023-09-06,2024-08-29,358,358.0,5.883322388488279,hc,9,6,2,1,0
APHC010457212016,"High Court, Andhra Pradesh",Andhra Pradesh,CRL_A,Criminal Appeal,2016-02-03,2024-07-08,3078,3078.0,8.0323601479245,hc,2,3,2,1,1
APHC010818822016,"High Court, Andhra Pradesh",Andhra Pradesh,CRL_A,Criminal Appeal,2016-09-26,2024-04-26,2769,2769.0,7.926602599181384,hc,9,26,0,1,1
APHC010745662016,"High Court, Andhra Pradesh",Andhra Pradesh,CRL_A,Criminal Appeal,2016-09-12,2024-08-29,2908,2908.0,7.975564658495202,hc,9,12,0,1,1
APHC010697152016,"High Court, Andhra Pradesh",Andhra Pradesh,CRL_A,Criminal Appeal,2016-08-27,2024-08-29,2924,2924.0,7.981049759665957,hc,8,27,5,1,1
APHC010888282016,"High Court, Andhra Pradesh",Andhra Pradesh,CRL_A,Criminal Appeal,2016-11-22,2024-07-23,2800,2800.0,7.937731775260109,hc,11,22,1,1,1
APHC010445952009,"High Court, Andhra Pradesh",Andhra Pradesh,CRL_A,Criminal Appeal,2009-10-14,2024-01-02,5193,5193.0,8.555259392222693,hc,10,14,2,1,1
APHC010457292023,"High Court, Andhra Pradesh",Andhra Pradesh,CRL_A,Criminal Appeal,2023-09-06,2024-08-29,358,358.0,5.883322388488279,hc,9,6,2,1,0
APHC010458032009,"High Court, Andhra Pradesh",Andhra Pradesh,CRL_A,Criminal Appeal,2008-11-18,2024-07-16,5719,5719.0,8.651724084373843,hc,11,18,1,1,1
APHC010478172016,"High Court, Andhra Pradesh",Andhra Pradesh,CRL_A,Criminal Appeal,2016-06-06,2024-04-26,2881,2881.0,7.966239776559467,hc,6,6,0,1,1
APHC010697312016,"High Court, Andhra Pradesh",Andhra Pradesh,CRL_A,Criminal Appeal,2016-09-27,2024-07-24,2857,2857.0,7.957877358489813,hc,9,27,1,1,1
APHC010753922016,"High Court, Andhra Pradesh",Andhra Pradesh,CRL_A,Criminal Appeal,2016-09-12,2024-07-20,2868,2868.0,7.9617188159813645,hc,9,12,0,1,1
APHC010621762016,"High Court, Andhra Pradesh",Andhra Pradesh,CRL_A,Criminal Appeal,2016-09-16,2024-05-07,2790,2790.0,7.934155233536322,hc,9,16,4,1,1
APHC010134882024,"High Court, Andhra Pradesh",Andhra Pradesh,CRL_A,Criminal Appeal,2024-03-15,2024-12-26,286,286.0,5.659482215759621,hc,3,15,4,0,0
APHC010111192016,"High Court, Andhra Pradesh",Andhra Pradesh,CRL_A,Criminal Appeal,2016-03-22,2024-03-14,2914,2914.0,7.977625098784593,hc,3,22,1,1,1
APHC010117252017,"High Court, Andhra Pradesh",Andhra Pradesh,CRL_A,Criminal Appeal,2017-07-03,2024-12-12,2719,2719.0,7.908387159290043,hc,7,3,0,1,1
APHC010149942016,"High Court, Andhra Pradesh",Andhra Pradesh,CRL_A,Criminal Appeal,2016-09-27,2024-07-12,2845,2845.0,7.953669778649798,hc,9,27,1,1,1
APHC010546912024,"High Court, Andhra Pradesh",Andhra Pradesh,CRL_A,Criminal Appeal,2024-12-02,2024-12-17,15,15.0,2.772588722239781,hc,12,2,0,0,0
APHC010390302023,"High Court, Andhra Pradesh",Andhra Pradesh,CRL_A,Criminal Appeal,2023-08-04,2024-09-26,419,419.0,6.040254711277414,hc,8,4,4,1,0
APHC010481912022,"High Court, Andhra Pradesh",Andhra Pradesh,CRL_A,Criminal Appeal,2022-09-09,2024-01-30,508,508.0,6.2324480165505225,hc,9,9,4,1,0
APHC010484802024,"High Court, Andhra Pradesh",Andhra Pradesh,CRL_A,Criminal Appeal,2024-10-29,2024-11-13,15,15.0,2.772588722239781,hc,10,29,1,0,0
APHC010488042009,"High Court, Andhra Pradesh",Andhra Pradesh,CRL_A,Criminal Appeal,2009-01-22,2024-07-30,5668,5668.0,8.642768014324304,hc,1,22,3,1,1
APHC010550662009,"High Court, Andhra Pradesh",Andhra Pradesh,CRL_A,Criminal Appeal,2009-11-03,2024-01-30,5201,5201.0,8.556798446008596,hc,11,3,1,1,1
APHC010062592009,"High Court, Andhra Pradesh",Andhra Pradesh,CRL_A,Criminal Appeal,2009-07-29,2024-01-02,5270,5270.0,8.569975376855206,hc,7,29,2,1,1
APHC010081202020,"High Court, Andhra Pradesh",Andhra Pradesh,CRL_A,Criminal Appeal,2020-02-24,2024-08-28,1647,1647.0,7.4073177104694174,hc,2,24,0,1,0
APHC010081202020,"High Court, Andhra Pradesh",Andhra Pradesh,CRL_A,Criminal Appeal,2020-02-24,2024-08-28,1647,1647.0,7.4073177104694174,hc,2,24,0,1,0
APHC010083992017,"High Court, Andhra Pradesh",Andhra Pradesh,CRL_A,Criminal Appeal,2017-04-12,2024-12-26,2815,2815.0,7.943072717277933,hc,4,12,2,1,1
APHC010097382023,"High Court, Andhra Pradesh",Andhra Pradesh,CRL_A,Criminal Appeal,2023-02-27,2024-10-23,604,604.0,6.405228458030842,hc,2,27,0,1,0
APHC010318072019,"High Court, Andhra Pradesh",Andhra Pradesh,CRL_A,Criminal Appeal,2019-09-25,2024-12-06,1899,1899.0,7.549609165154532,hc,9,25,2,1,1
APHC010256752009,"High Court, Andhra Pradesh",Andhra Pradesh,CRL_A,Criminal Appeal,2009-01-22,2024-07-30,5668,5668.0,8.642768014324304,hc,1,22,3,1,1
APHC010110792016,"High Court, Andhra Pradesh",Andhra Pradesh,CRL_A,Criminal Appeal,2016-04-18,2024-06-27,2992,2992.0,8.004031507852698,hc,4,18,0,1,1
APHC010343102009,"High Court, Andhra Pradesh",Andhra Pradesh,CRL_A,Criminal Appeal,2005-08-27,2024-08-06,6919,6561.850000000007,8.842171048611716,hc,8,27,5,1,1
APHC010096362016,"High Court, Andhra Pradesh",Andhra Pradesh,CRL_A,Criminal Appeal,2015-12-29,2024-05-01,3046,3046.0,8.021912778985708,hc,12,29,1,1,1
APHC010354982024,"High Court, Andhra Pradesh",Andhra Pradesh,CRL_A,Criminal Appeal,2024-08-13,2024-11-19,98,98.0,4.59511985013459,hc,8,13,1,0,0
APHC010292992021,"High Court, Andhra Pradesh",Andhra Pradesh,CRL_A,Criminal Appeal,2021-08-12,2024-05-10,1002,1002.0,6.910750787961936,hc,8,12,3,1,0
APHC010186592008,"High Court, Andhra Pradesh",Andhra Pradesh,CRL_A,Criminal Appeal,2008-05-01,2024-02-13,5766,5766.0,8.659907293615413,hc,5,1,3,1,1
APHC010112932008,"High Court, Andhra Pradesh",Andhra Pradesh,CRL_A,Criminal Appeal,2008-03-25,2024-08-07,5979,5979.0,8.696175846944678,hc,3,25,1,1,1
APHC010102482016,"High Court, Andhra Pradesh",Andhra Pradesh,CRL_A,Criminal Appeal,2016-06-20,2024-07-10,2942,2942.0,7.987184748233473,hc,6,20,0,1,1
APHC010144202016,"High Court, Andhra Pradesh",Andhra Pradesh,CRL_A,Criminal Appeal,2016-08-24,2024-06-27,2864,2864.0,7.96032362914884,hc,8,24,2,1,1
APHC010149362016,"High Court, Andhra Pradesh",Andhra Pradesh,CRL_A,Criminal Appeal,2016-08-29,2024-03-28,2768,2768.0,7.926241523170962,hc,8,29,0,1,1
APHC010169272008,"High Court, Andhra Pradesh",Andhra Pradesh,CRL_A,Criminal Appeal,2008-11-04,2024-01-23,5558,5558.0,8.62317351495347,hc,11,4,1,1,1
APHC010167702016,"High Court, Andhra Pradesh",Andhra Pradesh,CRL_A,Criminal Appeal,2016-01-07,2024-08-30,3158,3158.0,8.058010800802085,hc,1,7,3,1,1
APHC010553272016,"High Court, Andhra Pradesh",Andhra Pradesh,CRL_A,Criminal Appeal,2016-12-26,2024-08-05,2779,2779.0,7.930206206684683,hc,12,26,0,1,1
APHC010202162021,"High Court, Andhra Pradesh",Andhra Pradesh,CRL_A,Criminal Appeal,2021-06-17,2024-05-10,1058,1058.0,6.9650803456014065,hc,6,17,3,1,0
APHC010495962024,"High Court, Andhra Pradesh",Andhra Pradesh,CRL_A,Criminal Appeal,2024-11-06,2024-11-28,22,22.0,3.1354942159291497,hc,11,6,2,0,0
APHC010512232016,"High Court, Andhra Pradesh",Andhra Pradesh,CRL_A,Criminal Appeal,2016-04-07,2024-09-23,3091,3091.0,8.036573409707312,hc,4,7,3,1,1
APHC010202152021,"High Court, Andhra Pradesh",Andhra Pradesh,CRL_A,Criminal Appeal,2021-06-17,2024-05-10,1058,1058.0,6.9650803456014065,hc,6,17,3,1,0
APHC010202142021,"High Court, Andhra Pradesh",Andhra Pradesh,CRL_A,Criminal Appeal,2021-06-17,2024-05-10,1058,1058.0,6.9650803456014065,hc,6,17,3,1,0
APHC010161992015,"High Court, Andhra Pradesh",Andhra Pradesh,CRL_A,Criminal Appeal,2015-12-14,2024-03-04,3003,3003.0,8.007700012884026,hc,12,14,0,1,1
APHC010481432016,"High Court, Andhra Pradesh",Andhra Pradesh,CRL_A,Criminal Appeal,2016-07-18,2024-02-26,2779,2779.0,7.930206206684683,hc,7,18,0,1,1
APHC010006722024,"High Court, Andhra Pradesh",Andhra Pradesh,CRL_A,Criminal Appeal,2024-01-04,2024-09-24,264,264.0,5.579729825986222,hc,1,4,3,0,0
APHC010189652023,"High Court, Andhra Pradesh",Andhra Pradesh,CRL_A,Criminal Appeal,2023-04-18,2024-12-10,602,602.0,6.401917196727186,hc,4,18,1,1,0
APHC010170122024,"High Court, Andhra Pradesh",Andhra Pradesh,CRL_A,Criminal Appeal,2024-04-03,2024-08-29,148,148.0,5.003946305945459,hc,4,3,2,0,0
APHC010160542017,"High Court, Andhra Pradesh",Andhra Pradesh,CRL_A,Criminal Appeal,2017-03-22,2024-10-23,2772,2772.0,7.927685045615778,hc,3,22,2,1,1
APHC010163592020,"High Court, Andhra Pradesh",Andhra Pradesh,CRL_A,Criminal Appeal,2020-06-18,2024-04-26,1408,1408.0,7.25063551189868,hc,6,18,3,1,0
APHC010163592020,"High Court, Andhra Pradesh",Andhra Pradesh,CRL_A,Criminal Appeal,2020-06-18,2024-04-26,1408,1408.0,7.25063551189868,hc,6,18,3,1,0
APHC010007042024,"High Court, Andhra Pradesh",Andhra Pradesh,CRL_A,Criminal Appeal,2024-01-04,2024-08-29,238,238.0,5.476463551931511,hc,1,4,3,0,0
APHC010010902018,"High Court, Andhra Pradesh",Andhra Pradesh,CRL_A,Criminal Appeal,2018-01-03,2024-12-11,2534,2534.0,7.837948916025283,hc,1,3,2,1,1
APHC010174602024,"High Court, Andhra Pradesh",Andhra Pradesh,CRL_A,Criminal Appeal,2024-04-06,2024-07-04,89,89.0,4.499809670330265,hc,4,6,5,0,0
APHC010007012024,"High Court, Andhra Pradesh",Andhra Pradesh,CRL_A,Criminal Appeal,2024-01-04,2024-08-29,238,238.0,5.476463551931511,hc,1,4,3,0,0
APHC010010562015,"High Court, Andhra Pradesh",Andhra Pradesh,CRL_A,Criminal Appeal,2015-06-18,2024-07-08,3308,3308.0,8.104401307921613,hc,6,18,3,1,1
APHC010159092024,"High Court, Andhra Pradesh",Andhra Pradesh,CRL_A,Criminal Appeal,2024-03-28,2024-04-02,5,5.0,1.791759469228055,hc,3,28,3,0,0
APHC010184732017,"High Court, Andhra Pradesh",Andhra Pradesh,CRL_A,Criminal Appeal,2017-02-21,2024-06-24,2680,2680.0,7.893945138235959,hc,2,21,1,1,1
APHC010160962021,"High Court, Andhra Pradesh",Andhra Pradesh,CRL_A,Criminal Appeal,2021-04-20,2024-08-06,1204,1204.0,7.094234845924755,hc,4,20,1,1,0
APHC010151862016,"High Court, Andhra Pradesh",Andhra Pradesh,CRL_A,Criminal Appeal,2016-09-26,2024-05-07,2780,2780.0,7.930565854233965,hc,9,26,0,1,1
APHC010202182021,"High Court, Andhra Pradesh",Andhra Pradesh,CRL_A,Criminal Appeal,2021-06-17,2024-05-10,1058,1058.0,6.9650803456014065,hc,6,17,3,1,0
APHC010203642007,"High Court, Andhra Pradesh",Andhra Pradesh,CRL_A,Criminal Appeal,2007-12-18,2024-02-15,5903,5903.0,8.683385366280309,hc,12,18,1,1,1
APHC010161312015,"High Court, Andhra Pradesh",Andhra Pradesh,CRL_A,Criminal Appeal,2015-02-09,2024-07-05,3434,3434.0,8.14177220465645,hc,2,9,0,1,1
APHC010215572020,"High Court, Andhra Pradesh",Andhra Pradesh,CRL_A,Criminal Appeal,2020-08-17,2024-11-20,1556,1556.0,7.350516171833998,hc,8,17,0,1,0
APHC010215572020,"High Court, Andhra Pradesh",Andhra Pradesh,CRL_A,Criminal Appeal,2020-08-17,2024-11-20,1556,1556.0,7.350516171833998,hc,8,17,0,1,0
APHC010238192017,"High Court, Andhra Pradesh",Andhra Pradesh,CRL_A,Criminal Appeal,2017-04-13,2024-12-30,2818,2818.0,7.9441374911141125,hc,4,13,3,1,1
APHC010027952017,"High Court, Andhra Pradesh",Andhra Pradesh,CRL_A,Criminal Appeal,2017-01-17,2024-10-16,2829,2829.0,7.948031990637284,hc,1,17,1,1,1
APHC010043792020,"High Court, Andhra Pradesh",Andhra Pradesh,CRL_A,Criminal Appeal,2020-02-03,2024-03-06,1493,1493.0,7.309212365692763,hc,2,3,0,1,0
APHC010043792020,"High Court, Andhra Pradesh",Andhra Pradesh,CRL_A,Criminal Appeal,2020-02-03,2024-03-06,1493,1493.0,7.309212365692763,hc,2,3,0,1,0
APHC010028032017,"High Court, Andhra Pradesh",Andhra Pradesh,CRL_A,Criminal Appeal,2017-03-08,2024-03-15,2564,2564.0,7.84971375760487,hc,3,8,2,1,1
APHC010053412008,"High Court, Andhra Pradesh",Andhra Pradesh,CRL_A,Criminal Appeal,2007-10-05,2024-03-05,5996,5996.0,8.69901462316851,hc,10,5,4,1,1
APHC010230812016,"High Court, Andhra Pradesh",Andhra Pradesh,CRL_A,Criminal Appeal,2016-12-19,2024-04-30,2689,2689.0,7.897296472595885,hc,12,19,0,1,1
APHC010011712008,"High Court, Andhra Pradesh",Andhra Pradesh,MACA,Motor Accident Claims Appeal,2006-11-18,2024-03-16,6328,6328.0,8.752897524775305,hc,11,18,5,1,1
APHC010096662008,"High Court, Andhra Pradesh",Andhra Pradesh,MACA,Motor Accident Claims Appeal,2008-07-10,2024-09-14,5910,5910.0,8.684570300824369,hc,7,10,3,1,1
APHC010121942009,"High Court, Andhra Pradesh",Andhra Pradesh,MACA,Motor Accident Claims Appeal,2009-08-24,2024-12-14,5591,5591.0,8.629092283913646,hc,8,24,0,1,1
APHC010122042008,"High Court, Andhra Pradesh",Andhra Pradesh,MACA,Motor Accident Claims Appeal,2006-04-26,2024-09-14,6716,6561.850000000007,8.812396905266864,hc,4,26,2,1,1
APHC010103322017,"High Court, Andhra Pradesh",Andhra Pradesh,MACA,Motor Accident Claims Appeal,2017-09-21,2024-12-05,2632,2632.0,7.87587915949631,hc,9,21,3,1,1
APHC010381422007,"High Court, Andhra Pradesh",Andhra Pradesh,MACA,Motor Accident Claims Appeal,2007-01-17,2024-03-16,6268,6268.0,8.743372131273969,hc,1,17,2,1,1
APHC010029812006,"High Court, Andhra Pradesh",Andhra Pradesh,MACA,Motor Accident Claims Appeal,2005-10-31,2024-09-11,6890,6561.850000000007,8.837971491357209,hc,10,31,0,1,1
APHC010107252016,"High Court, Andhra Pradesh",Andhra Pradesh,MACA,Motor Accident Claims Appeal,2016-09-06,2024-06-24,2848,2848.0,7.954723334497908,hc,9,6,1,1,1
APHC010284542007,"High Court, Andhra Pradesh",Andhra Pradesh,MACA,Motor Accident Claims Appeal,2007-03-16,2024-07-15,6331,6331.0,8.753371421000903,hc,3,16,4,1,1
APHC010284502008,"High Court, Andhra Pradesh",Andhra Pradesh,MACA,Motor Accident Claims Appeal,1998-02-09,2024-06-29,9637,6561.850000000007,9.173468897200278,hc,2,9,0,1,1
APHC010262392010,"High Court, Andhra Pradesh",Andhra Pradesh,MACA,Motor Accident Claims Appeal,2010-12-08,2024-06-29,4952,4952.0,8.507748732588238,hc,12,8,2,1,1
APHC010321882009,"High Court, Andhra Pradesh",Andhra Pradesh,MACA,Motor Accident Claims Appeal,2008-09-30,2024-09-14,5828,5828.0,8.67060073804555,hc,9,30,1,1,1
APHC010433182019,"High Court, Andhra Pradesh",Andhra Pradesh,MACA,Motor Accident Claims Appeal,2019-12-19,2024-12-31,1839,1839.0,7.517520850603031,hc,12,19,3,1,1
APHC010023352012,"High Court, Andhra Pradesh",Andhra Pradesh,MACA,Motor Accident Claims Appeal,2011-04-29,2024-02-06,4666,4666.0,8.448271745949816,hc,4,29,4,1,1
APHC010024512016,"High Court, Andhra Pradesh",Andhra Pradesh,MACA,Motor Accident Claims Appeal,2011-12-23,2024-10-28,4693,4693.0,8.454040376410969,hc,12,23,4,1,1
APHC010021052012,"High Court, Andhra Pradesh",Andhra Pradesh,MACA,Motor Accident Claims Appeal,2010-02-05,2024-09-14,5335,5335.0,8.58223158759546,hc,2,5,4,1,1
APHC010021052017,"High Court, Andhra Pradesh",Andhra Pradesh,MACA,Motor Accident Claims Appeal,2017-04-06,2024-12-14,2809,2809.0,7.940939762327791,hc,4,6,3,1,1
APHC010015502017,"High Court, Andhra Pradesh",Andhra Pradesh,MACA,Motor Accident Claims Appeal,2017-04-17,2024-12-14,2798,2798.0,7.937017489515453,hc,4,17,0,1,1
APHC010490162012,"High Court, Andhra Pradesh",Andhra Pradesh,MACA,Motor Accident Claims Appeal,2011-07-26,2024-02-16,4588,4588.0,8.431417414394833,hc,7,26,1,1,1
APHC010509452012,"High Court, Andhra Pradesh",Andhra Pradesh,MACA,Motor Accident Claims Appeal,2006-01-06,2024-06-25,6745,6561.850000000007,8.816705015621595,hc,1,6,4,1,1
APHC010598512012,"High Court, Andhra Pradesh",Andhra Pradesh,MACA,Motor Accident Claims Appeal,2007-11-13,2024-01-05,5897,5897.0,8.682368589375221,hc,11,13,1,1,1
APHC010504662016,"High Court, Andhra Pradesh",Andhra Pradesh,MACA,Motor Accident Claims Appeal,2015-09-29,2024-08-14,3242,3242.0,8.084254106307318,hc,9,29,1,1,1
APHC010593112012,"High Court, Andhra Pradesh",Andhra Pradesh,MACA,Motor Accident Claims Appeal,2012-03-30,2024-06-29,4474,4474.0,8.406261630708956,hc,3,30,4,1,1
APHC010598782012,"High Court, Andhra Pradesh",Andhra Pradesh,MACA,Motor Accident Claims Appeal,2012-08-03,2024-01-03,4170,4170.0,8.335911094196945,hc,8,3,4,1,1
APHC010261742007,"High Court, Andhra Pradesh",Andhra Pradesh,MACA,Motor Accident Claims Appeal,2007-03-28,2024-06-29,6303,6303.0,8.748939631537715,hc,3,28,2,1,1
APHC010280452017,"High Court, Andhra Pradesh",Andhra Pradesh,MACA,Motor Accident Claims Appeal,2017-02-10,2024-03-16,2591,2591.0,7.860185057472165,hc,2,10,4,1,1
APHC010290732016,"High Court, Andhra Pradesh",Andhra Pradesh,MACA,Motor Accident Claims Appeal,2015-12-26,2024-11-14,3246,3246.0,8.085486772102845,hc,12,26,5,1,1
APHC010347172020,"High Court, Andhra Pradesh",Andhra Pradesh,MACA,Motor Accident Claims Appeal,2020-12-04,2024-08-20,1355,1355.0,7.212294468500341,hc,12,4,4,1,0
APHC010347172020,"High Court, Andhra Pradesh",Andhra Pradesh,MACA,Motor Accident Claims Appeal,2020-12-04,2024-08-20,1355,1355.0,7.212294468500341,hc,12,4,4,1,0
APHC010309012019,"High Court, Andhra Pradesh",Andhra Pradesh,MACA,Motor Accident Claims Appeal,2019-09-20,2024-03-16,1639,1639.0,7.402451520818244,hc,9,20,4,1,1
APHC010310292024,"High Court, Andhra Pradesh",Andhra Pradesh,MACA,Motor Accident Claims Appeal,2024-07-19,2024-09-14,57,57.0,4.060443010546419,hc,7,19,4,0,0
APHC010310312024,"High Court, Andhra Pradesh",Andhra Pradesh,MACA,Motor Accident Claims Appeal,2024-07-19,2024-09-14,57,57.0,4.060443010546419,hc,7,19,4,0,0
APHC010312182020,"High Court, Andhra Pradesh",Andhra Pradesh,MACA,Motor Accident Claims Appeal,2020-11-05,2024-08-20,1384,1384.0,7.233455418621439,hc,11,5,3,1,0
APHC010312182020,"High Court, Andhra Pradesh",Andhra Pradesh,MACA,Motor Accident Claims Appeal,2020-11-05,2024-08-20,1384,1384.0,7.233455418621439,hc,11,5,3,1,0
APHC010290172019,"High Court, Andhra Pradesh",Andhra Pradesh,MACA,Motor Accident Claims Appeal,2019-09-09,2024-12-14,1923,1923.0,7.562161631225652,hc,9,9,0,1,1
APHC010309862020,"High Court, Andhra Pradesh",Andhra Pradesh,MACA,Motor Accident Claims Appeal,2020-11-04,2024-08-20,1385,1385.0,7.234177179749849,hc,11,4,2,1,0
APHC010309862020,"High Court, Andhra Pradesh",Andhra Pradesh,MACA,Motor Accident Claims Appeal,2020-11-04,2024-08-20,1385,1385.0,7.234177179749849,hc,11,4,2,1,0
APHC010343922019,"High Court, Andhra Pradesh",Andhra Pradesh,MACA,Motor Accident Claims Appeal,2019-10-18,2024-09-26,1805,1805.0,7.498869733976931,hc,10,18,4,1,1
APHC010343912019,"High Court, Andhra Pradesh",Andhra Pradesh,MACA,Motor Accident Claims Appeal,2019-10-18,2024-09-26,1805,1805.0,7.498869733976931,hc,10,18,4,1,1
APHC010377062023,"High Court, Andhra Pradesh",Andhra Pradesh,MACA,Motor Accident Claims Appeal,2023-07-31,2024-06-29,334,334.0,5.814130531825066,hc,7,31,0,1,0
APHC010373282007,"High Court, Andhra Pradesh",Andhra Pradesh,MACA,Motor Accident Claims Appeal,2007-11-14,2024-12-14,6240,6240.0,8.738895704934043,hc,11,14,2,1,1
APHC010381022007,"High Court, Andhra Pradesh",Andhra Pradesh,MACA,Motor Accident Claims Appeal,2007-03-01,2024-06-29,6330,6330.0,8.753213480544126,hc,3,1,3,1,1
APHC010120282009,"High Court, Andhra Pradesh",Andhra Pradesh,MACA,Motor Accident Claims Appeal,2008-09-19,2024-12-14,5930,5930.0,8.687948111838727,hc,9,19,4,1,1
APHC010153022016,"High Court, Andhra Pradesh",Andhra Pradesh,MACA,Motor Accident Claims Appeal,2016-09-06,2024-05-06,2799,2799.0,7.937374696163295,hc,9,6,1,1,1
APHC010151952023,"High Court, Andhra Pradesh",Andhra Pradesh,MACA,Motor Accident Claims Appeal,2023-03-27,2024-06-29,460,460.0,6.133398042996649,hc,3,27,0,1,0
APHC010006062017,"High Court, Andhra Pradesh",Andhra Pradesh,MACA,Motor Accident Claims Appeal,2017-09-12,2024-10-28,2603,2603.0,7.86480400332846,hc,9,12,1,1,1
APHC010008792009,"High Court, Andhra Pradesh",Andhra Pradesh,MACA,Motor Accident Claims Appeal,2008-07-30,2024-09-14,5890,5890.0,8.681181041521688,hc,7,30,2,1,1
APHC010013702017,"High Court, Andhra Pradesh",Andhra Pradesh,MACA,Motor Accident Claims Appeal,2017-09-11,2024-09-14,2560,2560.0,7.848153086199526,hc,9,11,0,1,1
APHC010019092013,"High Court, Andhra Pradesh",Andhra Pradesh,MACA,Motor Accident Claims Appeal,2009-06-11,2024-10-04,5594,5594.0,8.629628620746026,hc,6,11,3,1,1
APHC010032202019,"High Court, Andhra Pradesh",Andhra Pradesh,MACA,Motor Accident Claims Appeal,2019-02-11,2024-12-14,2133,2133.0,7.665753431861699,hc,2,11,0,1,1
APHC010013722009,"High Court, Andhra Pradesh",Andhra Pradesh,MACA,Motor Accident Claims Appeal,2009-02-02,2024-12-14,5794,5794.0,8.664750755773852,hc,2,2,0,1,1
APHC010002492012,"High Court, Andhra Pradesh",Andhra Pradesh,MACA,Motor Accident Claims Appeal,2006-12-29,2024-01-03,6214,6214.0,8.734721003944811,hc,12,29,4,1,1
APHC010017832008,"High Court, Andhra Pradesh",Andhra Pradesh,MACA,Motor Accident Claims Appeal,2007-11-07,2024-07-10,6090,6090.0,8.714567550836485,hc,11,7,2,1,1
APHC010034622016,"High Court, Andhra Pradesh",Andhra Pradesh,MACA,Motor Accident Claims Appeal,2016-06-01,2024-01-30,2799,2799.0,7.937374696163295,hc,6,1,2,1,1
APHC010027852013,"High Court, Andhra Pradesh",Andhra Pradesh,MACA,Motor Accident Claims Appeal,2013-02-25,2024-02-15,4007,4007.0,8.2960476427647,hc,2,25,0,1,1
APHC010028062016,"High Court, Andhra Pradesh",Andhra Pradesh,MACA,Motor Accident Claims Appeal,2016-04-18,2024-05-10,2944,2944.0,7.987864096085687,hc,4,18,0,1,1
APHC010056122016,"High Court, Andhra Pradesh",Andhra Pradesh,MACA,Motor Accident Claims Appeal,2013-04-29,2024-03-14,3972,3972.0,8.287276755814599,hc,4,29,0,1,1
APHC010038712012,"High Court, Andhra Pradesh",Andhra Pradesh,MACA,Motor Accident Claims Appeal,2006-09-15,2024-12-14,6665,6561.850000000007,8.804775258867686,hc,9,15,4,1,1
APHC010051992010,"High Court, Andhra Pradesh",Andhra Pradesh,MACA,Motor Accident Claims Appeal,2010-03-23,2024-12-14,5380,5380.0,8.59062950948942,hc,3,23,1,1,1
APHC010104942022,"High Court, Andhra Pradesh",Andhra Pradesh,MACA,Motor Accident Claims Appeal,2022-03-08,2024-06-29,844,844.0,6.739336627357174,hc,3,8,1,1,0
APHC010120562021,"High Court, Andhra Pradesh",Andhra Pradesh,MACA,Motor Accident Claims Appeal,2021-03-20,2024-03-16,1092,1092.0,6.996681488176539,hc,3,20,5,1,0
APHC010114102006,"High Court, Andhra Pradesh",Andhra Pradesh,MACA,Motor Accident Claims Appeal,2006-06-07,2024-06-29,6597,6561.850000000007,8.794521851788527,hc,6,7,2,1,1
APHC010058822021,"High Court, Andhra Pradesh",Andhra Pradesh,MACA,Motor Accident Claims Appeal,2021-02-11,2024-03-18,1131,1131.0,7.0317412587631285,hc,2,11,3,1,0
APHC010087132016,"High Court, Andhra Pradesh",Andhra Pradesh,MACA,Motor Accident Claims Appeal,2016-08-24,2024-05-07,2813,2813.0,7.942362237674335,hc,8,24,2,1,1
APHC010086022019,"High Court, Andhra Pradesh",Andhra Pradesh,MACA,Motor Accident Claims Appeal,2019-03-19,2024-06-29,1929,1929.0,7.5652752818989315,hc,3,19,1,1,1
APHC010374982012,"High Court, Andhra Pradesh",Andhra Pradesh,MACA,Motor Accident Claims Appeal,2012-10-16,2024-02-07,4131,4131.0,8.326516830239528,hc,10,16,1,1,1
APHC010127102023,"High Court, Andhra Pradesh",Andhra Pradesh,MACA,Motor Accident Claims Appeal,2023-03-15,2024-12-27,653,653.0,6.483107351457199,hc,3,15,2,1,0
APHC010156102019,"High Court, Andhra Pradesh",Andhra Pradesh,MACA,Motor Accident Claims Appeal,2019-06-01,2024-03-16,1750,1750.0,7.467942332285852,hc,6,1,5,1,1
APHC010826632016,"High Court, Andhra Pradesh",Andhra Pradesh,MACA,Motor Accident Claims Appeal,2016-01-05,2024-08-06,3136,3136.0,8.051022208190679,hc,1,5,1,1,1
APHC010194472016,"High Court, Andhra Pradesh",Andhra Pradesh,MACA,Motor Accident Claims Appeal,2016-12-22,2024-05-10,2696,2696.0,7.89989532313973,hc,12,22,3,1,1
APHC010183292016,"High Court, Andhra Pradesh",Andhra Pradesh,MACA,Motor Accident Claims Appeal,2016-03-31,2024-02-01,2863,2863.0,7.9599745280805365,hc,3,31,3,1,1
APHC010163882008,"High Court, Andhra Pradesh",Andhra Pradesh,MACA,Motor Accident Claims Appeal,2008-03-25,2024-09-14,6017,6017.0,8.70251025718999,hc,3,25,1,1,1
APHC010181822019,"High Court, Andhra Pradesh",Andhra Pradesh,MACA,Motor Accident Claims Appeal,2019-06-24,2024-12-14,2000,2000.0,7.601402334583733,hc,6,24,0,1,1
APHC010407922007,"High Court, Andhra Pradesh",Andhra Pradesh,MACA,Motor Accident Claims Appeal,2007-07-12,2024-06-29,6197,6197.0,8.731981938347694,hc,7,12,3,1,1
APHC010387342007,"High Court, Andhra Pradesh",Andhra Pradesh,MACA,Motor Accident Claims Appeal,2007-02-28,2024-09-14,6408,6408.0,8.765458531504226,hc,2,28,2,1,1
APHC010442122022,"High Court, Andhra Pradesh",Andhra Pradesh,MACA,Motor Accident Claims Appeal,2022-08-24,2024-03-16,570,570.0,6.3473892096560105,hc,8,24,2,1,0
APHC010449172024,"High Court, Andhra Pradesh",Andhra Pradesh,MACA,Motor Accident Claims Appeal,2024-10-04,2024-10-25,21,21.0,3.091042453358316,hc,10,4,4,0,0
APHC010449162024,"High Court, Andhra Pradesh",Andhra Pradesh,MACA,Motor Accident Claims Appeal,2024-10-04,2024-12-12,69,69.0,4.248495242049359,hc,10,4,4,0,0
APHC010546322012,"High Court, Andhra Pradesh",Andhra Pradesh,MACA,Motor Accident Claims Appeal,2008-10-18,2024-12-14,5901,5901.0,8.683046555502886,hc,10,18,5,1,1
APHC010564282012,"High Court, Andhra Pradesh",Andhra Pradesh,MACA,Motor Accident Claims Appeal,2009-04-29,2024-01-03,5362,5362.0,8.587278798982926,hc,4,29,2,1,1
APHC010404202019,"High Court, Andhra Pradesh",Andhra Pradesh,MACA,Motor Accident Claims Appeal,2019-11-29,2024-03-18,1571,1571.0,7.360103972989152,hc,11,29,4,1,1
APHC010825072016,"High Court, Andhra Pradesh",Andhra Pradesh,MACA,Motor Accident Claims Appeal,2016-02-09,2024-12-14,3231,3231.0,8.080856419640986,hc,2,9,1,1,1
APHC010862022016,"High Court, Andhra Pradesh",Andhra Pradesh,MACA,Motor Accident Claims Appeal,2016-03-02,2024-05-02,2983,2983.0,8.001019961323651,hc,3,2,2,1,1
APHC010861282016,"High Court, Andhra Pradesh",Andhra Pradesh,MACA,Motor Accident Claims Appeal,2016-01-27,2024-04-03,2989,2989.0,8.003028666384733,hc,1,27,2,1,1
APHC010861422016,"High Court, Andhra Pradesh",Andhra Pradesh,MACA,Motor Accident Claims Appeal,2012-11-06,2024-08-02,4287,4287.0,8.363575702750637,hc,11,6,1,1,1
APHC010859622016,"High Court, Andhra Pradesh",Andhra Pradesh,MACA,Motor Accident Claims Appeal,2013-09-02,2024-03-16,3848,3848.0,8.255568653283746,hc,9,2,0,1,1
APHC010858382016,"High Court, Andhra Pradesh",Andhra Pradesh,MACA,Motor Accident Claims Appeal,2012-08-13,2024-03-14,4231,4231.0,8.350429973538136,hc,8,13,0,1,1
APHC010858502016,"High Court, Andhra Pradesh",Andhra Pradesh,MACA,Motor Accident Claims Appeal,2016-03-23,2024-04-29,2959,2959.0,7.992944547318106,hc,3,23,2,1,1
APHC010855082016,"High Court, Andhra Pradesh",Andhra Pradesh,MACA,Motor Accident Claims Appeal,2014-02-20,2024-08-12,3826,3826.0,8.249836485425702,hc,2,20,3,1,1
APHC010863022016,"High Court, Andhra Pradesh",Andhra Pradesh,MACA,Motor Accident Claims Appeal,2012-03-28,2024-01-29,4324,4324.0,8.37216741936598,hc,3,28,2,1,1
APHC010887892016,"High Court, Andhra Pradesh",Andhra Pradesh,MACA,Motor Accident Claims Appeal,2016-07-02,2024-10-21,3033,3033.0,8.017637159908478,hc,7,2,5,1,1
APHC010651012016,"High Court, Andhra Pradesh",Andhra Pradesh,MACA,Motor Accident Claims Appeal,2016-01-25,2024-03-21,2978,2978.0,7.999342952713282,hc,1,25,0,1,1
APHC010886632016,"High Court, Andhra Pradesh",Andhra Pradesh,MACA,Motor Accident Claims Appeal,2016-09-16,2024-08-20,2895,2895.0,7.971085753505607,hc,9,16,4,1,1
APHC010399302023,"High Court, Andhra Pradesh",Andhra Pradesh,MACA,Motor Accident Claims Appeal,2023-08-08,2024-03-06,211,211.0,5.356586274672012,hc,8,8,1,1,0
APHC010417752016,"High Court, Andhra Pradesh",Andhra Pradesh,MACA,Motor Accident Claims Appeal,2012-11-16,2024-04-19,4172,4172.0,8.336390480591552,hc,11,16,4,1,1
APHC010488512016,"High Court, Andhra Pradesh",Andhra Pradesh,MACA,Motor Accident Claims Appeal,2016-06-08,2024-06-29,2943,2943.0,7.987524479848767,hc,6,8,2,1,1
APHC010480892016,"High Court, Andhra Pradesh",Andhra Pradesh,MACA,Motor Accident Claims Appeal,2016-03-22,2024-03-19,2919,2919.0,7.979338895262328,hc,3,22,1,1,1
APHC010524272016,"High Court, Andhra Pradesh",Andhra Pradesh,MACA,Motor Accident Claims Appeal,2009-06-01,2024-12-16,5677,5677.0,8.644354337032917,hc,6,1,0,1,1
APHC010559642012,"High Court, Andhra Pradesh",Andhra Pradesh,MACA,Motor Accident Claims Appeal,2011-08-26,2024-01-02,4512,4512.0,8.414717399827001,hc,8,26,4,1,1
APHC010654142012,"High Court, Andhra Pradesh",Andhra Pradesh,MACA,Motor Accident Claims Appeal,2006-03-03,2024-01-03,6515,6515.0,8.782015969721936,hc,3,3,4,1,1
APHC010673072016,"High Court, Andhra Pradesh",Andhra Pradesh,MACA,Motor Accident Claims Appeal,2015-10-06,2024-02-14,3053,3053.0,8.024207485778577,hc,10,6,1,1,1
APHC010618142012,"High Court, Andhra Pradesh",Andhra Pradesh,MACA,Motor Accident Claims Appeal,2012-02-03,2024-03-16,4425,4425.0,8.395251520610994,hc,2,3,4,1,1
APHC010691342012,"High Court, Andhra Pradesh",Andhra Pradesh,MACA,Motor Accident Claims Appeal,2006-07-19,2024-01-05,6379,6379.0,8.760923376338836,hc,7,19,2,1,1
UPGZ050018042020,Civil Judge Senior Division,Uttar Pradesh,CS,Civil Suit,2020-01-29,2024-06-15,1599,1599.0,7.3777589082278725,district,1,29,2,1,0
UPGZ050018042020,Civil Judge Senior Division,Uttar Pradesh,CS,Civil Suit,2020-01-29,2024-06-15,1599,1599.0,7.3777589082278725,district,1,29,2,1,0
UPGZ050026942020,Civil Judge Senior Division,Uttar Pradesh,CS,Civil Suit,2020-07-17,2023-03-02,958,958.0,6.8658910748834385,district,7,17,4,1,0
UPGZ050018012020,Civil Judge Senior Division,Uttar Pradesh,CS,Civil Suit,2020-01-29,2022-05-17,839,839.0,6.733401891837359,district,1,29,2,1,0
UPGZ050026982020,Civil Judge Senior Division,Uttar Pradesh,CS,Civil Suit,2020-07-20,2023-02-28,953,953.0,6.860663671448287,district,7,20,0,1,0
UPGZ050026972020,Civil Judge Senior Division,Uttar Pradesh,CS,Civil Suit,2020-07-17,2024-02-27,1320,1320.0,7.186144304522325,district,7,17,4,1,0
UPGZ050026972020,Civil Judge Senior Division,Uttar Pradesh,CS,Civil Suit,2020-07-17,2024-02-27,1320,1320.0,7.186144304522325,district,7,17,4,1,0
UPGZ050027002020,Civil Judge Senior Division,Uttar Pradesh,CS,Civil Suit,2020-07-20,2024-06-19,1430,1430.0,7.266128779556451,district,7,20,0,1,0
UPGZ050027002020,Civil Judge Senior Division,Uttar Pradesh,CS,Civil Suit,2020-07-20,2024-06-19,1430,1430.0,7.266128779556451,district,7,20,0,1,0
UPGZ050026992020,Civil Judge Senior Division,Uttar Pradesh,CS,Civil Suit,2020-07-20,2024-06-19,1430,1430.0,7.266128779556451,district,7,20,0,1,0
UPGZ050026992020,Civil Judge Senior Division,Uttar Pradesh,CS,Civil Suit,2020-07-20,2024-06-19,1430,1430.0,7.266128779556451,district,7,20,0,1,0
UPGZ060005912020,Civil Judge Junior Division,Uttar Pradesh,CS,Civil Suit,2020-09-28,2023-10-30,1127,1127.0,7.028201432058005,district,9,28,0,1,0
UPGZ060002752020,Civil Judge Junior Division,Uttar Pradesh,CS,Civil Suit,2020-07-01,2023-12-11,1258,1258.0,7.138073034044347,district,7,1,2,1,0
UPMH060001522020,Civil Judge Junior Division,Uttar Pradesh,CS,Civil Suit,2020-02-12,2021-10-08,604,604.0,6.405228458030842,district,2,12,2,1,0
UPMH060002952020,Civil Judge Junior Division,Uttar Pradesh,CS,Civil Suit,2020-03-19,2025-05-07,1875,1875.0,7.53689712956617,district,3,19,3,1,0
UPMH060002942020,Civil Judge Junior Division,Uttar Pradesh,CS,Civil Suit,2020-03-19,2021-10-05,565,565.0,6.338594078203183,district,3,19,3,1,0
UPMH060002932020,Civil Judge Junior Division,Uttar Pradesh,CS,Civil Suit,2020-03-19,2024-07-04,1568,1568.0,7.358193752733032,district,3,19,3,1,0
UPMH060002932020,Civil Judge Junior Division,Uttar Pradesh,CS,Civil Suit,2020-03-19,2024-07-04,1568,1568.0,7.358193752733032,district,3,19,3,1,0
UPMH060002922020,Civil Judge Junior Division,Uttar Pradesh,CS,Civil Suit,2020-03-18,2021-07-10,479,479.0,6.173786103901937,district,3,18,2,1,0
UPMH060002962020,Civil Judge Junior Division,Uttar Pradesh,CS,Civil Suit,2020-03-19,2021-11-30,621,621.0,6.432940092739179,district,3,19,3,1,0
UPSI060000872020,civil judge junior division,Uttar Pradesh,CS,Civil Suit,2020-01-24,2022-03-11,777,777.0,6.656726524178391,district,1,24,4,1,0
UPSI060000882020,civil judge junior division,Uttar Pradesh,CS,Civil Suit,2020-01-24,2021-02-17,390,390.0,5.968707559985366,district,1,24,4,1,0
UPSI060004362020,civil judge junior division,Uttar Pradesh,CS,Civil Suit,2020-07-24,2022-03-15,599,599.0,6.396929655216146,district,7,24,4,1,0
UPBN240009052020,Civil Judge Junior Division Sahaswan,Uttar Pradesh,CS,Civil Suit,2020-05-30,2022-11-22,906,906.0,6.810142450115136,district,5,30,5,1,0
UPBN240009062020,Civil Judge Junior Division Sahaswan,Uttar Pradesh,CS,Civil Suit,2020-05-30,2023-03-03,1007,1007.0,6.915723448631314,district,5,30,5,1,0
UPSD120002272020,Civil Judge Junior Division Bansi,Uttar Pradesh,CS,Civil Suit,2020-07-17,2024-01-19,1281,1281.0,7.156176637480615,district,7,17,4,1,0
UPSD120002272020,Civil Judge Junior Division Bansi,Uttar Pradesh,CS,Civil Suit,2020-07-17,2024-01-19,1281,1281.0,7.156176637480615,district,7,17,4,1,0
UPSD180010072020,ocdumcjjd/jm,Uttar Pradesh,CS,Civil Suit,2020-12-04,2024-09-21,1387,1387.0,7.23561914106675,district,12,4,4,1,0
UPSD180010072020,ocdumcjjd/jm,Uttar Pradesh,CS,Civil Suit,2020-12-04,2024-09-21,1387,1387.0,7.23561914106675,district,12,4,4,1,0
UPAU050001372020,Civil Judge Senior Division,Uttar Pradesh,CS,Civil Suit,2020-07-29,2024-03-09,1319,1319.0,7.1853870155804165,district,7,29,2,1,0
UPAU050001372020,Civil Judge Senior Division,Uttar Pradesh,CS,Civil Suit,2020-07-29,2024-03-09,1319,1319.0,7.1853870155804165,district,7,29,2,1,0
UPAU050001362020,Civil Judge Senior Division,Uttar Pradesh,CS,Civil Suit,2020-07-29,2023-10-17,1175,1175.0,7.069874128458572,district,7,29,2,1,0
UPAU060003242020,Civil Judge Junior Division,Uttar Pradesh,CS,Civil Suit,2020-09-08,2024-02-14,1254,1254.0,7.134890851565884,district,9,8,1,1,0
UPAU060003242020,Civil Judge Junior Division,Uttar Pradesh,CS,Civil Suit,2020-09-08,2024-02-14,1254,1254.0,7.134890851565884,district,9,8,1,1,0
UPAU060003252020,Civil Judge Junior Division,Uttar Pradesh,CS,Civil Suit,2020-09-08,2023-05-15,979,979.0,6.887552571664617,district,9,8,1,1,0
UPAU060003282020,Civil Judge Junior Division,Uttar Pradesh,CS,Civil Suit,2020-09-08,2022-04-21,590,590.0,6.3818160174060985,district,9,8,1,1,0
UPAU050001352020,Civil Judge Senior Division,Uttar Pradesh,CS,Civil Suit,2020-07-28,2025-04-17,1724,1724.0,7.45298232946546,district,7,28,1,1,0
UPAU060003292020,Civil Judge Junior Division,Uttar Pradesh,CS,Civil Suit,2020-09-08,2024-08-06,1428,1428.0,7.264730177929867,district,9,8,1,1,0
UPAU060003292020,Civil Judge Junior Division,Uttar Pradesh,CS,Civil Suit,2020-09-08,2024-08-06,1428,1428.0,7.264730177929867,district,9,8,1,1,0
UPAU060003262020,Civil Judge Junior Division,Uttar Pradesh,CS,Civil Suit,2020-09-08,2025-05-31,1726,1726.0,7.454141078146678,district,9,8,1,1,0
UPGK050002022020,Civil Judge Senior Division,Uttar Pradesh,CS,Civil Suit,2020-02-20,2024-03-19,1489,1489.0,7.306531398939505,district,2,20,3,1,0
UPGK050002022020,Civil Judge Senior Division,Uttar Pradesh,CS,Civil Suit,2020-02-20,2024-03-19,1489,1489.0,7.306531398939505,district,2,20,3,1,0
UPAG030000492020,Judge Small Cause Court,Uttar Pradesh,CS,Civil Suit,2020-02-26,2020-07-16,141,141.0,4.955827057601261,district,2,26,2,1,0
UPAG030000552020,Judge Small Cause Court,Uttar Pradesh,CS,Civil Suit,2020-03-05,2020-07-22,139,139.0,4.941642422609304,district,3,5,3,1,0
UPMH050006932020,Civil Judge Senior Division,Uttar Pradesh,CS,Civil Suit,2020-12-21,2025-08-19,1702,1702.0,7.440146680662688,district,12,21,0,1,0
UPBB050006552020,"Civil Judge, Senior Division",Uttar Pradesh,CS,Civil Suit,2020-10-17,2025-07-23,1740,1740.0,7.462214939768189,district,10,17,5,1,0
UPHR060001072020,Civil Judge Junior Division,Uttar Pradesh,CS,Civil Suit,2020-01-23,2025-07-01,1986,1986.0,7.594381242551817,district,1,23,3,1,0
UPHR060002222020,Civil Judge Junior Division,Uttar Pradesh,CS,Civil Suit,2020-02-05,2025-07-01,1973,1973.0,7.587817219993427,district,2,5,2,1,0
UPHR060002232020,Civil Judge Junior Division,Uttar Pradesh,CS,Civil Suit,2020-02-05,2022-11-02,1001,1001.0,6.90975328164481,district,2,5,2,1,0
UPHR060005632020,Civil Judge Junior Division,Uttar Pradesh,CS,Civil Suit,2020-05-30,2022-05-27,727,727.0,6.590301048196686,district,5,30,5,1,0
UPRN050005772020,Civil Judge (Senior Division),Uttar Pradesh,CS,Civil Suit,2020-10-15,2021-10-08,358,358.0,5.883322388488279,district,10,15,3,1,0
UPRN050005802020,Civil Judge (Senior Division),Uttar Pradesh,CS,Civil Suit,2020-10-15,2022-08-02,656,656.0,6.487684018484611,district,10,15,3,1,0
UPHR060013012020,Civil Judge Junior Division,Uttar Pradesh,CS,Civil Suit,2020-09-14,2023-08-07,1057,1057.0,6.964135612418245,district,9,14,0,1,0
UPHR060005712020,Civil Judge Junior Division,Uttar Pradesh,CS,Civil Suit,2020-05-30,2023-06-14,1110,1110.0,7.01301578963963,district,5,30,5,1,0
UPHR060005722020,Civil Judge Junior Division,Uttar Pradesh,CS,Civil Suit,2020-05-30,2022-11-17,901,901.0,6.804614520062624,district,5,30,5,1,0
UPHR060005742020,Civil Judge Junior Division,Uttar Pradesh,CS,Civil Suit,2020-05-30,2021-09-01,459,459.0,6.131226489483141,district,5,30,5,1,0
UPHR060010142020,Civil Judge Junior Division,Uttar Pradesh,CS,Civil Suit,2020-08-17,2021-11-18,458,458.0,6.129050210060545,district,8,17,0,1,0
UPHR060010152020,Civil Judge Junior Division,Uttar Pradesh,CS,Civil Suit,2020-08-17,2020-08-18,1,1.0,0.6931471805599453,district,8,17,0,1,0
UPHR060010202020,Civil Judge Junior Division,Uttar Pradesh,CS,Civil Suit,2020-08-18,2025-01-21,1617,1617.0,7.388946097618437,district,8,18,1,1,0
UPHR060010162020,Civil Judge Junior Division,Uttar Pradesh,CS,Civil Suit,2020-08-18,2022-04-16,606,606.0,6.408528791059498,district,8,18,1,1,0
UPHR060013032020,Civil Judge Junior Division,Uttar Pradesh,CS,Civil Suit,2020-11-19,2024-07-26,1345,1345.0,7.204892510204673,district,11,19,3,1,0
UPHR060013032020,Civil Judge Junior Division,Uttar Pradesh,CS,Civil Suit,2020-11-19,2024-07-26,1345,1345.0,7.204892510204673,district,11,19,3,1,0
UPFD050000782020,Civil Judge Senior Devision,Uttar Pradesh,CS,Civil Suit,2020-02-07,2022-09-30,966,966.0,6.874198495453294,district,2,7,4,1,0
UPAU050002132020,Civil Judge Senior Division,Uttar Pradesh,CS,Civil Suit,2020-10-08,2023-10-27,1114,1114.0,7.016609683894219,district,10,8,3,1,0
UPBJ050000392020,Civil Judge Senior Devision,Uttar Pradesh,CS,Civil Suit,2020-01-14,2024-01-04,1451,1451.0,7.280697195384741,district,1,14,1,1,0
UPBJ050000392020,Civil Judge Senior Devision,Uttar Pradesh,CS,Civil Suit,2020-01-14,2024-01-04,1451,1451.0,7.280697195384741,district,1,14,1,1,0
UPGK050006252020,Civil Judge Senior Division,Uttar Pradesh,CS,Civil Suit,2020-09-19,2022-10-19,760,760.0,6.634633357861686,district,9,19,5,1,0
UPGK050006282020,Civil Judge Senior Division,Uttar Pradesh,CS,Civil Suit,2020-09-19,2023-07-13,1027,1027.0,6.93537044601511,district,9,19,5,1,0
UPGK050002032020,Civil Judge Senior Division,Uttar Pradesh,CS,Civil Suit,2020-02-20,2024-03-19,1489,1489.0,7.306531398939505,district,2,20,3,1,0
UPGK050002032020,Civil Judge Senior Division,Uttar Pradesh,CS,Civil Suit,2020-02-20,2024-03-19,1489,1489.0,7.306531398939505,district,2,20,3,1,0
UPGK050006262020,Civil Judge Senior Division,Uttar Pradesh,CS,Civil Suit,2020-09-19,2025-05-10,1694,1694.0,7.43543801981455,district,9,19,5,1,0
UPMI040007932020,Civil Judge Junior Division,Uttar Pradesh,CS,Civil Suit,2020-08-14,2025-01-18,1618,1618.0,7.389563953677635,district,8,14,4,1,0
UPKU120007152020,Civil Judge Junior Division Kasia-Kushi Nagar,Uttar Pradesh,CS,Civil Suit,2020-07-07,2025-07-10,1829,1829.0,7.512071245835466,district,7,7,1,1,0
UPKU120007172020,Civil Judge Junior Division Kasia-Kushi Nagar,Uttar Pradesh,CS,Civil Suit,2020-07-07,2025-10-03,1914,1914.0,7.557472901614746,district,7,7,1,1,0
UPKU120007162020,Civil Judge Junior Division Kasia-Kushi Nagar,Uttar Pradesh,CS,Civil Suit,2020-07-07,2025-07-10,1829,1829.0,7.512071245835466,district,7,7,1,1,0
UPKU120013862020,Civil Judge Junior Division Kasia-Kushi Nagar,Uttar Pradesh,CS,Civil Suit,2020-09-25,2025-07-10,1749,1749.0,7.4673710669175595,district,9,25,4,1,0
UPKU120018382020,Civil Judge Junior Division Kasia-Kushi Nagar,Uttar Pradesh,CS,Civil Suit,2020-11-11,2025-07-10,1702,1702.0,7.440146680662688,district,11,11,2,1,0
UPKU120020932020,Civil Judge Junior Division Kasia-Kushi Nagar,Uttar Pradesh,CS,Civil Suit,2020-12-21,2025-07-10,1662,1662.0,7.416378479192928,district,12,21,0,1,0
UPGH060002292020,Civil Judge Junior Division,Uttar Pradesh,CS,Civil Suit,2020-02-27,2024-08-03,1619,1619.0,7.3901814282264295,district,2,27,3,1,0
UPGH060002292020,Civil Judge Junior Division,Uttar Pradesh,CS,Civil Suit,2020-02-27,2024-08-03,1619,1619.0,7.3901814282264295,district,2,27,3,1,0
UPGH060006992020,Civil Judge Junior Division,Uttar Pradesh,CS,Civil Suit,2020-09-16,2025-07-08,1756,1756.0,7.471363088187097,district,9,16,2,1,0
UPGH060007002020,Civil Judge Junior Division,Uttar Pradesh,CS,Civil Suit,2020-09-18,2023-02-08,873,873.0,6.773080375655535,district,9,18,4,1,0
UPJS030003882020,Judge Small Causes Court,Uttar Pradesh,CS,Civil Suit,2020-08-31,2023-12-15,1201,1201.0,7.091742115095153,district,8,31,0,1,0
UPJS030003922020,Judge Small Causes Court,Uttar Pradesh,CS,Civil Suit,2020-09-01,2021-04-12,223,223.0,5.4116460518550396,district,9,1,1,1,0
UPJS030003942020,Judge Small Causes Court,Uttar Pradesh,CS,Civil Suit,2020-09-01,2020-09-07,6,6.0,1.9459101490553132,district,9,1,1,1,0
UPJS030004192020,Judge Small Causes Court,Uttar Pradesh,CS,Civil Suit,2020-09-14,2022-04-12,575,575.0,6.3561076606958915,district,9,14,0,1,0
UPJS030004142020,Judge Small Causes Court,Uttar Pradesh,CS,Civil Suit,2020-09-04,2025-01-30,1609,1609.0,7.383989457978509,district,9,4,4,1,0
UPJS030004152020,Judge Small Causes Court,Uttar Pradesh,CS,Civil Suit,2020-09-05,2021-12-03,454,454.0,6.12029741895095,district,9,5,5,1,0
UPJS030004162020,Judge Small Causes Court,Uttar Pradesh,CS,Civil Suit,2020-09-05,2023-08-22,1081,1081.0,6.9865664594064265,district,9,5,5,1,0
UPJS030004202020,Judge Small Causes Court,Uttar Pradesh,CS,Civil Suit,2020-09-14,2023-04-25,953,953.0,6.860663671448287,district,9,14,0,1,0
UPJS030004212020,Judge Small Causes Court,Uttar Pradesh,CS,Civil Suit,2020-09-14,2023-08-11,1061,1061.0,6.967909201801884,district,9,14,0,1,0
UPJS030004062020,Judge Small Causes Court,Uttar Pradesh,CS,Civil Suit,2020-08-31,2025-07-17,1781,1781.0,7.485491608030754,district,8,31,0,1,0
UPJS030004182020,Judge Small Causes Court,Uttar Pradesh,CS,Civil Suit,2020-09-08,2024-09-25,1478,1478.0,7.2991214627108,district,9,8,1,1,0
UPJS030004182020,Judge Small Causes Court,Uttar Pradesh,CS,Civil Suit,2020-09-08,2024-09-25,1478,1478.0,7.2991214627108,district,9,8,1,1,0
UPJS030004342020,Judge Small Causes Court,Uttar Pradesh,CS,Civil Suit,2020-09-23,2023-04-27,946,946.0,6.853299093186078,district,9,23,2,1,0
UPJS030004322020,Judge Small Causes Court,Uttar Pradesh,CS,Civil Suit,2020-09-19,2024-01-12,1210,1210.0,7.099201743553092,district,9,19,5,1,0
UPJS030004322020,Judge Small Causes Court,Uttar Pradesh,CS,Civil Suit,2020-09-19,2024-01-12,1210,1210.0,7.099201743553092,district,9,19,5,1,0
UPJS030004252020,Judge Small Causes Court,Uttar Pradesh,CS,Civil Suit,2020-09-19,2024-11-25,1528,1528.0,7.332369205929062,district,9,19,5,1,0
UPJS030004252020,Judge Small Causes Court,Uttar Pradesh,CS,Civil Suit,2020-09-19,2024-11-25,1528,1528.0,7.332369205929062,district,9,19,5,1,0
UPJS030004402020,Judge Small Causes Court,Uttar Pradesh,CS,Civil Suit,2020-10-01,2021-03-19,169,169.0,5.135798437050262,district,10,1,3,1,0
UPJS030004302020,Judge Small Causes Court,Uttar Pradesh,CS,Civil Suit,2020-09-19,2022-03-26,553,553.0,6.317164686747284,district,9,19,5,1,0
UPJS030004412020,Judge Small Causes Court,Uttar Pradesh,CS,Civil Suit,2020-10-01,2024-11-28,1519,1519.0,7.326465613840322,district,10,1,3,1,0
UPJS030004412020,Judge Small Causes Court,Uttar Pradesh,CS,Civil Suit,2020-10-01,2024-11-28,1519,1519.0,7.326465613840322,district,10,1,3,1,0
UPJS030004392020,Judge Small Causes Court,Uttar Pradesh,CS,Civil Suit,2020-09-25,2022-08-24,698,698.0,6.54965074223381,district,9,25,4,1,0
UPGK120014752020,Outlying Court At Bansgoan,Uttar Pradesh,CS,Civil Suit,2020-07-08,2024-09-19,1534,1534.0,7.336285660021297,district,7,8,2,1,0
UPGK120014752020,Outlying Court At Bansgoan,Uttar Pradesh,CS,Civil Suit,2020-07-08,2024-09-19,1534,1534.0,7.336285660021297,district,7,8,2,1,0
UPSD060000572020,Civil Judge Junior Division,Uttar Pradesh,CS,Civil Suit,2020-02-18,2024-04-18,1521,1521.0,7.3277805384216315,district,2,18,1,1,0
UPSD060000572020,Civil Judge Junior Division,Uttar Pradesh,CS,Civil Suit,2020-02-18,2024-04-18,1521,1521.0,7.3277805384216315,district,2,18,1,1,0
UPJS030003842020,Judge Small Causes Court,Uttar Pradesh,CS,Civil Suit,2020-08-31,2025-11-07,1894,1894.0,7.546974117516527,district,8,31,0,1,0
UPJS030003862020,Judge Small Causes Court,Uttar Pradesh,CS,Civil Suit,2020-08-31,2023-05-25,997,997.0,6.905753276311464,district,8,31,0,1,0
UPKU120016132020,Civil Judge Junior Division Kasia-Kushi Nagar,Uttar Pradesh,CS,Civil Suit,2020-10-19,2025-11-05,1843,1843.0,7.519692404116539,district,10,19,0,1,0
UPEW060002352020,Civil Judge Junior Division,Uttar Pradesh,CS,Civil Suit,2020-03-05,2025-07-17,1960,1960.0,7.581209826196346,district,3,5,3,1,0
UPEW060010072020,Civil Judge Junior Division,Uttar Pradesh,CS,Civil Suit,2020-09-08,2023-10-11,1128,1128.0,7.029087564149662,district,9,8,1,1,0
UPEW060010642020,Civil Judge Junior Division,Uttar Pradesh,CS,Civil Suit,2020-09-18,2023-04-12,936,936.0,6.842683282238422,district,9,18,4,1,0
UPEW060010672020,Civil Judge Junior Division,Uttar Pradesh,CS,Civil Suit,2020-09-18,2023-12-08,1176,1176.0,7.0707241072602764,district,9,18,4,1,0
UPBU060001212020,Civil Judge Junior Division,Uttar Pradesh,CS,Civil Suit,2020-02-14,2021-10-08,602,602.0,6.401917196727186,district,2,14,4,1,0
UPBU060001222020,Civil Judge Junior Division,Uttar Pradesh,CS,Civil Suit,2020-02-14,2022-02-16,733,733.0,6.598509028614515,district,2,14,4,1,0
UPBU060001242020,Civil Judge Junior Division,Uttar Pradesh,CS,Civil Suit,2020-02-14,2022-03-07,752,752.0,6.6240652277998935,district,2,14,4,1,0
DLHC010321642024,"High Court, Delhi",Delhi,WP_C,Writ Petition (Civil),2024-05-22,2024-12-06,198,198.0,5.293304824724492,hc,5,22,2,0,0
DLHC010321652024,"High Court, Delhi",Delhi,WP_C,Writ Petition (Civil),2024-05-24,2024-05-27,3,3.0,1.3862943611198906,hc,5,24,4,0,0
DLHC010033122023,"High Court, Delhi",Delhi,WP_C,Writ Petition (Civil),2023-02-02,2024-11-26,663,663.0,6.498282149476434,hc,2,2,3,1,0
DLHC010035602022,"High Court, Delhi",Delhi,WP_C,Writ Petition (Civil),2022-01-17,2024-03-14,787,787.0,6.669498089857879,hc,1,17,0,1,0
DLHC010035612020,"High Court, Delhi",Delhi,WP_C,Writ Petition (Civil),2022-08-09,2024-08-06,728,728.0,6.591673732008658,hc,8,9,1,1,0
DLHC010318102020,"High Court, Delhi",Delhi,WP_C,Writ Petition (Civil),2020-11-23,2024-08-21,1367,1367.0,7.221105098182496,hc,11,23,0,1,0
DLHC010318102020,"High Court, Delhi",Delhi,WP_C,Writ Petition (Civil),2020-11-23,2024-08-21,1367,1367.0,7.221105098182496,hc,11,23,0,1,0
DLHC010318092023,"High Court, Delhi",Delhi,WP_C,Writ Petition (Civil),2023-08-14,2024-02-15,185,185.0,5.225746673713202,hc,8,14,0,1,0
DLHC010360702023,"High Court, Delhi",Delhi,WP_C,Writ Petition (Civil),2023-09-12,2024-09-05,359,359.0,5.886104031450156,hc,9,12,1,1,0
DLHC010372802019,"High Court, Delhi",Delhi,WP_C,Writ Petition (Civil),2019-09-06,2024-09-17,1838,1838.0,7.516977224604321,hc,9,6,4,1,1
DLHC010381742023,"High Court, Delhi",Delhi,WP_C,Writ Petition (Civil),2023-09-21,2024-11-12,418,418.0,6.037870919922137,hc,9,21,3,1,0
DLHC010419282024,"High Court, Delhi",Delhi,WP_C,Writ Petition (Civil),2024-07-18,2024-10-15,89,89.0,4.499809670330265,hc,7,18,3,0,0
DLHC010419262024,"High Court, Delhi",Delhi,WP_C,Writ Petition (Civil),2024-07-18,2024-11-25,130,130.0,4.875197323201151,hc,7,18,3,0,0
DLHC010424582023,"High Court, Delhi",Delhi,WP_C,Writ Petition (Civil),2023-10-18,2024-01-15,89,89.0,4.499809670330265,hc,10,18,2,1,0
DLHC010419292024,"High Court, Delhi",Delhi,WP_C,Writ Petition (Civil),2024-07-18,2024-12-17,152,152.0,5.030437921392435,hc,7,18,3,0,0
DLHC010402442023,"High Court, Delhi",Delhi,WP_C,Writ Petition (Civil),2023-10-05,2024-09-25,356,356.0,5.877735781779639,hc,10,5,3,1,0
DLHC010411262022,"High Court, Delhi",Delhi,WP_C,Writ Petition (Civil),2022-11-02,2024-07-18,624,624.0,6.437751649736401,hc,11,2,2,1,0
DLHC010411292023,"High Court, Delhi",Delhi,WP_C,Writ Petition (Civil),2023-10-05,2024-11-20,412,412.0,6.023447592961033,hc,10,5,3,1,0
DLHC010411312022,"High Court, Delhi",Delhi,WP_C,Writ Petition (Civil),2022-11-02,2024-02-28,483,483.0,6.182084906716632,hc,11,2,2,1,0
DLHC010411392019,"High Court, Delhi",Delhi,WP_C,Writ Petition (Civil),2019-10-14,2024-08-02,1754,1754.0,7.470224135899966,hc,10,14,0,1,1
DLHC010411332022,"High Court, Delhi",Delhi,WP_C,Writ Petition (Civil),2022-11-02,2024-08-02,639,639.0,6.461468176353717,hc,11,2,2,1,0
DLHC010411322023,"High Court, Delhi",Delhi,WP_C,Writ Petition (Civil),2023-10-10,2024-01-31,113,113.0,4.736198448394496,hc,10,10,1,1,0
DLHC010415312023,"High Court, Delhi",Delhi,WP_C,Writ Petition (Civil),2023-10-12,2024-01-15,95,95.0,4.564348191467836,hc,10,12,3,1,0
DLHC010419212024,"High Court, Delhi",Delhi,WP_C,Writ Petition (Civil),2024-07-15,2024-07-22,7,7.0,2.0794415416798357,hc,7,15,0,0,0
DLHC010419232024,"High Court, Delhi",Delhi,WP_C,Writ Petition (Civil),2024-07-16,2024-07-22,6,6.0,1.9459101490553132,hc,7,16,1,0,0
DLHC010419222024,"High Court, Delhi",Delhi,WP_C,Writ Petition (Civil),2024-07-15,2024-07-22,7,7.0,2.0794415416798357,hc,7,15,0,0,0
DLHC010419222022,"High Court, Delhi",Delhi,WP_C,Writ Petition (Civil),2022-11-09,2024-08-27,657,657.0,6.489204931325317,hc,11,9,2,1,0
DLHC010071562022,"High Court, Delhi",Delhi,WP_C,Writ Petition (Civil),2022-02-14,2024-11-11,1001,1001.0,6.90975328164481,hc,2,14,0,1,0
DLHC010164992024,"High Court, Delhi",Delhi,WP_C,Writ Petition (Civil),2024-03-27,2024-03-28,1,1.0,0.6931471805599453,hc,3,27,2,0,0
DLHC010164972022,"High Court, Delhi",Delhi,WP_C,Writ Petition (Civil),2022-04-27,2024-01-31,644,644.0,6.4692503167957724,hc,4,27,2,1,0
DLHC010158362023,"High Court, Delhi",Delhi,WP_C,Writ Petition (Civil),2023-04-26,2024-01-05,254,254.0,5.541263545158426,hc,4,26,2,1,0
DLHC010019622024,"High Court, Delhi",Delhi,WP_C,Writ Petition (Civil),2024-01-20,2024-01-23,3,3.0,1.3862943611198906,hc,1,20,5,0,0
DLHC010019632024,"High Court, Delhi",Delhi,WP_C,Writ Petition (Civil),2024-01-19,2024-04-09,81,81.0,4.406719247264253,hc,1,19,4,0,0
DLHC010022802023,"High Court, Delhi",Delhi,WP_C,Writ Petition (Civil),2023-01-25,2024-08-21,574,574.0,6.354370040797351,hc,1,25,2,1,0
DLHC010022812018,"High Court, Delhi",Delhi,WP_C,Writ Petition (Civil),2019-09-12,2024-12-23,1929,1929.0,7.5652752818989315,hc,9,12,3,1,1
DLHC010027822024,"High Court, Delhi",Delhi,WP_C,Writ Petition (Civil),2024-01-27,2024-01-31,4,4.0,1.6094379124341003,hc,1,27,5,0,0
DLHC010027852024,"High Court, Delhi",Delhi,WP_C,Writ Petition (Civil),2024-01-28,2024-01-30,2,2.0,1.0986122886681096,hc,1,28,6,0,0
DLHC010035992024,"High Court, Delhi",Delhi,WP_C,Writ Petition (Civil),2024-02-01,2024-02-07,6,6.0,1.9459101490553132,hc,2,1,3,0,0
DLHC010027842024,"High Court, Delhi",Delhi,WP_C,Writ Petition (Civil),2024-01-26,2024-01-30,4,4.0,1.6094379124341003,hc,1,26,4,0,0
DLHC010035982023,"High Court, Delhi",Delhi,WP_C,Writ Petition (Civil),2023-02-03,2024-01-05,336,336.0,5.820082930352362,hc,2,3,4,1,0
DLHC010036002024,"High Court, Delhi",Delhi,WP_C,Writ Petition (Civil),2024-01-31,2024-02-02,2,2.0,1.0986122886681096,hc,1,31,2,0,0
DLHC010035992022,"High Court, Delhi",Delhi,WP_C,Writ Petition (Civil),2022-01-17,2024-01-24,737,737.0,6.6039438246004725,hc,1,17,0,1,0
DLHC010027842023,"High Court, Delhi",Delhi,WP_C,Writ Petition (Civil),2023-01-30,2024-04-22,448,448.0,6.1070228877422545,hc,1,30,0,1,0
DLHC010036002022,"High Court, Delhi",Delhi,WP_C,Writ Petition (Civil),2022-01-17,2024-05-27,861,861.0,6.759255270663693,hc,1,17,0,1,0
DLHC010037332024,"High Court, Delhi",Delhi,WP_C,Writ Petition (Civil),2024-02-01,2024-02-07,6,6.0,1.9459101490553132,hc,2,1,3,0,0
DLHC010321612024,"High Court, Delhi",Delhi,WP_C,Writ Petition (Civil),2024-05-22,2024-05-27,5,5.0,1.791759469228055,hc,5,22,2,0,0
DLHC010321632024,"High Court, Delhi",Delhi,WP_C,Writ Petition (Civil),2024-05-24,2024-11-06,166,166.0,5.117993812416755,hc,5,24,4,0,0
DLHC010321622024,"High Court, Delhi",Delhi,WP_C,Writ Petition (Civil),2024-05-22,2024-05-27,5,5.0,1.791759469228055,hc,5,22,2,0,0
DLHC010342392023,"High Court, Delhi",Delhi,WP_C,Writ Petition (Civil),2023-08-29,2024-04-08,223,223.0,5.4116460518550396,hc,8,29,1,1,0
DLHC010342352023,"High Court, Delhi",Delhi,WP_C,Writ Petition (Civil),2023-08-26,2024-01-10,137,137.0,4.927253685157205,hc,8,26,5,1,0
DLHC010342402023,"High Court, Delhi",Delhi,WP_C,Writ Petition (Civil),2023-08-29,2024-02-15,170,170.0,5.14166355650266,hc,8,29,1,1,0
DLHC010342382023,"High Court, Delhi",Delhi,WP_C,Writ Petition (Civil),2023-08-29,2024-01-29,153,153.0,5.0369526024136295,hc,8,29,1,1,0
DLHC010342372023,"High Court, Delhi",Delhi,WP_C,Writ Petition (Civil),2023-08-28,2024-09-30,399,399.0,5.991464547107982,hc,8,28,0,1,0
DLHC010389112024,"High Court, Delhi",Delhi,WP_C,Writ Petition (Civil),2024-07-05,2024-07-08,3,3.0,1.3862943611198906,hc,7,5,4,0,0
DLHC010389102024,"High Court, Delhi",Delhi,WP_C,Writ Petition (Civil),2024-07-05,2024-07-10,5,5.0,1.791759469228055,hc,7,5,4,0,0
DLHC010389152024,"High Court, Delhi",Delhi,WP_C,Writ Petition (Civil),2024-07-05,2024-07-09,4,4.0,1.6094379124341003,hc,7,5,4,0,0
DLHC010389122024,"High Court, Delhi",Delhi,WP_C,Writ Petition (Civil),2024-07-05,2024-07-08,3,3.0,1.3862943611198906,hc,7,5,4,0,0
DLHC010389182024,"High Court, Delhi",Delhi,WP_C,Writ Petition (Civil),2024-07-05,2024-09-10,67,67.0,4.219507705176107,hc,7,5,4,0,0
DLHC010389142024,"High Court, Delhi",Delhi,WP_C,Writ Petition (Civil),2024-07-05,2024-08-17,43,43.0,3.784189633918261,hc,7,5,4,0,0
DLHC010024152023,"High Court, Delhi",Delhi,WP_C,Writ Petition (Civil),2023-01-27,2024-10-04,616,616.0,6.424869023905388,hc,1,27,4,1,0
DLHC010027512024,"High Court, Delhi",Delhi,WP_C,Writ Petition (Civil),2024-01-25,2024-05-21,117,117.0,4.770684624465665,hc,1,25,3,0,0
DLHC010027492024,"High Court, Delhi",Delhi,WP_C,Writ Petition (Civil),2024-01-25,2024-04-22,88,88.0,4.48863636973214,hc,1,25,3,0,0
DLHC010023762024,"High Court, Delhi",Delhi,WP_C,Writ Petition (Civil),2024-01-24,2024-01-25,1,1.0,0.6931471805599453,hc,1,24,2,0,0
DLHC010025492024,"High Court, Delhi",Delhi,WP_C,Writ Petition (Civil),2024-01-25,2024-02-19,25,25.0,3.258096538021482,hc,1,25,3,0,0
DLHC010030632022,"High Court, Delhi",Delhi,WP_C,Writ Petition (Civil),2022-01-13,2024-03-13,790,790.0,6.673297967767654,hc,1,13,3,1,0
DLHC010030652022,"High Court, Delhi",Delhi,WP_C,Writ Petition (Civil),2022-01-13,2024-12-23,1075,1075.0,6.98100574072173,hc,1,13,3,1,0
DLHC010173582023,"High Court, Delhi",Delhi,WP_C,Writ Petition (Civil),2023-05-08,2024-01-11,248,248.0,5.517452896464707,hc,5,8,0,1,0
DLHC010173592023,"High Court, Delhi",Delhi,WP_C,Writ Petition (Civil),2023-05-03,2024-07-19,443,443.0,6.095824562432225,hc,5,3,2,1,0
DLHC010173592020,"High Court, Delhi",Delhi,WP_C,Writ Petition (Civil),2020-05-28,2024-04-16,1419,1419.0,7.258412150595307,hc,5,28,3,1,0
DLHC010173592020,"High Court, Delhi",Delhi,WP_C,Writ Petition (Civil),2020-05-28,2024-04-16,1419,1419.0,7.258412150595307,hc,5,28,3,1,0
DLHC010180782024,"High Court, Delhi",Delhi,WP_C,Writ Petition (Civil),2024-04-04,2024-05-13,39,39.0,3.6888794541139363,hc,4,4,3,0,0
DLHC010180802024,"High Court, Delhi",Delhi,WP_C,Writ Petition (Civil),2024-04-04,2024-04-05,1,1.0,0.6931471805599453,hc,4,4,3,0,0
DLHC010186162023,"High Court, Delhi",Delhi,WP_C,Writ Petition (Civil),2023-05-15,2024-04-10,331,331.0,5.805134968916488,hc,5,15,0,1,0
DLHC010329292023,"High Court, Delhi",Delhi,WP_C,Writ Petition (Civil),2023-08-21,2024-09-11,387,387.0,5.961005339623274,hc,8,21,0,1,0
DLHC010329302023,"High Court, Delhi",Delhi,WP_C,Writ Petition (Civil),2023-08-19,2024-05-30,285,285.0,5.655991810819852,hc,8,19,5,1,0
DLHC010382052021,"High Court, Delhi",Delhi,WP_C,Writ Petition (Civil),2021-12-07,2024-10-22,1050,1050.0,6.957497370876951,hc,12,7,1,1,0
DLHC010373472022,"High Court, Delhi",Delhi,WP_C,Writ Petition (Civil),2022-09-27,2024-08-20,693,693.0,6.542471960506805,hc,9,27,1,1,0
DLHC010188512024,"High Court, Delhi",Delhi,WP_C,Writ Petition (Civil),2024-04-05,2024-05-13,38,38.0,3.6635616461296463,hc,4,5,4,0,0
DLHC010365002022,"High Court, Delhi",Delhi,WP_C,Writ Petition (Civil),2022-09-22,2024-08-09,687,687.0,6.5337888379333435,hc,9,22,3,1,0
DLHC010206912024,"High Court, Delhi",Delhi,WP_C,Writ Petition (Civil),2024-04-15,2024-04-16,1,1.0,0.6931471805599453,hc,4,15,0,0,0
DLHC010206932024,"High Court, Delhi",Delhi,WP_C,Writ Petition (Civil),2024-04-13,2024-04-16,3,3.0,1.3862943611198906,hc,4,13,5,0,0
DLHC010214182024,"High Court, Delhi",Delhi,WP_C,Writ Petition (Civil),2024-04-21,2024-04-22,1,1.0,0.6931471805599453,hc,4,21,6,0,0
DLHC010214192020,"High Court, Delhi",Delhi,WP_C,Writ Petition (Civil),2020-08-05,2024-10-08,1525,1525.0,7.330405211844402,hc,8,5,2,1,0
DLHC010214192020,"High Court, Delhi",Delhi,WP_C,Writ Petition (Civil),2020-08-05,2024-10-08,1525,1525.0,7.330405211844402,hc,8,5,2,1,0
DLHC010332862023,"High Court, Delhi",Delhi,WP_C,Writ Petition (Civil),2023-08-23,2024-03-21,211,211.0,5.356586274672012,hc,8,23,2,1,0
DLHC010012572024,"High Court, Delhi",Delhi,WP_C,Writ Petition (Civil),2024-01-09,2024-01-18,9,9.0,2.302585092994046,hc,1,9,1,0,0
DLHC010012562024,"High Court, Delhi",Delhi,WP_C,Writ Petition (Civil),2024-01-11,2024-01-18,7,7.0,2.0794415416798357,hc,1,11,3,0,0
DLHC010012592024,"High Court, Delhi",Delhi,WP_C,Writ Petition (Civil),2024-01-09,2024-01-18,9,9.0,2.302585092994046,hc,1,9,1,0,0
DLHC010012582024,"High Court, Delhi",Delhi,WP_C,Writ Petition (Civil),2024-01-09,2024-01-18,9,9.0,2.302585092994046,hc,1,9,1,0,0
DLHC010081952023,"High Court, Delhi",Delhi,WP_C,Writ Petition (Civil),2023-03-07,2024-01-05,304,304.0,5.720311776607412,hc,3,7,1,1,0
DLHC010023752024,"High Court, Delhi",Delhi,WP_C,Writ Petition (Civil),2024-01-24,2024-01-25,1,1.0,0.6931471805599453,hc,1,24,2,0,0
DLHC010023742024,"High Court, Delhi",Delhi,WP_C,Writ Petition (Civil),2024-01-23,2024-02-19,27,27.0,3.332204510175204,hc,1,23,1,0,0
DLHC010025452023,"High Court, Delhi",Delhi,WP_C,Writ Petition (Civil),2023-01-28,2024-08-02,552,552.0,6.315358001522335,hc,1,28,5,1,0
DLHC010023732024,"High Court, Delhi",Delhi,WP_C,Writ Petition (Civil),2024-01-23,2024-05-02,100,100.0,4.61512051684126,hc,1,23,1,0,0
DLHC010180412024,"High Court, Delhi",Delhi,WP_C,Writ Petition (Civil),2024-04-03,2024-04-05,2,2.0,1.0986122886681096,hc,4,3,2,0,0
DLHC010180442024,"High Court, Delhi",Delhi,WP_C,Writ Petition (Civil),2024-04-04,2024-04-05,1,1.0,0.6931471805599453,hc,4,4,3,0,0
DLHC010191062023,"High Court, Delhi",Delhi,WP_C,Writ Petition (Civil),2023-05-16,2024-08-12,454,454.0,6.12029741895095,hc,5,16,1,1,0
DLHC010196502024,"High Court, Delhi",Delhi,WP_C,Writ Petition (Civil),2024-04-09,2024-04-10,1,1.0,0.6931471805599453,hc,4,9,1,0,0
DLHC010205732020,"High Court, Delhi",Delhi,WP_C,Writ Petition (Civil),2020-07-25,2024-12-20,1609,1609.0,7.383989457978509,hc,7,25,5,1,0
DLHC010205732020,"High Court, Delhi",Delhi,WP_C,Writ Petition (Civil),2020-07-25,2024-12-20,1609,1609.0,7.383989457978509,hc,7,25,5,1,0
DLHC010196522024,"High Court, Delhi",Delhi,WP_C,Writ Petition (Civil),2024-04-09,2024-04-25,16,16.0,2.833213344056216,hc,4,9,1,0,0
DLHC010196512023,"High Court, Delhi",Delhi,WP_C,Writ Petition (Civil),2023-05-12,2024-04-02,326,326.0,5.7899601708972535,hc,5,12,4,1,0
DLHC010174582024,"High Court, Delhi",Delhi,WP_C,Writ Petition (Civil),2024-03-29,2024-11-11,227,227.0,5.429345628954441,hc,3,29,4,0,0
MHKO010051492018,DISTRICT AND SESSIONS COURT KOLHAPUR,Maharashtra,MACA,Motor Accident Claims Appeal,2018-12-03,2024-07-31,2067,2067.0,7.63433723562832,district,12,3,0,1,1
MHNS010001372023,DISTRICT AND SESSIONS COURT NASHIK,Maharashtra,MACA,Motor Accident Claims Appeal,2022-12-16,2024-05-09,510,510.0,6.236369590203704,district,12,16,4,1,0
MHNS010001372021,DISTRICT AND SESSIONS COURT NASHIK,Maharashtra,MACA,Motor Accident Claims Appeal,2021-01-04,2024-11-13,1409,1409.0,7.251344983372214,district,1,4,0,1,0
MHTH060013872022,ADDL.DIST. SESSIONS COURT KALYAN,Maharashtra,MACA,Motor Accident Claims Appeal,2022-04-20,2024-12-14,969,969.0,6.877296071497429,district,4,20,2,1,0
MHKO010051552018,DISTRICT AND SESSIONS COURT KOLHAPUR,Maharashtra,MACA,Motor Accident Claims Appeal,2018-12-04,2024-09-23,2120,2120.0,7.659642954564682,district,12,4,1,1,1
MHCH010009072018,DISTRICT AND SESSIONS COURT CHANDRAPUR MAH.,Maharashtra,MACA,Motor Accident Claims Appeal,2018-04-12,2024-02-20,2140,2140.0,7.669028288589683,district,4,12,3,1,1
MHTH010004612023,"DISTRICT AND SESSIONS COURT, THANE",Maharashtra,MACA,Motor Accident Claims Appeal,2023-01-16,2024-03-03,412,412.0,6.023447592961033,district,1,16,0,1,0
MHTH010004602023,"DISTRICT AND SESSIONS COURT, THANE",Maharashtra,MACA,Motor Accident Claims Appeal,2023-01-16,2024-03-03,412,412.0,6.023447592961033,district,1,16,0,1,0
MHTH010004592024,"DISTRICT AND SESSIONS COURT, THANE",Maharashtra,MACA,Motor Accident Claims Appeal,2024-01-29,2024-12-14,320,320.0,5.771441123130016,district,1,29,0,0,0
MHTH010004602024,"DISTRICT AND SESSIONS COURT, THANE",Maharashtra,MACA,Motor Accident Claims Appeal,2024-01-29,2024-07-27,180,180.0,5.198497031265826,district,1,29,0,0,0
MHTH010004522022,"DISTRICT AND SESSIONS COURT, THANE",Maharashtra,MACA,Motor Accident Claims Appeal,2022-01-17,2024-07-27,922,922.0,6.827629234502852,district,1,17,0,1,0
MHTH010004622023,"DISTRICT AND SESSIONS COURT, THANE",Maharashtra,MACA,Motor Accident Claims Appeal,2023-01-16,2024-12-14,698,698.0,6.54965074223381,district,1,16,0,1,0
MHDH010004382024,"DISTRICT AND SESSIONS COURT, DHULE",Maharashtra,MACA,Motor Accident Claims Appeal,2024-01-23,2024-07-27,186,186.0,5.231108616854587,district,1,23,1,0,0
MHAM010007292022,DISTRICT AND SESSIONS COURT AMRAVATI,Maharashtra,MACA,Motor Accident Claims Appeal,2022-02-01,2024-10-22,994,994.0,6.902742737158593,district,2,1,1,1,0
MHAM010007302020,DISTRICT AND SESSIONS COURT AMRAVATI,Maharashtra,MACA,Motor Accident Claims Appeal,2020-02-10,2024-06-12,1584,1584.0,7.368339686311381,district,2,10,0,1,0
MHAM010007302020,DISTRICT AND SESSIONS COURT AMRAVATI,Maharashtra,MACA,Motor Accident Claims Appeal,2020-02-10,2024-06-12,1584,1584.0,7.368339686311381,district,2,10,0,1,0
MHSO050011332020,"District Court, Pandharpur",Maharashtra,MACA,Motor Accident Claims Appeal,2020-09-22,2024-09-28,1467,1467.0,7.291656209174461,district,9,22,1,1,0
MHSO050011332020,"District Court, Pandharpur",Maharashtra,MACA,Motor Accident Claims Appeal,2020-09-22,2024-09-28,1467,1467.0,7.291656209174461,district,9,22,1,1,0
MHAU010043202020,DISTRICT AND SESSIONS COURT AURANGABAD.,Maharashtra,MACA,Motor Accident Claims Appeal,2020-10-13,2024-06-27,1353,1353.0,7.21081845347222,district,10,13,1,1,0
MHAU010043202020,DISTRICT AND SESSIONS COURT AURANGABAD.,Maharashtra,MACA,Motor Accident Claims Appeal,2020-10-13,2024-06-27,1353,1353.0,7.21081845347222,district,10,13,1,1,0
MHAU010056982021,DISTRICT AND SESSIONS COURT AURANGABAD.,Maharashtra,MACA,Motor Accident Claims Appeal,2021-10-22,2024-07-30,1012,1012.0,6.920671504248683,district,10,22,4,1,0
MHYA010010492018,"District and Sessions Court, Yavatmal",Maharashtra,MACA,Motor Accident Claims Appeal,2018-06-06,2024-12-14,2383,2383.0,7.776535028185241,district,6,6,2,1,1
MHYA010015882023,"District and Sessions Court, Yavatmal",Maharashtra,MACA,Motor Accident Claims Appeal,2023-07-07,2024-10-18,469,469.0,6.152732694704104,district,7,7,4,1,0
MHOS010000892014,PRINCIPAL DISTRICT AND SESSIONS COURT OSMANABAD,Maharashtra,MACA,Motor Accident Claims Appeal,2014-01-10,2024-02-02,3675,3675.0,8.209580483475577,district,1,10,4,1,1
MHYA010018352020,"District and Sessions Court, Yavatmal",Maharashtra,MACA,Motor Accident Claims Appeal,2020-12-29,2024-03-03,1160,1160.0,7.057036981697891,district,12,29,1,1,0
MHYA010018352020,"District and Sessions Court, Yavatmal",Maharashtra,MACA,Motor Accident Claims Appeal,2020-12-29,2024-03-03,1160,1160.0,7.057036981697891,district,12,29,1,1,0
MHAU010035862021,DISTRICT AND SESSIONS COURT AURANGABAD.,Maharashtra,MACA,Motor Accident Claims Appeal,2021-07-17,2024-08-17,1127,1127.0,7.028201432058005,district,7,17,5,1,0
MHAU010035852020,DISTRICT AND SESSIONS COURT AURANGABAD.,Maharashtra,MACA,Motor Accident Claims Appeal,2020-09-10,2024-10-07,1488,1488.0,7.305860032684009,district,9,10,3,1,0
MHAU010035852020,DISTRICT AND SESSIONS COURT AURANGABAD.,Maharashtra,MACA,Motor Accident Claims Appeal,2020-09-10,2024-10-07,1488,1488.0,7.305860032684009,district,9,10,3,1,0
MHMT010013512020,"Motor Accident Claims Tribunal, Mumbai",Maharashtra,MACA,Motor Accident Claims Appeal,2020-12-14,2024-03-21,1193,1193.0,7.085064293952548,district,12,14,0,1,0
MHMT010013512020,"Motor Accident Claims Tribunal, Mumbai",Maharashtra,MACA,Motor Accident Claims Appeal,2020-12-14,2024-03-21,1193,1193.0,7.085064293952548,district,12,14,0,1,0
MHMT010013522024,"Motor Accident Claims Tribunal, Mumbai",Maharashtra,MACA,Motor Accident Claims Appeal,2024-05-09,2024-07-04,56,56.0,4.04305126783455,district,5,9,3,0,0
MHMT010013562021,"Motor Accident Claims Tribunal, Mumbai",Maharashtra,MACA,Motor Accident Claims Appeal,2021-06-30,2024-03-03,977,977.0,6.885509670034818,district,6,30,2,1,0
MHMT010013562024,"Motor Accident Claims Tribunal, Mumbai",Maharashtra,MACA,Motor Accident Claims Appeal,2024-06-10,2024-07-15,35,35.0,3.58351893845611,district,6,10,0,0,0
MHNS010040412023,DISTRICT AND SESSIONS COURT NASHIK,Maharashtra,MACA,Motor Accident Claims Appeal,2023-06-26,2024-03-03,251,251.0,5.529429087511423,district,6,26,0,1,0
MHTH150008922023,ADDIL. DISTRICT AND SESSEIONS COURT PALGHAR,Maharashtra,MACA,Motor Accident Claims Appeal,2023-10-18,2024-12-14,423,423.0,6.049733455231958,district,10,18,2,1,0
MHBI040013452022,DISTRICT JUDGE-1 ADDL.SESSIONS COURT AMBAJOGAI.,Maharashtra,MACA,Motor Accident Claims Appeal,2022-10-18,2024-11-05,749,749.0,6.620073206530356,district,10,18,1,1,0
MHND010008062016,DISTRICT AND SESSIONS COURT NANDED,Maharashtra,MACA,Motor Accident Claims Appeal,2016-04-01,2024-08-30,3073,3073.0,8.03073492409854,district,4,1,4,1,1
MHNS010040942020,DISTRICT AND SESSIONS COURT NASHIK,Maharashtra,MACA,Motor Accident Claims Appeal,2020-09-11,2024-07-27,1415,1415.0,7.255591274253665,district,9,11,4,1,0
MHNS010040942020,DISTRICT AND SESSIONS COURT NASHIK,Maharashtra,MACA,Motor Accident Claims Appeal,2020-09-11,2024-07-27,1415,1415.0,7.255591274253665,district,9,11,4,1,0
MHND010002152017,DISTRICT AND SESSIONS COURT NANDED,Maharashtra,MACA,Motor Accident Claims Appeal,2017-01-24,2024-07-03,2717,2717.0,7.907651594711089,district,1,24,1,1,1
MHNS010010492021,DISTRICT AND SESSIONS COURT NASHIK,Maharashtra,MACA,Motor Accident Claims Appeal,2021-02-09,2024-11-27,1387,1387.0,7.23561914106675,district,2,9,1,1,0
MHNS010010722021,DISTRICT AND SESSIONS COURT NASHIK,Maharashtra,MACA,Motor Accident Claims Appeal,2021-02-12,2024-02-17,1100,1100.0,7.00397413672268,district,2,12,4,1,0
MHNS010013962024,DISTRICT AND SESSIONS COURT NASHIK,Maharashtra,MACA,Motor Accident Claims Appeal,2024-02-22,2024-12-11,293,293.0,5.683579767338681,district,2,22,3,0,0
MHNS010013962018,DISTRICT AND SESSIONS COURT NASHIK,Maharashtra,MACA,Motor Accident Claims Appeal,2018-03-07,2024-03-21,2206,2206.0,7.699389406256737,district,3,7,2,1,1
MHNS010040932020,DISTRICT AND SESSIONS COURT NASHIK,Maharashtra,MACA,Motor Accident Claims Appeal,2020-09-11,2024-03-16,1282,1282.0,7.1569563646156364,district,9,11,4,1,0
MHNS010040932020,DISTRICT AND SESSIONS COURT NASHIK,Maharashtra,MACA,Motor Accident Claims Appeal,2020-09-11,2024-03-16,1282,1282.0,7.1569563646156364,district,9,11,4,1,0
MHND010009602024,DISTRICT AND SESSIONS COURT NANDED,Maharashtra,MACA,Motor Accident Claims Appeal,2024-03-26,2024-07-27,123,123.0,4.820281565605037,district,3,26,1,0,0
MHND010008072016,DISTRICT AND SESSIONS COURT NANDED,Maharashtra,MACA,Motor Accident Claims Appeal,2016-03-29,2024-08-30,3076,3076.0,8.031710375322042,district,3,29,1,1,1
MHNS010047332018,DISTRICT AND SESSIONS COURT NASHIK,Maharashtra,MACA,Motor Accident Claims Appeal,2018-08-14,2024-01-30,1995,1995.0,7.59890045687141,district,8,14,1,1,1
MHNS010047372022,DISTRICT AND SESSIONS COURT NASHIK,Maharashtra,MACA,Motor Accident Claims Appeal,2022-08-18,2024-12-14,849,849.0,6.745236349484362,district,8,18,3,1,0
MHNS010047362022,DISTRICT AND SESSIONS COURT NASHIK,Maharashtra,MACA,Motor Accident Claims Appeal,2022-08-18,2024-09-28,772,772.0,6.650279048587422,district,8,18,3,1,0
MHAH040002572023,DISTRICT SESSIONS COURT SHRIRAMPUR,Maharashtra,MACA,Motor Accident Claims Appeal,2023-03-29,2024-07-27,486,486.0,6.18826412308259,district,3,29,2,1,0
MHAH040004312022,DISTRICT SESSIONS COURT SHRIRAMPUR,Maharashtra,MACA,Motor Accident Claims Appeal,2022-06-10,2024-10-04,847,847.0,6.742880635791903,district,6,10,4,1,0
MHAH040005832023,DISTRICT SESSIONS COURT SHRIRAMPUR,Maharashtra,MACA,Motor Accident Claims Appeal,2023-07-10,2024-12-14,523,523.0,6.261491684321042,district,7,10,0,1,0
MHAH040004322022,DISTRICT SESSIONS COURT SHRIRAMPUR,Maharashtra,MACA,Motor Accident Claims Appeal,2022-06-10,2024-10-03,846,846.0,6.741700694652055,district,6,10,4,1,0
MHST010022082019,DISTRICT SESSIONS COURT SATARA.,Maharashtra,MACA,Motor Accident Claims Appeal,2019-07-06,2024-04-03,1733,1733.0,7.458186157340487,district,7,6,5,1,1
MHBH010007472018,DISTRICT SESSIONS COURT BHANDARA,Maharashtra,MACA,Motor Accident Claims Appeal,2018-10-12,2024-06-28,2086,2086.0,7.643482907077201,district,10,12,4,1,1
MHST010021132022,DISTRICT SESSIONS COURT SATARA.,Maharashtra,MACA,Motor Accident Claims Appeal,2022-07-26,2024-09-25,792,792.0,6.675823221634848,district,7,26,1,1,0
MHST010021132018,DISTRICT SESSIONS COURT SATARA.,Maharashtra,MACA,Motor Accident Claims Appeal,2018-06-30,2024-02-04,2045,2045.0,7.6236419465115715,district,6,30,5,1,1
MHST010023022021,DISTRICT SESSIONS COURT SATARA.,Maharashtra,MACA,Motor Accident Claims Appeal,2021-10-13,2024-02-04,844,844.0,6.739336627357174,district,10,13,2,1,0
MHST010023002019,DISTRICT SESSIONS COURT SATARA.,Maharashtra,MACA,Motor Accident Claims Appeal,2019-07-16,2024-01-16,1645,1645.0,7.406103381237015,district,7,16,1,1,1
MHAM010041802023,DISTRICT AND SESSIONS COURT AMRAVATI,Maharashtra,MACA,Motor Accident Claims Appeal,2023-08-14,2024-12-14,488,488.0,6.192362489474872,district,8,14,0,1,0
MHAM010024182023,DISTRICT AND SESSIONS COURT AMRAVATI,Maharashtra,MACA,Motor Accident Claims Appeal,2023-04-28,2024-07-27,456,456.0,6.124683390894205,district,4,28,4,1,0
MHAM010041782023,DISTRICT AND SESSIONS COURT AMRAVATI,Maharashtra,MACA,Motor Accident Claims Appeal,2023-08-14,2024-09-28,411,411.0,6.021023349349527,district,8,14,0,1,0
MHAM010041792023,DISTRICT AND SESSIONS COURT AMRAVATI,Maharashtra,MACA,Motor Accident Claims Appeal,2023-08-14,2024-12-14,488,488.0,6.192362489474872,district,8,14,0,1,0
MHAM010053822023,DISTRICT AND SESSIONS COURT AMRAVATI,Maharashtra,MACA,Motor Accident Claims Appeal,2023-10-20,2024-01-09,81,81.0,4.406719247264253,district,10,20,4,1,0
MHAM010041772023,DISTRICT AND SESSIONS COURT AMRAVATI,Maharashtra,MACA,Motor Accident Claims Appeal,2023-08-14,2024-09-28,411,411.0,6.021023349349527,district,8,14,0,1,0
MHAM010053872022,DISTRICT AND SESSIONS COURT AMRAVATI,Maharashtra,MACA,Motor Accident Claims Appeal,2022-11-05,2024-02-29,481,481.0,6.1779441140506,district,11,5,5,1,0
MHDH010031832024,"DISTRICT AND SESSIONS COURT, DHULE",Maharashtra,MACA,Motor Accident Claims Appeal,2024-09-13,2024-12-14,92,92.0,4.532599493153256,district,9,13,4,0,0
MHKO040004482020,"DISTRICT COURT, ICHALKARANJI",Maharashtra,MACA,Motor Accident Claims Appeal,2020-07-01,2024-03-21,1359,1359.0,7.215239978730097,district,7,1,2,1,0
MHKO040004482020,"DISTRICT COURT, ICHALKARANJI",Maharashtra,MACA,Motor Accident Claims Appeal,2020-07-01,2024-03-21,1359,1359.0,7.215239978730097,district,7,1,2,1,0
MHPU140009962016,ADDITIONAL DISTRICT AND SESSIONS COURT BARAMATI,Maharashtra,MACA,Motor Accident Claims Appeal,2016-04-30,2024-03-03,2864,2864.0,7.96032362914884,district,4,30,5,1,1
MHKO010006272022,DISTRICT AND SESSIONS COURT KOLHAPUR,Maharashtra,MACA,Motor Accident Claims Appeal,2022-02-15,2024-07-27,893,893.0,6.795705775173515,district,2,15,1,1,0
MHKO010011962019,DISTRICT AND SESSIONS COURT KOLHAPUR,Maharashtra,MACA,Motor Accident Claims Appeal,2019-03-16,2024-12-14,2100,2100.0,7.650168700845001,district,3,16,5,1,1
MHAH070006162023,District and Addl. Sessions Court Sangamner Dist. Ahmednagar,Maharashtra,MACA,Motor Accident Claims Appeal,2023-08-01,2024-11-13,470,470.0,6.154858094016418,district,8,1,1,1,0
MHAH070005812024,District and Addl. Sessions Court Sangamner Dist. Ahmednagar,Maharashtra,MACA,Motor Accident Claims Appeal,2024-06-25,2024-07-30,35,35.0,3.58351893845611,district,6,25,1,0,0
MHSN010042952018,DISTRICT AND SESSIONS COURT SANGLI,Maharashtra,MACA,Motor Accident Claims Appeal,2018-12-01,2024-02-05,1892,1892.0,7.545918151209323,district,12,1,5,1,1
MHPU140001662024,ADDITIONAL DISTRICT AND SESSIONS COURT BARAMATI,Maharashtra,MACA,Motor Accident Claims Appeal,2024-01-16,2024-01-23,7,7.0,2.0794415416798357,district,1,16,1,0,0
MHPU140002972024,ADDITIONAL DISTRICT AND SESSIONS COURT BARAMATI,Maharashtra,MACA,Motor Accident Claims Appeal,2024-01-20,2024-02-02,13,13.0,2.639057329615259,district,1,20,5,0,0
MHPU140004132021,ADDITIONAL DISTRICT AND SESSIONS COURT BARAMATI,Maharashtra,MACA,Motor Accident Claims Appeal,2021-02-16,2024-03-03,1111,1111.0,7.013915474810528,district,2,16,1,1,0
MHYA010009952017,"District and Sessions Court, Yavatmal",Maharashtra,MACA,Motor Accident Claims Appeal,2017-06-06,2024-02-29,2459,2459.0,7.807916628926408,district,6,6,1,1,1
MHSN010030582009,DISTRICT AND SESSIONS COURT SANGLI,Maharashtra,MACA,Motor Accident Claims Appeal,2009-12-01,2024-04-01,5235,5235.0,8.56331312702979,district,12,1,1,1,1
MHSN010030682019,DISTRICT AND SESSIONS COURT SANGLI,Maharashtra,MACA,Motor Accident Claims Appeal,2019-07-26,2024-02-05,1655,1655.0,7.412160334945205,district,7,26,4,1,1
MHRT040007142019,"District Court-1 Addl. Session Court, Khed",Maharashtra,MACA,Motor Accident Claims Appeal,2019-08-23,2024-03-03,1654,1654.0,7.411556287811163,district,8,23,4,1,1
MHAM040002052023,COURT OF DISTRICT JUDGE-1 ACHALPUR,Maharashtra,MACA,Motor Accident Claims Appeal,2023-02-04,2024-09-27,601,601.0,6.400257445308821,district,2,4,5,1,0
MHYA080002382022,DISTRICT JUDGE-1 And ADDL. SESSIONS JUDGE KELAPUR.,Maharashtra,MACA,Motor Accident Claims Appeal,2022-05-04,2024-07-27,815,815.0,6.704414354964107,district,5,4,2,1,0
MHND050003762020,DIST. JUDGE-1 ADDL. SESSIONS JUDGE BILOLI,Maharashtra,MACA,Motor Accident Claims Appeal,2020-07-08,2024-06-11,1434,1434.0,7.268920128193722,district,7,8,2,1,0
MHND050003762020,DIST. JUDGE-1 ADDL. SESSIONS JUDGE BILOLI,Maharashtra,MACA,Motor Accident Claims Appeal,2020-07-08,2024-06-11,1434,1434.0,7.268920128193722,district,7,8,2,1,0
MHPU010042052020,DISTRICT AND SESSIONS COURT PUNE MAHARASHTRA,Maharashtra,MACA,Motor Accident Claims Appeal,2020-01-22,2024-09-20,1703,1703.0,7.440733707389261,district,1,22,2,1,0
MHPU010042052020,DISTRICT AND SESSIONS COURT PUNE MAHARASHTRA,Maharashtra,MACA,Motor Accident Claims Appeal,2020-01-22,2024-09-20,1703,1703.0,7.440733707389261,district,1,22,2,1,0
MHST190004492023,Additional District Court Wai,Maharashtra,MACA,Motor Accident Claims Appeal,2017-09-29,2024-05-08,2413,2413.0,7.789040401657477,district,9,29,4,1,1
MHBI010005062022,DIST.AND SESSION COURT BEED,Maharashtra,MACA,Motor Accident Claims Appeal,2022-02-03,2024-03-03,759,759.0,6.633318433280377,district,2,3,3,1,0
MHNS010022382016,DISTRICT AND SESSIONS COURT NASHIK,Maharashtra,MACA,Motor Accident Claims Appeal,2016-05-09,2024-02-09,2832,2832.0,7.949091499830517,district,5,9,0,1,1
MHNS010025722021,DISTRICT AND SESSIONS COURT NASHIK,Maharashtra,MACA,Motor Accident Claims Appeal,2021-06-07,2024-07-27,1146,1146.0,7.044905117129371,district,6,7,0,1,0
MHNS010003552016,DISTRICT AND SESSIONS COURT NASHIK,Maharashtra,MACA,Motor Accident Claims Appeal,2016-01-22,2024-05-08,3029,3029.0,8.016317898503415,district,1,22,4,1,1
MHNS010027662021,DISTRICT AND SESSIONS COURT NASHIK,Maharashtra,MACA,Motor Accident Claims Appeal,2021-06-21,2024-07-27,1132,1132.0,7.0326242610280065,district,6,21,0,1,0
MHNS010027672024,DISTRICT AND SESSIONS COURT NASHIK,Maharashtra,MACA,Motor Accident Claims Appeal,2024-04-15,2024-12-14,243,243.0,5.497168225293202,district,4,15,0,0,0
MHNS010037772021,DISTRICT AND SESSIONS COURT NASHIK,Maharashtra,MACA,Motor Accident Claims Appeal,2021-07-12,2024-07-16,1100,1100.0,7.00397413672268,district,7,12,0,1,0
MHPU210000592020,"ADDL. DISTRICT COURT, KHED",Maharashtra,MACA,Motor Accident Claims Appeal,2020-01-10,2024-07-25,1658,1658.0,7.413970290190444,district,1,10,4,1,0
MHPU210000592020,"ADDL. DISTRICT COURT, KHED",Maharashtra,MACA,Motor Accident Claims Appeal,2020-01-10,2024-07-25,1658,1658.0,7.413970290190444,district,1,10,4,1,0
MHAU040007442021,DISTRICT AND ADDITIONAL SESSIONS COURT VAIJAPUR DIST. AURANGABAD.,Maharashtra,MACA,Motor Accident Claims Appeal,2021-09-02,2024-04-25,966,966.0,6.874198495453294,district,9,2,3,1,0
MHTH060035762023,ADDL.DIST. SESSIONS COURT KALYAN,Maharashtra,MACA,Motor Accident Claims Appeal,2023-10-16,2024-07-27,285,285.0,5.655991810819852,district,10,16,0,1,0
MHRG150005512018,DISTRICT AND ADDITIONAL SESSIONS COURT MANGAON,Maharashtra,MACA,Motor Accident Claims Appeal,2018-06-26,2024-07-18,2214,2214.0,7.703007682479236,district,6,26,1,1,1
MHNS010040422023,DISTRICT AND SESSIONS COURT NASHIK,Maharashtra,MACA,Motor Accident Claims Appeal,2023-06-26,2024-03-03,251,251.0,5.529429087511423,district,6,26,0,1,0
MHYA080005442023,DISTRICT JUDGE-1 And ADDL. SESSIONS JUDGE KELAPUR.,Maharashtra,MACA,Motor Accident Claims Appeal,2023-09-29,2024-09-28,365,365.0,5.902633333401366,district,9,29,4,1,0
MHOS010000372023,PRINCIPAL DISTRICT AND SESSIONS COURT OSMANABAD,Maharashtra,MACA,Motor Accident Claims Appeal,2023-01-06,2024-12-14,708,708.0,6.5638555265321274,district,1,6,4,1,0
MHNS010026632017,DISTRICT AND SESSIONS COURT NASHIK,Maharashtra,MACA,Motor Accident Claims Appeal,2017-04-15,2024-05-15,2587,2587.0,7.858640655620791,district,4,15,5,1,1
MHNS010033302020,DISTRICT AND SESSIONS COURT NASHIK,Maharashtra,MACA,Motor Accident Claims Appeal,2020-07-28,2024-05-14,1386,1386.0,7.234898420314831,district,7,28,1,1,0
MHNS010033302020,DISTRICT AND SESSIONS COURT NASHIK,Maharashtra,MACA,Motor Accident Claims Appeal,2020-07-28,2024-05-14,1386,1386.0,7.234898420314831,district,7,28,1,1,0
MHNS010033312020,DISTRICT AND SESSIONS COURT NASHIK,Maharashtra,MACA,Motor Accident Claims Appeal,2020-07-28,2024-05-14,1386,1386.0,7.234898420314831,district,7,28,1,1,0
MHNS010033312020,DISTRICT AND SESSIONS COURT NASHIK,Maharashtra,MACA,Motor Accident Claims Appeal,2020-07-28,2024-05-14,1386,1386.0,7.234898420314831,district,7,28,1,1,0
MHNS010033322020,DISTRICT AND SESSIONS COURT NASHIK,Maharashtra,MACA,Motor Accident Claims Appeal,2020-07-28,2024-05-14,1386,1386.0,7.234898420314831,district,7,28,1,1,0
MHNS010033322020,DISTRICT AND SESSIONS COURT NASHIK,Maharashtra,MACA,Motor Accident Claims Appeal,2020-07-28,2024-05-14,1386,1386.0,7.234898420314831,district,7,28,1,1,0
HCBM010256602024,"Bombay HC (Principal, Appellate)",Maharashtra,BA,Bail Application,2024-05-09,2024-08-21,104,104.0,4.653960350157523,hc,5,9,3,0,0
HCBM010246652020,"Bombay HC (Principal, Appellate)",Maharashtra,BA,Bail Application,2020-12-03,2024-01-05,1128,1128.0,7.029087564149662,hc,12,3,3,1,0
HCBM010246652020,"Bombay HC (Principal, Appellate)",Maharashtra,BA,Bail Application,2020-12-03,2024-01-05,1128,1128.0,7.029087564149662,hc,12,3,3,1,0
HCBM010346972023,"Bombay HC (Principal, Appellate)",Maharashtra,BA,Bail Application,2023-08-01,2024-01-03,155,155.0,5.049856007249537,hc,8,1,1,1,0
HCBM010010662024,"Bombay HC (Principal, Appellate)",Maharashtra,BA,Bail Application,2024-01-05,2024-08-26,234,234.0,5.459585514144159,hc,1,5,4,0,0
HCBM010342962024,"Bombay HC (Principal, Appellate)",Maharashtra,BA,Bail Application,2024-07-12,2024-09-05,55,55.0,4.02535169073515,hc,7,12,4,0,0
HCBM010342972024,"Bombay HC (Principal, Appellate)",Maharashtra,BA,Bail Application,2024-07-12,2024-12-13,154,154.0,5.043425116919247,hc,7,12,4,0,0
HCBM010026302024,"Bombay HC (Principal, Appellate)",Maharashtra,BA,Bail Application,2024-01-15,2024-10-04,263,263.0,5.575949103146316,hc,1,15,0,0,0
HCBM010017782024,"Bombay HC (Principal, Appellate)",Maharashtra,BA,Bail Application,2024-01-10,2024-10-03,267,267.0,5.5909869805108565,hc,1,10,2,0,0
HCBM010219432024,"Bombay HC (Principal, Appellate)",Maharashtra,BA,Bail Application,2024-04-24,2024-10-03,162,162.0,5.093750200806762,hc,4,24,2,0,0
HCBM010220512022,"Bombay HC (Principal, Appellate)",Maharashtra,BA,Bail Application,2022-06-01,2024-08-01,792,792.0,6.675823221634848,hc,6,1,2,1,0
HCBM010034902024,"Bombay HC (Principal, Appellate)",Maharashtra,BA,Bail Application,2024-01-18,2024-01-25,7,7.0,2.0794415416798357,hc,1,18,3,0,0
HCBM010548602023,"Bombay HC (Principal, Appellate)",Maharashtra,BA,Bail Application,2023-11-30,2024-07-22,235,235.0,5.4638318050256105,hc,11,30,3,1,0
HCBM010111562023,"Bombay HC (Principal, Appellate)",Maharashtra,BA,Bail Application,2023-03-04,2024-05-06,429,429.0,6.063785208687608,hc,3,4,5,1,0
HCBM010111572023,"Bombay HC (Principal, Appellate)",Maharashtra,BA,Bail Application,2023-03-04,2024-03-27,389,389.0,5.966146739123692,hc,3,4,5,1,0
HCBM010117732024,"Bombay HC (Principal, Appellate)",Maharashtra,BA,Bail Application,2024-03-01,2024-07-24,145,145.0,4.983606621708336,hc,3,1,4,0,0
HCBM010034842024,"Bombay HC (Principal, Appellate)",Maharashtra,BA,Bail Application,2024-01-18,2024-01-30,12,12.0,2.5649493574615367,hc,1,18,3,0,0
HCBM010033572024,"Bombay HC (Principal, Appellate)",Maharashtra,BA,Bail Application,2024-01-18,2024-02-02,15,15.0,2.772588722239781,hc,1,18,3,0,0
HCBM010531732023,"Bombay HC (Principal, Appellate)",Maharashtra,BA,Bail Application,2023-11-09,2024-10-09,335,335.0,5.817111159963204,hc,11,9,3,1,0
HCBM010198002023,"Bombay HC (Principal, Appellate)",Maharashtra,BA,Bail Application,2023-04-21,2024-01-23,277,277.0,5.627621113690637,hc,4,21,4,1,0
HCBM010205122024,"Bombay HC (Principal, Appellate)",Maharashtra,BA,Bail Application,2024-04-18,2024-10-14,179,179.0,5.19295685089021,hc,4,18,3,0,0
HCBM010205132021,"Bombay HC (Principal, Appellate)",Maharashtra,BA,Bail Application,2021-06-10,2024-01-10,944,944.0,6.851184927493743,hc,6,10,3,1,0
HCBM010117442024,"Bombay HC (Principal, Appellate)",Maharashtra,BA,Bail Application,2024-03-01,2024-03-05,4,4.0,1.6094379124341003,hc,3,1,4,0,0
HCBM010138782024,"Bombay HC (Principal, Appellate)",Maharashtra,BA,Bail Application,2024-03-13,2024-10-24,225,225.0,5.420534999272286,hc,3,13,2,0,0
HCBM010026962024,"Bombay HC (Principal, Appellate)",Maharashtra,BA,Bail Application,2024-01-15,2024-10-17,276,276.0,5.6240175061873385,hc,1,15,0,0,0
HCBM010227692022,"Bombay HC (Principal, Appellate)",Maharashtra,BA,Bail Application,2022-06-07,2024-01-30,602,602.0,6.401917196727186,hc,6,7,1,1,0
HCBM010235362024,"Bombay HC (Principal, Appellate)",Maharashtra,BA,Bail Application,2024-05-02,2024-08-23,113,113.0,4.736198448394496,hc,5,2,3,0,0
HCBM010235362023,"Bombay HC (Principal, Appellate)",Maharashtra,BA,Bail Application,2023-05-15,2024-04-23,344,344.0,5.84354441703136,hc,5,15,0,1,0
HCBM010190572024,"Bombay HC (Principal, Appellate)",Maharashtra,BA,Bail Application,2024-04-10,2024-10-01,174,174.0,5.1647859739235145,hc,4,10,2,0,0
HCBM010358742023,"Bombay HC (Principal, Appellate)",Maharashtra,BA,Bail Application,2023-08-07,2024-02-21,198,198.0,5.293304824724492,hc,8,7,0,1,0
HCBM010011012024,"Bombay HC (Principal, Appellate)",Maharashtra,BA,Bail Application,2024-01-05,2024-03-02,57,57.0,4.060443010546419,hc,1,5,4,0,0
HCBM010018242024,"Bombay HC (Principal, Appellate)",Maharashtra,BA,Bail Application,2024-01-10,2024-12-19,344,344.0,5.84354441703136,hc,1,10,2,0,0
HCBM010216772024,"Bombay HC (Principal, Appellate)",Maharashtra,BA,Bail Application,2024-04-23,2024-06-20,58,58.0,4.07753744390572,hc,4,23,1,0,0
HCBM010020952024,"Bombay HC (Principal, Appellate)",Maharashtra,BA,Bail Application,2024-01-11,2024-08-12,214,214.0,5.3706380281276624,hc,1,11,3,0,0
HCBM010132642023,"Bombay HC (Principal, Appellate)",Maharashtra,BA,Bail Application,2023-03-17,2024-04-10,390,390.0,5.968707559985366,hc,3,17,4,1,0
HCBM010352082024,"Bombay HC (Principal, Appellate)",Maharashtra,BA,Bail Application,2024-07-18,2024-08-13,26,26.0,3.295836866004329,hc,7,18,3,0,0
HCBM010356142024,"Bombay HC (Principal, Appellate)",Maharashtra,BA,Bail Application,2024-07-19,2024-11-21,125,125.0,4.836281906951478,hc,7,19,4,0,0
HCBM010086892022,"Bombay HC (Principal, Appellate)",Maharashtra,BA,Bail Application,2022-02-26,2024-04-08,772,772.0,6.650279048587422,hc,2,26,5,1,0
HCBM010332882024,"Bombay HC (Principal, Appellate)",Maharashtra,BA,Bail Application,2024-07-06,2024-12-20,167,167.0,5.123963979403259,hc,7,6,5,0,0
HCBM010034892024,"Bombay HC (Principal, Appellate)",Maharashtra,BA,Bail Application,2024-01-18,2024-01-30,12,12.0,2.5649493574615367,hc,1,18,3,0,0
HCBM010062232024,"Bombay HC (Principal, Appellate)",Maharashtra,BA,Bail Application,2024-02-02,2024-02-23,21,21.0,3.091042453358316,hc,2,2,4,0,0
HCBM010218772024,"Bombay HC (Principal, Appellate)",Maharashtra,BA,Bail Application,2024-04-24,2024-08-07,105,105.0,4.663439094112067,hc,4,24,2,0,0
HCBM010223712024,"Bombay HC (Principal, Appellate)",Maharashtra,BA,Bail Application,2024-04-26,2024-07-22,87,87.0,4.477336814478207,hc,4,26,4,0,0
HCBM010224932024,"Bombay HC (Principal, Appellate)",Maharashtra,BA,Bail Application,2024-04-26,2024-05-06,10,10.0,2.3978952727983707,hc,4,26,4,0,0
HCBM010045542023,"Bombay HC (Principal, Appellate)",Maharashtra,BA,Bail Application,2023-01-25,2024-01-09,349,349.0,5.857933154483459,hc,1,25,2,1,0
HCBM010044702024,"Bombay HC (Principal, Appellate)",Maharashtra,BA,Bail Application,2024-01-24,2024-06-13,141,141.0,4.955827057601261,hc,1,24,2,0,0
HCBM010055462024,"Bombay HC (Principal, Appellate)",Maharashtra,BA,Bail Application,2024-01-30,2024-03-15,45,45.0,3.828641396489095,hc,1,30,1,0,0
HCBM010057892024,"Bombay HC (Principal, Appellate)",Maharashtra,BA,Bail Application,2024-01-31,2024-03-21,50,50.0,3.9318256327243257,hc,1,31,2,0,0
HCBM010109932024,"Bombay HC (Principal, Appellate)",Maharashtra,BA,Bail Application,2024-02-27,2024-03-20,22,22.0,3.1354942159291497,hc,2,27,1,0,0
HCBM010329172023,"Bombay HC (Principal, Appellate)",Maharashtra,BA,Bail Application,2023-07-21,2024-06-28,343,343.0,5.840641657373398,hc,7,21,4,1,0
HCBM010335922023,"Bombay HC (Principal, Appellate)",Maharashtra,BA,Bail Application,2023-07-26,2024-09-27,429,429.0,6.063785208687608,hc,7,26,2,1,0
HCBM010057172024,"Bombay HC (Principal, Appellate)",Maharashtra,BA,Bail Application,2024-01-31,2024-08-21,203,203.0,5.318119993844216,hc,1,31,2,0,0
HCBM010130382024,"Bombay HC (Principal, Appellate)",Maharashtra,BA,Bail Application,2024-03-08,2024-04-04,27,27.0,3.332204510175204,hc,3,8,4,0,0
HCBM010142402024,"Bombay HC (Principal, Appellate)",Maharashtra,BA,Bail Application,2024-03-14,2024-10-16,216,216.0,5.37989735354046,hc,3,14,3,0,0
HCBM010117042024,"Bombay HC (Principal, Appellate)",Maharashtra,BA,Bail Application,2024-03-01,2024-09-04,187,187.0,5.236441962829949,hc,3,1,4,0,0
HCBM010020972024,"Bombay HC (Principal, Appellate)",Maharashtra,BA,Bail Application,2024-01-11,2024-07-05,176,176.0,5.176149732573829,hc,1,11,3,0,0
HCBM010458492023,"Bombay HC (Principal, Appellate)",Maharashtra,BA,Bail Application,2023-10-05,2024-01-22,109,109.0,4.700480365792417,hc,10,5,3,1,0
HCBM010004282024,"Bombay HC (Principal, Appellate)",Maharashtra,BA,Bail Application,2024-01-03,2024-09-27,268,268.0,5.594711379601839,hc,1,3,2,0,0
HCBM010592162023,"Bombay HC (Principal, Appellate)",Maharashtra,BA,Bail Application,2023-12-21,2024-01-19,29,29.0,3.4011973816621555,hc,12,21,3,1,0
HCBM010193452022,"Bombay HC (Principal, Appellate)",Maharashtra,BA,Bail Application,2022-05-04,2024-03-13,679,679.0,6.522092798170152,hc,5,4,2,1,0
HCBM010193462024,"Bombay HC (Principal, Appellate)",Maharashtra,BA,Bail Application,2024-04-12,2024-06-18,67,67.0,4.219507705176107,hc,4,12,4,0,0
HCBM010194492023,"Bombay HC (Principal, Appellate)",Maharashtra,BA,Bail Application,2023-04-20,2024-01-30,285,285.0,5.655991810819852,hc,4,20,3,1,0
HCBM010195582023,"Bombay HC (Principal, Appellate)",Maharashtra,BA,Bail Application,2023-04-20,2024-01-10,265,265.0,5.583496308781699,hc,4,20,3,1,0
HCBM010194492024,"Bombay HC (Principal, Appellate)",Maharashtra,BA,Bail Application,2024-04-12,2024-11-29,231,231.0,5.44673737166631,hc,4,12,4,0,0
HCBM010380792023,"Bombay HC (Principal, Appellate)",Maharashtra,BA,Bail Application,2023-08-19,2024-02-01,166,166.0,5.117993812416755,hc,8,19,5,1,0
HCBM010169162023,"Bombay HC (Principal, Appellate)",Maharashtra,BA,Bail Application,2023-04-05,2024-04-04,365,365.0,5.902633333401366,hc,4,5,2,1,0
HCBM010176372024,"Bombay HC (Principal, Appellate)",Maharashtra,BA,Bail Application,2024-04-03,2024-07-05,93,93.0,4.543294782270004,hc,4,3,2,0,0
HCBM010158692024,"Bombay HC (Principal, Appellate)",Maharashtra,BA,Bail Application,2024-03-22,2024-08-27,158,158.0,5.0689042022202315,hc,3,22,4,0,0
HCBM010282462022,"Bombay HC (Principal, Appellate)",Maharashtra,BA,Bail Application,2022-07-11,2024-03-07,605,605.0,6.406879986069314,hc,7,11,0,1,0
HCBM010289862024,"Bombay HC (Principal, Appellate)",Maharashtra,BA,Bail Application,2024-06-14,2024-06-21,7,7.0,2.0794415416798357,hc,6,14,4,0,0
HCBM010291082024,"Bombay HC (Principal, Appellate)",Maharashtra,BA,Bail Application,2024-06-14,2024-08-13,60,60.0,4.110873864173311,hc,6,14,4,0,0
HCBM010291062024,"Bombay HC (Principal, Appellate)",Maharashtra,BA,Bail Application,2024-06-14,2024-11-19,158,158.0,5.0689042022202315,hc,6,14,4,0,0
HCBM010292332023,"Bombay HC (Principal, Appellate)",Maharashtra,BA,Bail Application,2023-07-03,2024-04-10,282,282.0,5.645446897643238,hc,7,3,0,1,0
HCBM010137162024,"Bombay HC (Principal, Appellate)",Maharashtra,BA,Bail Application,2024-03-12,2024-08-07,148,148.0,5.003946305945459,hc,3,12,1,0,0
HCBM010087092024,"Bombay HC (Principal, Appellate)",Maharashtra,BA,Bail Application,2024-02-15,2024-02-21,6,6.0,1.9459101490553132,hc,2,15,3,0,0
HCBM010514102023,"Bombay HC (Principal, Appellate)",Maharashtra,BA,Bail Application,2023-11-02,2024-05-03,183,183.0,5.214935757608986,hc,11,2,3,1,0
HCBM010463682024,"Bombay HC (Principal, Appellate)",Maharashtra,BA,Bail Application,2024-09-18,2024-10-23,35,35.0,3.58351893845611,hc,9,18,2,0,0
HCBM010463672024,"Bombay HC (Principal, Appellate)",Maharashtra,BA,Bail Application,2024-09-18,2024-10-18,30,30.0,3.4339872044851463,hc,9,18,2,0,0
HCBM010463662022,"Bombay HC (Principal, Appellate)",Maharashtra,BA,Bail Application,2022-11-10,2024-05-02,539,539.0,6.29156913955832,hc,11,10,3,1,0
HCBM010482242024,"Bombay HC (Principal, Appellate)",Maharashtra,BA,Bail Application,2024-09-26,2024-10-22,26,26.0,3.295836866004329,hc,9,26,3,0,0
HCBM010169642023,"Bombay HC (Principal, Appellate)",Maharashtra,BA,Bail Application,2023-04-06,2024-04-04,364,364.0,5.8998973535824915,hc,4,6,3,1,0
HCBM010182182023,"Bombay HC (Principal, Appellate)",Maharashtra,BA,Bail Application,2023-04-13,2024-01-18,280,280.0,5.638354669333745,hc,4,13,3,1,0
HCBM010181002023,"Bombay HC (Principal, Appellate)",Maharashtra,BA,Bail Application,2023-04-13,2024-09-25,531,531.0,6.2766434893416445,hc,4,13,3,1,0
HCBM010070222024,"Bombay HC (Principal, Appellate)",Maharashtra,BA,Bail Application,2024-02-06,2024-07-05,150,150.0,5.017279836814924,hc,2,6,1,0,0
HCBM010287252023,"Bombay HC (Principal, Appellate)",Maharashtra,BA,Bail Application,2023-06-28,2024-02-21,238,238.0,5.476463551931511,hc,6,28,2,1,0
HCBM010295962023,"Bombay HC (Principal, Appellate)",Maharashtra,BA,Bail Application,2023-07-04,2024-04-03,274,274.0,5.616771097666572,hc,7,4,1,1,0
HCBM010295982023,"Bombay HC (Principal, Appellate)",Maharashtra,BA,Bail Application,2023-07-04,2024-02-28,239,239.0,5.480638923341991,hc,7,4,1,1,0
HCBM010295982024,"Bombay HC (Principal, Appellate)",Maharashtra,BA,Bail Application,2024-06-19,2024-12-19,183,183.0,5.214935757608986,hc,6,19,2,0,0
HCBM010307632022,"Bombay HC (Principal, Appellate)",Maharashtra,BA,Bail Application,2022-07-26,2024-03-07,590,590.0,6.3818160174060985,hc,7,26,1,1,0
HCBM010338272024,"Bombay HC (Principal, Appellate)",Maharashtra,BA,Bail Application,2024-07-10,2024-07-31,21,21.0,3.091042453358316,hc,7,10,2,0,0
HCBM010163562024,"Bombay HC (Principal, Appellate)",Maharashtra,BA,Bail Application,2024-03-27,2024-04-04,8,8.0,2.1972245773362196,hc,3,27,2,0,0
HCBM010132352024,"Bombay HC (Principal, Appellate)",Maharashtra,BA,Bail Application,2024-03-08,2024-04-17,40,40.0,3.713572066704308,hc,3,8,4,0,0
HCBM010132362024,"Bombay HC (Principal, Appellate)",Maharashtra,BA,Bail Application,2024-03-08,2024-11-25,262,262.0,5.572154032177765,hc,3,8,4,0,0
HCBM010315462024,"Bombay HC (Principal, Appellate)",Maharashtra,BA,Bail Application,2024-06-28,2024-09-25,89,89.0,4.499809670330265,hc,6,28,4,0,0
HCBM010324992024,"Bombay HC (Principal, Appellate)",Maharashtra,BA,Bail Application,2024-07-03,2024-08-26,54,54.0,4.007333185232471,hc,7,3,2,0,0
HCBM010059992024,"Bombay HC (Principal, Appellate)",Maharashtra,BA,Bail Application,2024-02-01,2024-04-10,69,69.0,4.248495242049359,hc,2,1,3,0,0
HCBM010111272024,"Bombay HC (Principal, Appellate)",Maharashtra,BA,Bail Application,2024-02-27,2024-08-23,178,178.0,5.187385805840755,hc,2,27,1,0,0
HCBM010111252024,"Bombay HC (Principal, Appellate)",Maharashtra,BA,Bail Application,2024-02-27,2024-09-19,205,205.0,5.327876168789581,hc,2,27,1,0,0
HCBM010545432023,"Bombay HC (Principal, Appellate)",Maharashtra,BA,Bail Application,2023-11-29,2024-05-09,162,162.0,5.093750200806762,hc,11,29,2,1,0
HCBM010550292022,"Bombay HC (Principal, Appellate)",Maharashtra,BA,Bail Application,2022-12-23,2024-02-05,409,409.0,6.016157159698354,hc,12,23,4,1,0
HCBM010555622023,"Bombay HC (Principal, Appellate)",Maharashtra,BA,Bail Application,2023-12-04,2024-01-31,58,58.0,4.07753744390572,hc,12,4,0,1,0
DLSE010072052024,"District and Sessions Judge, South-East, Saket",Delhi,BA,Bail Application,2024-07-16,2024-08-03,18,18.0,2.9444389791664403,district,7,16,1,0,0
DLSE010078212024,"District and Sessions Judge, South-East, Saket",Delhi,BA,Bail Application,2024-07-30,2024-08-03,4,4.0,1.6094379124341003,district,7,30,1,0,0
DLSE010059752024,"District and Sessions Judge, South-East, Saket",Delhi,BA,Bail Application,2024-06-04,2024-06-14,10,10.0,2.3978952727983707,district,6,4,1,0,0
DLSE010078202024,"District and Sessions Judge, South-East, Saket",Delhi,BA,Bail Application,2024-07-30,2024-08-21,22,22.0,3.1354942159291497,district,7,30,1,0,0
DLHC010165792024,"High Court, Delhi",Delhi,BA,Bail Application,2024-03-27,2024-04-01,5,5.0,1.791759469228055,hc,3,27,2,0,0
DLHC010165802024,"High Court, Delhi",Delhi,BA,Bail Application,2024-03-27,2024-05-13,47,47.0,3.8712010109078907,hc,3,27,2,0,0
DLHC010165782024,"High Court, Delhi",Delhi,BA,Bail Application,2024-03-27,2024-10-01,188,188.0,5.241747015059643,hc,3,27,2,0,0
DLSE010071962024,"District and Sessions Judge, South-East, Saket",Delhi,BA,Bail Application,2024-07-16,2024-07-19,3,3.0,1.3862943611198906,district,7,16,1,0,0
DLSE010072002024,"District and Sessions Judge, South-East, Saket",Delhi,BA,Bail Application,2024-07-16,2024-08-01,16,16.0,2.833213344056216,district,7,16,1,0,0
DLSE010071972024,"District and Sessions Judge, South-East, Saket",Delhi,BA,Bail Application,2024-07-16,2024-07-26,10,10.0,2.3978952727983707,district,7,16,1,0,0
DLSE010071952024,"District and Sessions Judge, South-East, Saket",Delhi,BA,Bail Application,2024-07-16,2024-07-18,2,2.0,1.0986122886681096,district,7,16,1,0,0
DLSE010072032024,"District and Sessions Judge, South-East, Saket",Delhi,BA,Bail Application,2024-07-16,2024-07-22,6,6.0,1.9459101490553132,district,7,16,1,0,0
DLSE010082482024,"District and Sessions Judge, South-East, Saket",Delhi,BA,Bail Application,2024-08-09,2024-08-12,3,3.0,1.3862943611198906,district,8,9,4,0,0
DLSE010082502024,"District and Sessions Judge, South-East, Saket",Delhi,BA,Bail Application,2024-08-09,2024-08-21,12,12.0,2.5649493574615367,district,8,9,4,0,0
DLSE010082542024,"District and Sessions Judge, South-East, Saket",Delhi,BA,Bail Application,2024-08-09,2024-08-28,19,19.0,2.995732273553991,district,8,9,4,0,0
DLSE010082562024,"District and Sessions Judge, South-East, Saket",Delhi,BA,Bail Application,2024-08-09,2024-08-16,7,7.0,2.0794415416798357,district,8,9,4,0,0
DLSE010071992024,"District and Sessions Judge, South-East, Saket",Delhi,BA,Bail Application,2024-07-16,2024-07-24,8,8.0,2.1972245773362196,district,7,16,1,0,0
DLSE010082572024,"District and Sessions Judge, South-East, Saket",Delhi,BA,Bail Application,2024-08-09,2024-08-12,3,3.0,1.3862943611198906,district,8,9,4,0,0
DLSE010082522024,"District and Sessions Judge, South-East, Saket",Delhi,BA,Bail Application,2024-08-09,2024-08-12,3,3.0,1.3862943611198906,district,8,9,4,0,0
DLSE010082532024,"District and Sessions Judge, South-East, Saket",Delhi,BA,Bail Application,2024-08-09,2024-08-22,13,13.0,2.639057329615259,district,8,9,4,0,0
DLSE010072022024,"District and Sessions Judge, South-East, Saket",Delhi,BA,Bail Application,2024-07-16,2024-09-06,52,52.0,3.970291913552122,district,7,16,1,0,0
DLSE010059662024,"District and Sessions Judge, South-East, Saket",Delhi,BA,Bail Application,2024-06-04,2024-06-06,2,2.0,1.0986122886681096,district,6,4,1,0,0
DLSE010059652024,"District and Sessions Judge, South-East, Saket",Delhi,BA,Bail Application,2024-06-04,2024-06-06,2,2.0,1.0986122886681096,district,6,4,1,0,0
DLHC010321652021,"High Court, Delhi",Delhi,BA,Bail Application,2021-10-11,2024-01-22,833,833.0,6.726233402358747,hc,10,11,0,1,0
DLHC010372732024,"High Court, Delhi",Delhi,BA,Bail Application,2024-07-01,2024-07-02,1,1.0,0.6931471805599453,hc,7,1,0,0,0
DLHC010372722024,"High Court, Delhi",Delhi,BA,Bail Application,2024-06-30,2024-07-02,2,2.0,1.0986122886681096,hc,6,30,6,0,0
DLHC010372742024,"High Court, Delhi",Delhi,BA,Bail Application,2024-06-30,2024-08-08,39,39.0,3.6888794541139363,hc,6,30,6,0,0
DLHC010372762024,"High Court, Delhi",Delhi,BA,Bail Application,2024-06-30,2024-08-28,59,59.0,4.0943445622221,hc,6,30,6,0,0
DLHC010372782024,"High Court, Delhi",Delhi,BA,Bail Application,2024-06-27,2024-10-28,123,123.0,4.820281565605037,hc,6,27,3,0,0
DLHC010402392023,"High Court, Delhi",Delhi,BA,Bail Application,2023-10-07,2024-02-02,118,118.0,4.77912349311153,hc,10,7,5,1,0
DLWT010000412024,"District and Sessions Judge, West, THC",Delhi,BA,Bail Application,2024-01-03,2024-01-04,1,1.0,0.6931471805599453,district,1,3,2,0,0
DLWT010002082024,"District and Sessions Judge, West, THC",Delhi,BA,Bail Application,2024-01-08,2024-01-09,1,1.0,0.6931471805599453,district,1,8,0,0,0
DLWT010002092024,"District and Sessions Judge, West, THC",Delhi,BA,Bail Application,2024-01-08,2024-01-09,1,1.0,0.6931471805599453,district,1,8,0,0,0
DLWT010003942024,"District and Sessions Judge, West, THC",Delhi,BA,Bail Application,2024-01-15,2024-01-22,7,7.0,2.0794415416798357,district,1,15,0,0,0
DLST010002702024,"District and Sessions Judge, South, Saket",Delhi,BA,Bail Application,2024-01-10,2024-01-11,1,1.0,0.6931471805599453,district,1,10,2,0,0
DLST010002722024,"District and Sessions Judge, South, Saket",Delhi,BA,Bail Application,2024-01-10,2024-01-11,1,1.0,0.6931471805599453,district,1,10,2,0,0
DLST010002742024,"District and Sessions Judge, South, Saket",Delhi,BA,Bail Application,2024-01-10,2024-01-11,1,1.0,0.6931471805599453,district,1,10,2,0,0
DLST010004482024,"District and Sessions Judge, South, Saket",Delhi,BA,Bail Application,2024-01-18,2024-03-01,43,43.0,3.784189633918261,district,1,18,3,0,0
DLSE010033582024,"District and Sessions Judge, South-East, Saket",Delhi,BA,Bail Application,2024-04-03,2024-04-29,26,26.0,3.295836866004329,district,4,3,2,0,0
DLSE010059712024,"District and Sessions Judge, South-East, Saket",Delhi,BA,Bail Application,2024-06-04,2024-06-14,10,10.0,2.3978952727983707,district,6,4,1,0,0
DLSE010059702024,"District and Sessions Judge, South-East, Saket",Delhi,BA,Bail Application,2024-06-04,2024-06-14,10,10.0,2.3978952727983707,district,6,4,1,0,0
DLSE010059732024,"District and Sessions Judge, South-East, Saket",Delhi,BA,Bail Application,2024-06-04,2024-06-14,10,10.0,2.3978952727983707,district,6,4,1,0,0
DLSE010059682024,"District and Sessions Judge, South-East, Saket",Delhi,BA,Bail Application,2024-06-04,2024-06-05,1,1.0,0.6931471805599453,district,6,4,1,0,0
DLSE010059722024,"District and Sessions Judge, South-East, Saket",Delhi,BA,Bail Application,2024-06-04,2024-06-14,10,10.0,2.3978952727983707,district,6,4,1,0,0
DLHC010026162024,"High Court, Delhi",Delhi,BA,Bail Application,2024-01-25,2024-04-09,75,75.0,4.330733340286331,hc,1,25,3,0,0
DLSW010052352024,"District and Sessions Judge, South-West, DWK",Delhi,BA,Bail Application,2024-05-29,2024-05-30,1,1.0,0.6931471805599453,district,5,29,2,0,0
DLSW010052362024,"District and Sessions Judge, South-West, DWK",Delhi,BA,Bail Application,2024-05-29,2024-05-30,1,1.0,0.6931471805599453,district,5,29,2,0,0
DLSW010061772024,"District and Sessions Judge, South-West, DWK",Delhi,BA,Bail Application,2024-07-04,2024-07-05,1,1.0,0.6931471805599453,district,7,4,3,0,0
DLSW010061752024,"District and Sessions Judge, South-West, DWK",Delhi,BA,Bail Application,2024-07-04,2024-07-05,1,1.0,0.6931471805599453,district,7,4,3,0,0
DLSW010061782024,"District and Sessions Judge, South-West, DWK",Delhi,BA,Bail Application,2024-07-04,2024-07-05,1,1.0,0.6931471805599453,district,7,4,3,0,0
DLSW010070812024,"District and Sessions Judge, South-West, DWK",Delhi,BA,Bail Application,2024-07-26,2024-07-31,5,5.0,1.791759469228055,district,7,26,4,0,0
DLSW010070892024,"District and Sessions Judge, South-West, DWK",Delhi,BA,Bail Application,2024-07-26,2024-07-30,4,4.0,1.6094379124341003,district,7,26,4,0,0
DLSW010070912024,"District and Sessions Judge, South-West, DWK",Delhi,BA,Bail Application,2024-07-26,2024-07-30,4,4.0,1.6094379124341003,district,7,26,4,0,0
DLSW010070922024,"District and Sessions Judge, South-West, DWK",Delhi,BA,Bail Application,2024-07-26,2024-08-09,14,14.0,2.70805020110221,district,7,26,4,0,0
DLSW010100192024,"District and Sessions Judge, South-West, DWK",Delhi,BA,Bail Application,2024-10-15,2024-10-16,1,1.0,0.6931471805599453,district,10,15,1,0,0
DLSW010100202024,"District and Sessions Judge, South-West, DWK",Delhi,BA,Bail Application,2024-10-15,2024-10-16,1,1.0,0.6931471805599453,district,10,15,1,0,0
DLWT010000422024,"District and Sessions Judge, West, THC",Delhi,BA,Bail Application,2024-01-03,2024-01-04,1,1.0,0.6931471805599453,district,1,3,2,0,0
DLHC010393092023,"High Court, Delhi",Delhi,BA,Bail Application,2023-09-30,2024-02-19,142,142.0,4.962844630259907,hc,9,30,5,1,0
DLHC010393102023,"High Court, Delhi",Delhi,BA,Bail Application,2023-09-27,2024-01-31,126,126.0,4.844187086458591,hc,9,27,2,1,0
DLWT010073692024,"District and Sessions Judge, West, THC",Delhi,BA,Bail Application,2024-08-28,2024-08-29,1,1.0,0.6931471805599453,district,8,28,2,0,0
DLWT010084842024,"District and Sessions Judge, West, THC",Delhi,BA,Bail Application,2024-09-30,2024-10-09,9,9.0,2.302585092994046,district,9,30,0,0,0
DLHC010022292024,"High Court, Delhi",Delhi,BA,Bail Application,2024-01-23,2024-03-28,65,65.0,4.189654742026425,hc,1,23,1,0,0
DLHC010030632024,"High Court, Delhi",Delhi,BA,Bail Application,2024-01-30,2024-01-31,1,1.0,0.6931471805599453,hc,1,30,1,0,0
DLHC010030642024,"High Court, Delhi",Delhi,BA,Bail Application,2024-01-30,2024-05-16,107,107.0,4.68213122712422,hc,1,30,1,0,0
DLSE010024562024,"District and Sessions Judge, South-East, Saket",Delhi,BA,Bail Application,2024-03-13,2024-03-14,1,1.0,0.6931471805599453,district,3,13,2,0,0
DLSE010029662024,"District and Sessions Judge, South-East, Saket",Delhi,BA,Bail Application,2024-03-23,2024-03-28,5,5.0,1.791759469228055,district,3,23,5,0,0
DLSE010029652024,"District and Sessions Judge, South-East, Saket",Delhi,BA,Bail Application,2024-03-23,2024-03-26,3,3.0,1.3862943611198906,district,3,23,5,0,0
DLSE010029682024,"District and Sessions Judge, South-East, Saket",Delhi,BA,Bail Application,2024-03-23,2024-03-30,7,7.0,2.0794415416798357,district,3,23,5,0,0
DLSE010029642024,"District and Sessions Judge, South-East, Saket",Delhi,BA,Bail Application,2024-03-23,2024-04-03,11,11.0,2.4849066497880004,district,3,23,5,0,0
DLSE010029672024,"District and Sessions Judge, South-East, Saket",Delhi,BA,Bail Application,2024-03-23,2024-03-26,3,3.0,1.3862943611198906,district,3,23,5,0,0
DLHC010382092022,"High Court, Delhi",Delhi,BA,Bail Application,2022-10-10,2024-02-20,498,498.0,6.212606095751519,hc,10,10,0,1,0
DLSE010015972024,"District and Sessions Judge, South-East, Saket",Delhi,BA,Bail Application,2024-02-15,2024-02-16,1,1.0,0.6931471805599453,district,2,15,3,0,0
DLSE010010382024,"District and Sessions Judge, South-East, Saket",Delhi,BA,Bail Application,2024-01-31,2024-02-01,1,1.0,0.6931471805599453,district,1,31,2,0,0
DLSE010008422024,"District and Sessions Judge, South-East, Saket",Delhi,BA,Bail Application,2024-01-24,2024-01-29,5,5.0,1.791759469228055,district,1,24,2,0,0
DLSE010015942024,"District and Sessions Judge, South-East, Saket",Delhi,BA,Bail Application,2024-02-15,2024-02-17,2,2.0,1.0986122886681096,district,2,15,3,0,0
DLSE010015962024,"District and Sessions Judge, South-East, Saket",Delhi,BA,Bail Application,2024-02-15,2024-02-16,1,1.0,0.6931471805599453,district,2,15,3,0,0
DLSE010015952024,"District and Sessions Judge, South-East, Saket",Delhi,BA,Bail Application,2024-02-15,2024-03-04,18,18.0,2.9444389791664403,district,2,15,3,0,0
DLHC010220522024,"High Court, Delhi",Delhi,BA,Bail Application,2024-04-25,2024-07-30,96,96.0,4.574710978503383,hc,4,25,3,0,0
DLST010021182024,"District and Sessions Judge, South, Saket",Delhi,BA,Bail Application,2024-03-12,2024-03-22,10,10.0,2.3978952727983707,district,3,12,1,0,0
DLST010036862024,"District and Sessions Judge, South, Saket",Delhi,BA,Bail Application,2024-04-19,2024-04-30,11,11.0,2.4849066497880004,district,4,19,4,0,0
DLST010036872024,"District and Sessions Judge, South, Saket",Delhi,BA,Bail Application,2024-04-19,2024-04-27,8,8.0,2.1972245773362196,district,4,19,4,0,0
DLHC010212422024,"High Court, Delhi",Delhi,BA,Bail Application,2024-04-16,2024-07-23,98,98.0,4.59511985013459,hc,4,16,1,0,0
DLHC010332842024,"High Court, Delhi",Delhi,BA,Bail Application,2024-05-28,2024-05-30,2,2.0,1.0986122886681096,hc,5,28,1,0,0
DLHC010332852024,"High Court, Delhi",Delhi,BA,Bail Application,2024-05-28,2024-07-26,59,59.0,4.0943445622221,hc,5,28,1,0,0
DLHC010332862024,"High Court, Delhi",Delhi,BA,Bail Application,2024-05-28,2024-08-14,78,78.0,4.3694478524670215,hc,5,28,1,0,0
DLSW010000592024,"District and Sessions Judge, South-West, DWK",Delhi,BA,Bail Application,2024-01-03,2024-01-10,7,7.0,2.0794415416798357,district,1,3,2,0,0
DLSW010016132024,"District and Sessions Judge, South-West, DWK",Delhi,BA,Bail Application,2024-02-17,2024-02-19,2,2.0,1.0986122886681096,district,2,17,5,0,0
DLSW010018782024,"District and Sessions Judge, South-West, DWK",Delhi,BA,Bail Application,2024-02-23,2024-02-27,4,4.0,1.6094379124341003,district,2,23,4,0,0
DLNW010019622024,"District and Sessions Judge, North-West, RHC",Delhi,BA,Bail Application,2024-02-27,2024-03-14,16,16.0,2.833213344056216,district,2,27,1,0,0
DLHC010093262024,"High Court, Delhi",Delhi,BA,Bail Application,2024-02-27,2024-10-18,234,234.0,5.459585514144159,hc,2,27,1,0,0
DLHC010093252024,"High Court, Delhi",Delhi,BA,Bail Application,2024-02-26,2024-03-07,10,10.0,2.3978952727983707,hc,2,26,0,0,0
DLHC010093282024,"High Court, Delhi",Delhi,BA,Bail Application,2024-02-27,2024-05-30,93,93.0,4.543294782270004,hc,2,27,1,0,0
DLHC010093272024,"High Court, Delhi",Delhi,BA,Bail Application,2024-02-27,2024-05-06,69,69.0,4.248495242049359,hc,2,27,1,0,0
DLWT010014672024,"District and Sessions Judge, West, THC",Delhi,BA,Bail Application,2024-02-20,2024-03-13,22,22.0,3.1354942159291497,district,2,20,1,0,0
DLWT010014662024,"District and Sessions Judge, West, THC",Delhi,BA,Bail Application,2024-02-20,2024-03-13,22,22.0,3.1354942159291497,district,2,20,1,0,0
DLWT010014682024,"District and Sessions Judge, West, THC",Delhi,BA,Bail Application,2024-02-20,2024-03-13,22,22.0,3.1354942159291497,district,2,20,1,0,0
DLWT010066582024,"District and Sessions Judge, West, THC",Delhi,BA,Bail Application,2024-08-03,2024-08-09,6,6.0,1.9459101490553132,district,8,3,5,0,0
DLWT010066572024,"District and Sessions Judge, West, THC",Delhi,BA,Bail Application,2024-08-03,2024-08-07,4,4.0,1.6094379124341003,district,8,3,5,0,0
DLWT010066562024,"District and Sessions Judge, West, THC",Delhi,BA,Bail Application,2024-08-03,2024-08-07,4,4.0,1.6094379124341003,district,8,3,5,0,0
DLWT010089212024,"District and Sessions Judge, West, THC",Delhi,BA,Bail Application,2024-10-14,2024-10-22,8,8.0,2.1972245773362196,district,10,14,0,0,0
GJHC240064392020,"High Court, Gujarat",Gujarat,CRL_A,Criminal Appeal,2020-01-24,2020-02-03,10,10.0,2.3978952727983707,hc,1,24,4,1,0
GJJM010000812020,"DISTRICT AND SESSIONS COURT, JAMNAGAR",Gujarat,CRL_A,Criminal Appeal,2020-01-08,2021-08-12,582,582.0,6.368187186350492,district,1,8,2,1,0
GJHC240416922020,"High Court, Gujarat",Gujarat,CRL_A,Criminal Appeal,2020-09-19,2020-12-23,95,95.0,4.564348191467836,hc,9,19,5,1,0
GJMR010002152020,District Court - Morbi,Gujarat,CRL_A,Criminal Appeal,2020-02-06,2023-07-14,1254,1254.0,7.134890851565884,district,2,6,3,1,0
GJHC240182532020,"High Court, Gujarat",Gujarat,CRL_A,Criminal Appeal,2020-03-09,2024-03-27,1479,1479.0,7.299797366758161,hc,3,9,0,1,0
GJHC240182532020,"High Court, Gujarat",Gujarat,CRL_A,Criminal Appeal,2020-03-09,2024-03-27,1479,1479.0,7.299797366758161,hc,3,9,0,1,0
GJHC240193712020,"High Court, Gujarat",Gujarat,CRL_A,Criminal Appeal,2020-03-13,2024-10-04,1666,1666.0,7.418780882750794,hc,3,13,4,1,0
GJHC240193712020,"High Court, Gujarat",Gujarat,CRL_A,Criminal Appeal,2020-03-13,2024-10-04,1666,1666.0,7.418780882750794,hc,3,13,4,1,0
GJHC240399642020,"High Court, Gujarat",Gujarat,CRL_A,Criminal Appeal,2020-09-10,2020-09-21,11,11.0,2.4849066497880004,hc,9,10,3,1,0
GJHC240399672020,"High Court, Gujarat",Gujarat,CRL_A,Criminal Appeal,2020-09-10,2020-09-24,14,14.0,2.70805020110221,hc,9,10,3,1,0
GJHC240410402020,"High Court, Gujarat",Gujarat,CRL_A,Criminal Appeal,2020-09-17,2020-10-22,35,35.0,3.58351893845611,hc,9,17,3,1,0
GJHC240410372020,"High Court, Gujarat",Gujarat,CRL_A,Criminal Appeal,2020-09-17,2020-11-04,48,48.0,3.8918202981106265,hc,9,17,3,1,0
GJMH150006932020,visnagar_addldj Court,Gujarat,CRL_A,Criminal Appeal,2020-09-22,2020-10-03,11,11.0,2.4849066497880004,district,9,22,1,1,0
GJSK010002682020,DISTRICT AND SESSIONS COURT SABARKANTHA,Gujarat,CRL_A,Criminal Appeal,2020-02-26,2020-03-17,20,20.0,3.044522437723423,district,2,26,2,1,0
GJMH010008522020,"DISTRICT COURT, MEHSANA",Gujarat,CRL_A,Criminal Appeal,2020-03-06,2021-08-31,543,543.0,6.298949246855942,district,3,6,4,1,0
GJMH010008502020,"DISTRICT COURT, MEHSANA",Gujarat,CRL_A,Criminal Appeal,2020-03-06,2022-03-28,752,752.0,6.6240652277998935,district,3,6,4,1,0
GJMH010008512020,"DISTRICT COURT, MEHSANA",Gujarat,CRL_A,Criminal Appeal,2020-03-06,2022-03-28,752,752.0,6.6240652277998935,district,3,6,4,1,0
GJMH010008472020,"DISTRICT COURT, MEHSANA",Gujarat,CRL_A,Criminal Appeal,2020-03-05,2022-06-29,846,846.0,6.741700694652055,district,3,5,3,1,0
GJBN150003302020,mahuva_addldj Court,Gujarat,CRL_A,Criminal Appeal,2020-08-05,2025-01-31,1640,1640.0,7.403061091090091,district,8,5,2,1,0
GJBN150003322020,mahuva_addldj Court,Gujarat,CRL_A,Criminal Appeal,2020-08-06,2020-09-11,36,36.0,3.6109179126442243,district,8,6,3,1,0
GJBN150003312020,mahuva_addldj Court,Gujarat,CRL_A,Criminal Appeal,2020-08-06,2020-09-11,36,36.0,3.6109179126442243,district,8,6,3,1,0
GJHC240399542020,"High Court, Gujarat",Gujarat,CRL_A,Criminal Appeal,2020-09-10,2020-11-25,76,76.0,4.343805421853684,hc,9,10,3,1,0
GJHC240399522020,"High Court, Gujarat",Gujarat,CRL_A,Criminal Appeal,2020-09-10,2020-09-21,11,11.0,2.4849066497880004,hc,9,10,3,1,0
GJHC240270922020,"High Court, Gujarat",Gujarat,CRL_A,Criminal Appeal,2020-06-29,2020-07-03,4,4.0,1.6094379124341003,hc,6,29,0,1,0
GJHC240286962020,"High Court, Gujarat",Gujarat,CRL_A,Criminal Appeal,2020-07-15,2020-08-17,33,33.0,3.5263605246161616,hc,7,15,2,1,0
GJHC240406792020,"High Court, Gujarat",Gujarat,CRL_A,Criminal Appeal,2020-09-16,2020-10-22,36,36.0,3.6109179126442243,hc,9,16,2,1,0
GJHC240304042020,"High Court, Gujarat",Gujarat,CRL_A,Criminal Appeal,2020-07-23,2020-08-19,27,27.0,3.332204510175204,hc,7,23,3,1,0
GJHC240332372020,"High Court, Gujarat",Gujarat,CRL_A,Criminal Appeal,2020-08-11,2020-08-19,8,8.0,2.1972245773362196,hc,8,11,1,1,0
GJHC240332392020,"High Court, Gujarat",Gujarat,CRL_A,Criminal Appeal,2020-08-11,2020-08-18,7,7.0,2.0794415416798357,hc,8,11,1,1,0
GJHC240309652020,"High Court, Gujarat",Gujarat,CRL_A,Criminal Appeal,2020-07-27,2020-08-07,11,11.0,2.4849066497880004,hc,7,27,0,1,0
GJHC240331002020,"High Court, Gujarat",Gujarat,CRL_A,Criminal Appeal,2020-08-10,2020-09-16,37,37.0,3.6375861597263857,hc,8,10,0,1,0
GJHC240341112020,"High Court, Gujarat",Gujarat,CRL_A,Criminal Appeal,2020-08-17,2020-09-29,43,43.0,3.784189633918261,hc,8,17,0,1,0
GJBH110000322020,"Additional District Court, Ankleshwar",Gujarat,CRL_A,Criminal Appeal,2020-01-06,2021-07-10,551,551.0,6.313548046277095,district,1,6,0,1,0
GJHC240427732020,"High Court, Gujarat",Gujarat,CRL_A,Criminal Appeal,2020-09-23,2020-11-02,40,40.0,3.713572066704308,hc,9,23,2,1,0
GJHC240520502020,"High Court, Gujarat",Gujarat,CRL_A,Criminal Appeal,2020-11-02,2020-12-02,30,30.0,3.4339872044851463,hc,11,2,0,1,0
GJHC240520442020,"High Court, Gujarat",Gujarat,CRL_A,Criminal Appeal,2020-11-02,2020-12-10,38,38.0,3.6635616461296463,hc,11,2,0,1,0
GJHC240309782020,"High Court, Gujarat",Gujarat,CRL_A,Criminal Appeal,2020-07-27,2020-08-21,25,25.0,3.258096538021482,hc,7,27,0,1,0
GJHC240336962020,"High Court, Gujarat",Gujarat,CRL_A,Criminal Appeal,2020-08-14,2020-10-01,48,48.0,3.8918202981106265,hc,8,14,4,1,0
GJHC240336982020,"High Court, Gujarat",Gujarat,CRL_A,Criminal Appeal,2020-08-14,2022-08-23,739,739.0,6.606650186198215,hc,8,14,4,1,0
GJSK180000062020,ADDITIONAL DISTRICT AND SESSIONS COURT AT IDAR,Gujarat,CRL_A,Criminal Appeal,2020-01-02,2022-08-13,954,954.0,6.86171134048073,district,1,2,3,1,0
GJPM010000352020,"District Court, Godhra",Gujarat,CRL_A,Criminal Appeal,2020-01-07,2022-08-29,965,965.0,6.873163834212518,district,1,7,1,1,0
GJPM010000392020,"District Court, Godhra",Gujarat,CRL_A,Criminal Appeal,2020-01-07,2022-06-18,893,893.0,6.795705775173515,district,1,7,1,1,0
GJKH010022992020,"DISTRICT COURT, NADIAD",Gujarat,CRL_A,Criminal Appeal,2020-09-16,2020-09-23,7,7.0,2.0794415416798357,district,9,16,2,1,0
GJKH010023002020,"DISTRICT COURT, NADIAD",Gujarat,CRL_A,Criminal Appeal,2020-09-16,2021-08-02,320,320.0,5.771441123130016,district,9,16,2,1,0
GJHC240429432020,"High Court, Gujarat",Gujarat,CRL_A,Criminal Appeal,2020-09-24,2020-10-05,11,11.0,2.4849066497880004,hc,9,24,3,1,0
GJHC240440592020,"High Court, Gujarat",Gujarat,CRL_A,Criminal Appeal,2020-09-29,2020-10-26,27,27.0,3.332204510175204,hc,9,29,1,1,0
GJHC240449032020,"High Court, Gujarat",Gujarat,CRL_A,Criminal Appeal,2020-10-03,2021-12-22,445,445.0,6.100318952020064,hc,10,3,5,1,0
GJHC240451052020,"High Court, Gujarat",Gujarat,CRL_A,Criminal Appeal,2020-10-03,2020-10-14,11,11.0,2.4849066497880004,hc,10,3,5,1,0
GJHC240362932020,"High Court, Gujarat",Gujarat,CRL_A,Criminal Appeal,2020-08-25,2020-10-14,50,50.0,3.9318256327243257,hc,8,25,1,1,0
GJHC240371952020,"High Court, Gujarat",Gujarat,CRL_A,Criminal Appeal,2020-08-28,2020-09-07,10,10.0,2.3978952727983707,hc,8,28,4,1,0
GJDW080001952020,ADDL. COURT-DWARKA,Gujarat,CRL_A,Criminal Appeal,2020-02-03,2023-01-31,1093,1093.0,6.9975959829819265,district,2,3,0,1,0
GJDW080002032020,ADDL. COURT-DWARKA,Gujarat,CRL_A,Criminal Appeal,2020-03-05,2022-01-28,694,694.0,6.543911845564792,district,3,5,3,1,0
GJDW080002072020,ADDL. COURT-DWARKA,Gujarat,CRL_A,Criminal Appeal,2020-03-12,2022-02-10,700,700.0,6.55250788703459,district,3,12,3,1,0
GJHC240375042020,"High Court, Gujarat",Gujarat,CRL_A,Criminal Appeal,2020-08-29,2021-08-17,353,353.0,5.869296913133774,hc,8,29,5,1,0
GJHC240375052020,"High Court, Gujarat",Gujarat,CRL_A,Criminal Appeal,2020-08-29,2020-09-10,12,12.0,2.5649493574615367,hc,8,29,5,1,0
GJHC240375072020,"High Court, Gujarat",Gujarat,CRL_A,Criminal Appeal,2020-08-29,2020-10-07,39,39.0,3.6888794541139363,hc,8,29,5,1,0
GJHC240371932020,"High Court, Gujarat",Gujarat,CRL_A,Criminal Appeal,2020-08-28,2025-06-17,1754,1754.0,7.470224135899966,hc,8,28,4,1,0
GJKT010021912020,District and Sessions Court Bhuj,Gujarat,CRL_A,Criminal Appeal,2020-08-06,2022-10-19,804,804.0,6.690842277418564,district,8,6,3,1,0
GJKT010021922020,District and Sessions Court Bhuj,Gujarat,CRL_A,Criminal Appeal,2020-08-06,2022-10-19,804,804.0,6.690842277418564,district,8,6,3,1,0
GJKT010021932020,District and Sessions Court Bhuj,Gujarat,CRL_A,Criminal Appeal,2020-08-06,2022-10-19,804,804.0,6.690842277418564,district,8,6,3,1,0
GJBK230005002020,"ADDITIONAL DISTRICT COURT, THARAD",Gujarat,CRL_A,Criminal Appeal,2020-11-24,2020-12-19,25,25.0,3.258096538021482,district,11,24,1,1,0
GJHC240608782020,"High Court, Gujarat",Gujarat,CRL_A,Criminal Appeal,2020-12-18,2020-12-24,6,6.0,1.9459101490553132,hc,12,18,4,1,0
GJHC240608792020,"High Court, Gujarat",Gujarat,CRL_A,Criminal Appeal,2020-12-18,2021-02-03,47,47.0,3.8712010109078907,hc,12,18,4,1,0
GJHC240624412020,"High Court, Gujarat",Gujarat,CRL_A,Criminal Appeal,2020-12-24,2021-01-20,27,27.0,3.332204510175204,hc,12,24,3,1,0
GJHC240624442020,"High Court, Gujarat",Gujarat,CRL_A,Criminal Appeal,2020-12-24,2021-01-20,27,27.0,3.332204510175204,hc,12,24,3,1,0
GJHC240624432020,"High Court, Gujarat",Gujarat,CRL_A,Criminal Appeal,2020-12-24,2024-10-22,1398,1398.0,7.243512974665482,hc,12,24,3,1,0
GJHC240624432020,"High Court, Gujarat",Gujarat,CRL_A,Criminal Appeal,2020-12-24,2024-10-22,1398,1398.0,7.243512974665482,hc,12,24,3,1,0
GJHC240222812020,"High Court, Gujarat",Gujarat,CRL_A,Criminal Appeal,2020-05-06,2020-05-14,8,8.0,2.1972245773362196,hc,5,6,2,1,0
GJHC240071442020,"High Court, Gujarat",Gujarat,CRL_A,Criminal Appeal,2020-01-28,2024-08-06,1652,1652.0,7.410347097821024,hc,1,28,1,1,0
GJHC240071442020,"High Court, Gujarat",Gujarat,CRL_A,Criminal Appeal,2020-01-28,2024-08-06,1652,1652.0,7.410347097821024,hc,1,28,1,1,0
GJGN010013722020,Gandhinagar District,Gujarat,CRL_A,Criminal Appeal,2020-08-31,2020-09-11,11,11.0,2.4849066497880004,district,8,31,0,1,0
GJHC240324902020,"High Court, Gujarat",Gujarat,CRL_A,Criminal Appeal,2020-08-06,2020-08-21,15,15.0,2.772588722239781,hc,8,6,3,1,0
GJVD010017762020,vadodara_district Court,Gujarat,CRL_A,Criminal Appeal,2020-02-28,2022-01-01,673,673.0,6.513230110912307,district,2,28,4,1,0
GJHC240324922020,"High Court, Gujarat",Gujarat,CRL_A,Criminal Appeal,2020-08-06,2020-08-13,7,7.0,2.0794415416798357,hc,8,6,3,1,0
GJHC240333572020,"High Court, Gujarat",Gujarat,CRL_A,Criminal Appeal,2020-08-11,2020-08-31,20,20.0,3.044522437723423,hc,8,11,1,1,0
GJHC240340912020,"High Court, Gujarat",Gujarat,CRL_A,Criminal Appeal,2020-08-17,2024-02-14,1276,1276.0,7.152268856032539,hc,8,17,0,1,0
GJHC240340912020,"High Court, Gujarat",Gujarat,CRL_A,Criminal Appeal,2020-08-17,2024-02-14,1276,1276.0,7.152268856032539,hc,8,17,0,1,0
GJHC240340922020,"High Court, Gujarat",Gujarat,CRL_A,Criminal Appeal,2020-08-17,2024-12-20,1586,1586.0,7.369600720526409,hc,8,17,0,1,0
GJHC240340922020,"High Court, Gujarat",Gujarat,CRL_A,Criminal Appeal,2020-08-17,2024-12-20,1586,1586.0,7.369600720526409,hc,8,17,0,1,0
GJVD010012342020,vadodara_district Court,Gujarat,CRL_A,Criminal Appeal,2020-02-11,2022-02-05,725,725.0,6.587550014824796,district,2,11,1,1,0
GJVD010012332020,vadodara_district Court,Gujarat,CRL_A,Criminal Appeal,2020-02-11,2023-08-31,1297,1297.0,7.168579897264035,district,2,11,1,1,0
GJBK230000922020,"ADDITIONAL DISTRICT COURT, THARAD",Gujarat,CRL_A,Criminal Appeal,2020-02-04,2021-11-10,645,645.0,6.470799503782602,district,2,4,1,1,0
GJHC240210632020,"High Court, Gujarat",Gujarat,CRL_A,Criminal Appeal,2020-03-21,2020-06-23,94,94.0,4.553876891600541,hc,3,21,5,1,0
GJKH010032972020,"DISTRICT COURT, NADIAD",Gujarat,CRL_A,Criminal Appeal,2020-12-02,2021-03-06,94,94.0,4.553876891600541,district,12,2,2,1,0
GJKH010032982020,"DISTRICT COURT, NADIAD",Gujarat,CRL_A,Criminal Appeal,2020-12-02,2021-10-16,318,318.0,5.765191102784844,district,12,2,2,1,0
GJVL090015252020,ADDL. COURT-VAPI,Gujarat,CRL_A,Criminal Appeal,2020-02-01,2021-08-02,548,548.0,6.3080984415095305,district,2,1,5,1,0
GJVL090015292020,ADDL. COURT-VAPI,Gujarat,CRL_A,Criminal Appeal,2020-02-01,2023-06-12,1227,1227.0,7.113142108707088,district,2,1,5,1,0
GJVL090015212020,ADDL. COURT-VAPI,Gujarat,CRL_A,Criminal Appeal,2020-02-01,2021-07-23,538,538.0,6.289715570908998,district,2,1,5,1,0
GJVL090015372020,ADDL. COURT-VAPI,Gujarat,CRL_A,Criminal Appeal,2020-02-01,2021-08-25,571,571.0,6.349138991379798,district,2,1,5,1,0
GJVL090015432020,ADDL. COURT-VAPI,Gujarat,CRL_A,Criminal Appeal,2020-02-01,2021-07-10,525,525.0,6.26530121273771,district,2,1,5,1,0
GJVL090015332020,ADDL. COURT-VAPI,Gujarat,CRL_A,Criminal Appeal,2020-02-01,2023-06-27,1242,1242.0,7.1252830915107115,district,2,1,5,1,0
GJHC240055592020,"High Court, Gujarat",Gujarat,CRL_A,Criminal Appeal,2020-01-22,2020-02-13,22,22.0,3.1354942159291497,hc,1,22,2,1,0
GJHC240061752020,"High Court, Gujarat",Gujarat,CRL_A,Criminal Appeal,2020-01-23,2020-01-28,5,5.0,1.791759469228055,hc,1,23,3,1,0
GJHC240087802020,"High Court, Gujarat",Gujarat,CRL_A,Criminal Appeal,2020-02-03,2020-02-06,3,3.0,1.3862943611198906,hc,2,3,0,1,0
GJHC240087822020,"High Court, Gujarat",Gujarat,CRL_A,Criminal Appeal,2020-02-03,2020-02-05,2,2.0,1.0986122886681096,hc,2,3,0,1,0
GJHC240087812020,"High Court, Gujarat",Gujarat,CRL_A,Criminal Appeal,2020-02-03,2020-02-06,3,3.0,1.3862943611198906,hc,2,3,0,1,0
GJHC240415692020,"High Court, Gujarat",Gujarat,CRL_A,Criminal Appeal,2020-09-18,2020-10-27,39,39.0,3.6888794541139363,hc,9,18,4,1,0
GJHC240415682020,"High Court, Gujarat",Gujarat,CRL_A,Criminal Appeal,2020-09-18,2020-10-07,19,19.0,2.995732273553991,hc,9,18,4,1,0
GJAH010034402020,AHMEDABAD DISTRICT COURT,Gujarat,CRL_A,Criminal Appeal,2020-09-18,2020-09-29,11,11.0,2.4849066497880004,district,9,18,4,1,0
GJHC240089032020,"High Court, Gujarat",Gujarat,CRL_A,Criminal Appeal,2020-02-04,2023-07-11,1253,1253.0,7.134093721192866,hc,2,4,1,1,0
GJHC240300992020,"High Court, Gujarat",Gujarat,CRL_A,Criminal Appeal,2020-07-22,2020-08-13,22,22.0,3.1354942159291497,hc,7,22,2,1,0
GJHC240301012020,"High Court, Gujarat",Gujarat,CRL_A,Criminal Appeal,2020-07-22,2020-09-17,57,57.0,4.060443010546419,hc,7,22,2,1,0
GJNV010007842020,navsari_district Court,Gujarat,CRL_A,Criminal Appeal,2020-08-29,2020-11-02,65,65.0,4.189654742026425,district,8,29,5,1,0
GJJN210001272020,Additional District Court Keshod,Gujarat,CRL_A,Criminal Appeal,2020-02-10,2020-02-18,8,8.0,2.1972245773362196,district,2,10,0,1,0
GJJN210001282020,Additional District Court Keshod,Gujarat,CRL_A,Criminal Appeal,2020-02-10,2020-02-18,8,8.0,2.1972245773362196,district,2,10,0,1,0
GJJN210001332020,Additional District Court Keshod,Gujarat,CRL_A,Criminal Appeal,2020-02-12,2020-02-17,5,5.0,1.791759469228055,district,2,12,2,1,0
MLHC010001402020,High Court of Meghalaya,Meghalaya,WP_C,Writ Petition (Civil),2020-02-10,2020-02-11,1,1.0,0.6931471805599453,hc,2,10,0,1,0
MLHC010007002020,High Court of Meghalaya,Meghalaya,WP_C,Writ Petition (Civil),2020-09-30,2020-12-09,70,70.0,4.2626798770413155,hc,9,30,2,1,0
MLHC010007042020,High Court of Meghalaya,Meghalaya,WP_C,Writ Petition (Civil),2020-10-01,2022-03-17,532,532.0,6.278521424165844,hc,10,1,3,1,0
MLHC010010422020,High Court of Meghalaya,Meghalaya,WP_C,Writ Petition (Civil),2020-12-14,2021-04-20,127,127.0,4.852030263919617,hc,12,14,0,1,0
MLHC010008792020,High Court of Meghalaya,Meghalaya,WP_C,Writ Petition (Civil),2020-11-24,2022-03-29,490,490.0,6.19644412779452,hc,11,24,1,1,0
MLHC010008782020,High Court of Meghalaya,Meghalaya,WP_C,Writ Petition (Civil),2020-11-24,2022-03-29,490,490.0,6.19644412779452,hc,11,24,1,1,0
MLHC010003962020,High Court of Meghalaya,Meghalaya,WP_C,Writ Petition (Civil),2020-06-15,2020-12-09,177,177.0,5.181783550292085,hc,6,15,0,1,0
MLHC010003952020,High Court of Meghalaya,Meghalaya,WP_C,Writ Petition (Civil),2020-06-15,2020-07-15,30,30.0,3.4339872044851463,hc,6,15,0,1,0
MLHC010003972020,High Court of Meghalaya,Meghalaya,WP_C,Writ Petition (Civil),2020-06-16,2020-10-06,112,112.0,4.727387818712341,hc,6,16,1,1,0
MLHC010003942020,High Court of Meghalaya,Meghalaya,WP_C,Writ Petition (Civil),2020-06-15,2023-11-22,1255,1255.0,7.135687347028144,hc,6,15,0,1,0
MLHC010002532020,High Court of Meghalaya,Meghalaya,WP_C,Writ Petition (Civil),2020-03-12,2020-10-06,208,208.0,5.342334251964811,hc,3,12,3,1,0
MLHC010010202020,High Court of Meghalaya,Meghalaya,WP_C,Writ Petition (Civil),2020-12-10,2022-09-26,655,655.0,6.486160788944089,hc,12,10,3,1,0
MLHC010010232020,High Court of Meghalaya,Meghalaya,WP_C,Writ Petition (Civil),2020-12-11,2020-12-16,5,5.0,1.791759469228055,hc,12,11,4,1,0
MLHC010010242020,High Court of Meghalaya,Meghalaya,WP_C,Writ Petition (Civil),2020-12-11,2020-12-16,5,5.0,1.791759469228055,hc,12,11,4,1,0
MLHC010010222020,High Court of Meghalaya,Meghalaya,WP_C,Writ Petition (Civil),2020-12-11,2022-10-28,686,686.0,6.532334292222349,hc,12,11,4,1,0
MLHC010003292020,High Court of Meghalaya,Meghalaya,WP_C,Writ Petition (Civil),2020-05-20,2020-06-12,23,23.0,3.1780538303479458,hc,5,20,2,1,0
MLHC010003892020,High Court of Meghalaya,Meghalaya,WP_C,Writ Petition (Civil),2020-06-15,2023-11-22,1255,1255.0,7.135687347028144,hc,6,15,0,1,0
MLHC010003282020,High Court of Meghalaya,Meghalaya,WP_C,Writ Petition (Civil),2020-05-20,2020-06-12,23,23.0,3.1780538303479458,hc,5,20,2,1,0
MLHC010009772020,High Court of Meghalaya,Meghalaya,WP_C,Writ Petition (Civil),2020-12-04,2022-10-21,686,686.0,6.532334292222349,hc,12,4,4,1,0
MLHC010005342020,High Court of Meghalaya,Meghalaya,WP_C,Writ Petition (Civil),2020-07-21,2023-11-22,1219,1219.0,7.106606137727303,hc,7,21,1,1,0
MLHC010005362020,High Court of Meghalaya,Meghalaya,WP_C,Writ Petition (Civil),2020-07-21,2023-11-22,1219,1219.0,7.106606137727303,hc,7,21,1,1,0
MLHC010005352020,High Court of Meghalaya,Meghalaya,WP_C,Writ Petition (Civil),2020-07-21,2023-11-22,1219,1219.0,7.106606137727303,hc,7,21,1,1,0
MLHC010003312020,High Court of Meghalaya,Meghalaya,WP_C,Writ Petition (Civil),2020-05-28,2020-12-04,190,190.0,5.25227342804663,hc,5,28,3,1,0
MLHC010010442020,High Court of Meghalaya,Meghalaya,WP_C,Writ Petition (Civil),2020-12-15,2021-02-23,70,70.0,4.2626798770413155,hc,12,15,1,1,0
MLHC010008412020,High Court of Meghalaya,Meghalaya,WP_C,Writ Petition (Civil),2020-11-16,2022-06-07,568,568.0,6.343880434126331,hc,11,16,0,1,0
MLHC010006452020,High Court of Meghalaya,Meghalaya,WP_C,Writ Petition (Civil),2020-09-09,2020-09-16,7,7.0,2.0794415416798357,hc,9,9,2,1,0
MLHC010008662020,High Court of Meghalaya,Meghalaya,WP_C,Writ Petition (Civil),2020-11-20,2020-12-15,25,25.0,3.258096538021482,hc,11,20,4,1,0
MLHC010008652020,High Court of Meghalaya,Meghalaya,WP_C,Writ Petition (Civil),2020-11-19,2023-12-01,1107,1107.0,7.010311867307229,hc,11,19,3,1,0
MLHC010000682020,High Court of Meghalaya,Meghalaya,WP_C,Writ Petition (Civil),2020-01-28,2022-09-29,975,975.0,6.883462586413092,hc,1,28,1,1,0
MLHC010000692020,High Court of Meghalaya,Meghalaya,WP_C,Writ Petition (Civil),2020-01-28,2022-09-29,975,975.0,6.883462586413092,hc,1,28,1,1,0
MLHC010002542020,High Court of Meghalaya,Meghalaya,WP_C,Writ Petition (Civil),2020-03-12,2021-12-17,645,645.0,6.470799503782602,hc,3,12,3,1,0
MLHC010008332020,High Court of Meghalaya,Meghalaya,WP_C,Writ Petition (Civil),2020-11-12,2020-12-11,29,29.0,3.4011973816621555,hc,11,12,3,1,0
MLHC010008382020,High Court of Meghalaya,Meghalaya,WP_C,Writ Petition (Civil),2020-11-12,2020-12-08,26,26.0,3.295836866004329,hc,11,12,3,1,0
MLHC010008402020,High Court of Meghalaya,Meghalaya,WP_C,Writ Petition (Civil),2020-11-12,2021-02-01,81,81.0,4.406719247264253,hc,11,12,3,1,0
MLHC010008392020,High Court of Meghalaya,Meghalaya,WP_C,Writ Petition (Civil),2020-11-12,2020-12-11,29,29.0,3.4011973816621555,hc,11,12,3,1,0
MLHC010001872020,High Court of Meghalaya,Meghalaya,WP_C,Writ Petition (Civil),2020-02-20,2020-03-18,27,27.0,3.332204510175204,hc,2,20,3,1,0
MLHC010001892020,High Court of Meghalaya,Meghalaya,WP_C,Writ Petition (Civil),2020-02-20,2022-06-23,854,854.0,6.75110146893676,hc,2,20,3,1,0
MLHC010005822020,High Court of Meghalaya,Meghalaya,WP_C,Writ Petition (Civil),2020-08-17,2025-03-13,1669,1669.0,7.4205789054108005,hc,8,17,0,1,0
MLHC010005842020,High Court of Meghalaya,Meghalaya,WP_C,Writ Petition (Civil),2020-08-17,2021-04-06,232,232.0,5.4510384535657,hc,8,17,0,1,0
MLHC010005852020,High Court of Meghalaya,Meghalaya,WP_C,Writ Petition (Civil),2020-08-17,2020-10-28,72,72.0,4.290459441148391,hc,8,17,0,1,0
MLHC010005832020,High Court of Meghalaya,Meghalaya,WP_C,Writ Petition (Civil),2020-08-17,2021-04-06,232,232.0,5.4510384535657,hc,8,17,0,1,0
MLHC010005902020,High Court of Meghalaya,Meghalaya,WP_C,Writ Petition (Civil),2020-08-19,2021-04-08,232,232.0,5.4510384535657,hc,8,19,2,1,0
MLHC010003902020,High Court of Meghalaya,Meghalaya,WP_C,Writ Petition (Civil),2020-06-15,2023-11-22,1255,1255.0,7.135687347028144,hc,6,15,0,1,0
MLHC010005892020,High Court of Meghalaya,Meghalaya,WP_C,Writ Petition (Civil),2020-08-19,2021-04-08,232,232.0,5.4510384535657,hc,8,19,2,1,0
MLHC010003852020,High Court of Meghalaya,Meghalaya,WP_C,Writ Petition (Civil),2020-06-15,2020-10-05,112,112.0,4.727387818712341,hc,6,15,0,1,0
MLHC010007582020,High Court of Meghalaya,Meghalaya,WP_C,Writ Petition (Civil),2020-10-19,2021-04-08,171,171.0,5.147494476813453,hc,10,19,0,1,0
MLHC010007592020,High Court of Meghalaya,Meghalaya,WP_C,Writ Petition (Civil),2020-10-19,2021-12-14,421,421.0,6.045005314036012,hc,10,19,0,1,0
MLHC010007602020,High Court of Meghalaya,Meghalaya,WP_C,Writ Petition (Civil),2020-10-19,2022-03-07,504,504.0,6.22455842927536,hc,10,19,0,1,0
MLHC010007612020,High Court of Meghalaya,Meghalaya,WP_C,Writ Petition (Civil),2020-10-19,2020-12-08,50,50.0,3.9318256327243257,hc,10,19,0,1,0
MLHC010007622020,High Court of Meghalaya,Meghalaya,WP_C,Writ Petition (Civil),2020-10-19,2020-12-08,50,50.0,3.9318256327243257,hc,10,19,0,1,0
MLHC010009702020,High Court of Meghalaya,Meghalaya,WP_C,Writ Petition (Civil),2020-12-04,2022-10-28,693,693.0,6.542471960506805,hc,12,4,4,1,0
MLHC010009672020,High Court of Meghalaya,Meghalaya,WP_C,Writ Petition (Civil),2020-12-04,2022-10-28,693,693.0,6.542471960506805,hc,12,4,4,1,0
MLHC010009692020,High Court of Meghalaya,Meghalaya,WP_C,Writ Petition (Civil),2020-12-04,2022-10-28,693,693.0,6.542471960506805,hc,12,4,4,1,0
MLHC010009682020,High Court of Meghalaya,Meghalaya,WP_C,Writ Petition (Civil),2020-12-04,2022-10-28,693,693.0,6.542471960506805,hc,12,4,4,1,0
MLHC010009832020,High Court of Meghalaya,Meghalaya,WP_C,Writ Petition (Civil),2020-12-07,2021-02-02,57,57.0,4.060443010546419,hc,12,7,0,1,0
MLHC010009812020,High Court of Meghalaya,Meghalaya,WP_C,Writ Petition (Civil),2020-12-07,2021-12-02,360,360.0,5.8888779583328805,hc,12,7,0,1,0
MLHC010002102020,High Court of Meghalaya,Meghalaya,WP_C,Writ Petition (Civil),2020-02-25,2021-03-02,371,371.0,5.918893854273146,hc,2,25,1,1,0
MLHC010003912020,High Court of Meghalaya,Meghalaya,WP_C,Writ Petition (Civil),2020-06-15,2023-11-22,1255,1255.0,7.135687347028144,hc,6,15,0,1,0
MLHC010003922020,High Court of Meghalaya,Meghalaya,WP_C,Writ Petition (Civil),2020-06-15,2023-11-22,1255,1255.0,7.135687347028144,hc,6,15,0,1,0
MLHC010009792020,High Court of Meghalaya,Meghalaya,WP_C,Writ Petition (Civil),2020-12-07,2022-10-28,690,690.0,6.53813982376767,hc,12,7,0,1,0
MLHC010003932020,High Court of Meghalaya,Meghalaya,WP_C,Writ Petition (Civil),2020-06-15,2023-11-22,1255,1255.0,7.135687347028144,hc,6,15,0,1,0
MLHC010002132020,High Court of Meghalaya,Meghalaya,WP_C,Writ Petition (Civil),2020-02-26,2020-03-12,15,15.0,2.772588722239781,hc,2,26,2,1,0
MLHC010002122020,High Court of Meghalaya,Meghalaya,WP_C,Writ Petition (Civil),2020-02-26,2023-02-02,1072,1072.0,6.9782137426306985,hc,2,26,2,1,0
MLHC010009922020,High Court of Meghalaya,Meghalaya,WP_C,Writ Petition (Civil),2020-12-08,2021-04-06,119,119.0,4.787491742782046,hc,12,8,1,1,0
MLHC010005972020,High Court of Meghalaya,Meghalaya,WP_C,Writ Petition (Civil),2020-08-25,2020-11-03,70,70.0,4.2626798770413155,hc,8,25,1,1,0
MLHC010002032020,High Court of Meghalaya,Meghalaya,WP_C,Writ Petition (Civil),2020-02-24,2022-05-30,826,826.0,6.717804695023691,hc,2,24,0,1,0
MLHC010005962020,High Court of Meghalaya,Meghalaya,WP_C,Writ Petition (Civil),2020-08-21,2021-04-01,223,223.0,5.4116460518550396,hc,8,21,4,1,0
MLHC010007542020,High Court of Meghalaya,Meghalaya,WP_C,Writ Petition (Civil),2020-10-16,2020-10-19,3,3.0,1.3862943611198906,hc,10,16,4,1,0
MLHC010007552020,High Court of Meghalaya,Meghalaya,WP_C,Writ Petition (Civil),2020-10-19,2024-04-05,1264,1264.0,7.142827401161621,hc,10,19,0,1,0
MLHC010007552020,High Court of Meghalaya,Meghalaya,WP_C,Writ Petition (Civil),2020-10-19,2024-04-05,1264,1264.0,7.142827401161621,hc,10,19,0,1,0
MLHC010007562020,High Court of Meghalaya,Meghalaya,WP_C,Writ Petition (Civil),2020-10-19,2024-04-05,1264,1264.0,7.142827401161621,hc,10,19,0,1,0
MLHC010007562020,High Court of Meghalaya,Meghalaya,WP_C,Writ Petition (Civil),2020-10-19,2024-04-05,1264,1264.0,7.142827401161621,hc,10,19,0,1,0
MLHC010009662020,High Court of Meghalaya,Meghalaya,WP_C,Writ Petition (Civil),2020-12-04,2022-10-28,693,693.0,6.542471960506805,hc,12,4,4,1,0
MLHC010001952020,High Court of Meghalaya,Meghalaya,WP_C,Writ Petition (Civil),2020-02-24,2021-03-25,395,395.0,5.981414211254481,hc,2,24,0,1,0
MLHC010003792020,High Court of Meghalaya,Meghalaya,WP_C,Writ Petition (Civil),2020-06-15,2020-10-05,112,112.0,4.727387818712341,hc,6,15,0,1,0
MLHC010003812020,High Court of Meghalaya,Meghalaya,WP_C,Writ Petition (Civil),2020-06-15,2020-10-05,112,112.0,4.727387818712341,hc,6,15,0,1,0
MLHC010003832020,High Court of Meghalaya,Meghalaya,WP_C,Writ Petition (Civil),2020-06-15,2020-10-05,112,112.0,4.727387818712341,hc,6,15,0,1,0
MLHC010003782020,High Court of Meghalaya,Meghalaya,WP_C,Writ Petition (Civil),2020-06-15,2020-10-05,112,112.0,4.727387818712341,hc,6,15,0,1,0
MLHC010003772020,High Court of Meghalaya,Meghalaya,WP_C,Writ Petition (Civil),2020-06-12,2020-10-05,115,115.0,4.7535901911063645,hc,6,12,4,1,0
MLHC010003822020,High Court of Meghalaya,Meghalaya,WP_C,Writ Petition (Civil),2020-06-15,2020-10-05,112,112.0,4.727387818712341,hc,6,15,0,1,0
MLHC010003802020,High Court of Meghalaya,Meghalaya,WP_C,Writ Petition (Civil),2020-06-15,2020-10-05,112,112.0,4.727387818712341,hc,6,15,0,1,0
MLHC010003842020,High Court of Meghalaya,Meghalaya,WP_C,Writ Petition (Civil),2020-06-15,2020-10-05,112,112.0,4.727387818712341,hc,6,15,0,1,0
MLHC010001992020,High Court of Meghalaya,Meghalaya,WP_C,Writ Petition (Civil),2020-02-24,2022-05-31,827,827.0,6.71901315438526,hc,2,24,0,1,0
MLHC010007652020,High Court of Meghalaya,Meghalaya,WP_C,Writ Petition (Civil),2020-10-21,2022-05-17,573,573.0,6.352629396319567,hc,10,21,2,1,0
MLHC010007692020,High Court of Meghalaya,Meghalaya,WP_C,Writ Petition (Civil),2020-10-27,2020-10-29,2,2.0,1.0986122886681096,hc,10,27,1,1,0
MLHC010005992020,High Court of Meghalaya,Meghalaya,WP_C,Writ Petition (Civil),2020-08-25,2020-11-03,70,70.0,4.2626798770413155,hc,8,25,1,1,0
MLHC010007632020,High Court of Meghalaya,Meghalaya,WP_C,Writ Petition (Civil),2020-10-21,2024-03-21,1247,1247.0,7.129297548929373,hc,10,21,2,1,0
MLHC010007632020,High Court of Meghalaya,Meghalaya,WP_C,Writ Petition (Civil),2020-10-21,2024-03-21,1247,1247.0,7.129297548929373,hc,10,21,2,1,0
MLHC010009822020,High Court of Meghalaya,Meghalaya,WP_C,Writ Petition (Civil),2020-12-07,2022-05-09,518,518.0,6.251903883165888,hc,12,7,0,1,0
MLHC010009762020,High Court of Meghalaya,Meghalaya,WP_C,Writ Petition (Civil),2020-12-04,2022-10-21,686,686.0,6.532334292222349,hc,12,4,4,1,0
MLHC010009782020,High Court of Meghalaya,Meghalaya,WP_C,Writ Petition (Civil),2020-12-07,2022-10-28,690,690.0,6.53813982376767,hc,12,7,0,1,0
MLHC010006092020,High Court of Meghalaya,Meghalaya,WP_C,Writ Petition (Civil),2020-08-26,2020-10-06,41,41.0,3.7376696182833684,hc,8,26,2,1,0
MLHC010006012020,High Court of Meghalaya,Meghalaya,WP_C,Writ Petition (Civil),2020-08-25,2022-06-17,661,661.0,6.495265555937008,hc,8,25,1,1,0
MLHC010006002020,High Court of Meghalaya,Meghalaya,WP_C,Writ Petition (Civil),2020-08-25,2022-11-15,812,812.0,6.70073110954781,hc,8,25,1,1,0
MLHC010007842020,High Court of Meghalaya,Meghalaya,WP_C,Writ Petition (Civil),2020-10-28,2023-08-01,1007,1007.0,6.915723448631314,hc,10,28,2,1,0
MLHC010004112020,High Court of Meghalaya,Meghalaya,WP_C,Writ Petition (Civil),2020-06-23,2020-11-11,141,141.0,4.955827057601261,hc,6,23,1,1,0
MLHC010004102020,High Court of Meghalaya,Meghalaya,WP_C,Writ Petition (Civil),2020-06-22,2020-07-23,31,31.0,3.4657359027997265,hc,6,22,0,1,0
MLHC010004092020,High Court of Meghalaya,Meghalaya,WP_C,Writ Petition (Civil),2020-06-22,2020-07-23,31,31.0,3.4657359027997265,hc,6,22,0,1,0
MLHC010009962020,High Court of Meghalaya,Meghalaya,WP_C,Writ Petition (Civil),2020-12-09,2020-12-10,1,1.0,0.6931471805599453,hc,12,9,2,1,0
MLHC010009952020,High Court of Meghalaya,Meghalaya,WP_C,Writ Petition (Civil),2020-12-09,2020-12-10,1,1.0,0.6931471805599453,hc,12,9,2,1,0
MLHC010007932020,High Court of Meghalaya,Meghalaya,WP_C,Writ Petition (Civil),2020-10-29,2020-12-16,48,48.0,3.8918202981106265,hc,10,29,3,1,0
MLHC010010022020,High Court of Meghalaya,Meghalaya,WP_C,Writ Petition (Civil),2020-12-09,2020-12-15,6,6.0,1.9459101490553132,hc,12,9,2,1,0
MLHC010010032020,High Court of Meghalaya,Meghalaya,WP_C,Writ Petition (Civil),2020-12-09,2021-04-15,127,127.0,4.852030263919617,hc,12,9,2,1,0
BRRO010021072020,D.J. DIVISION SASARAM,Bihar,BA,Bail Application,2020-05-30,2020-06-06,7,7.0,2.0794415416798357,district,5,30,5,1,0
BRRO010021152020,D.J. DIVISION SASARAM,Bihar,BA,Bail Application,2020-06-01,2020-06-03,2,2.0,1.0986122886681096,district,6,1,0,1,0
BRAR010048352020,DJ DIVISION,Bihar,BA,Bail Application,2020-12-05,2021-01-05,31,31.0,3.4657359027997265,district,12,5,5,1,0
BRAR010048342020,DJ DIVISION,Bihar,BA,Bail Application,2020-12-05,2020-12-08,3,3.0,1.3862943611198906,district,12,5,5,1,0
BRDA010000492020,DJ Division,Bihar,BA,Bail Application,2020-01-02,2020-01-20,18,18.0,2.9444389791664403,district,1,2,3,1,0
BRDA010002322020,DJ Division,Bihar,BA,Bail Application,2020-01-07,2020-01-27,20,20.0,3.044522437723423,district,1,7,1,1,0
BRMP010006032020,D.J. Establishment,Bihar,BA,Bail Application,2020-02-14,2020-03-13,28,28.0,3.367295829986474,district,2,14,4,1,0
BRMP010006022020,D.J. Establishment,Bihar,BA,Bail Application,2020-02-14,2020-02-20,6,6.0,1.9459101490553132,district,2,14,4,1,0
BRMP010006042020,D.J. Establishment,Bihar,BA,Bail Application,2020-02-14,2020-02-22,8,8.0,2.1972245773362196,district,2,14,4,1,0
BRDA010002312020,DJ Division,Bihar,BA,Bail Application,2020-01-07,2020-01-31,24,24.0,3.2188758248682006,district,1,7,1,1,0
BRDA010002302020,DJ Division,Bihar,BA,Bail Application,2020-01-07,2020-01-08,1,1.0,0.6931471805599453,district,1,7,1,1,0
BRWC100001772020,Bagaha,Bihar,BA,Bail Application,2020-01-17,2020-02-27,41,41.0,3.7376696182833684,district,1,17,4,1,0
BRDA010004812020,DJ Division,Bihar,BA,Bail Application,2020-01-17,2020-01-18,1,1.0,0.6931471805599453,district,1,17,4,1,0
BRDA010004832020,DJ Division,Bihar,BA,Bail Application,2020-01-17,2020-01-27,10,10.0,2.3978952727983707,district,1,17,4,1,0
BRDA010007872020,DJ Division,Bihar,BA,Bail Application,2020-01-28,2020-03-21,53,53.0,3.9889840465642745,district,1,28,1,1,0
BRDA010004822020,DJ Division,Bihar,BA,Bail Application,2020-01-17,2020-03-03,46,46.0,3.8501476017100584,district,1,17,4,1,0
BRDA010007892020,DJ Division,Bihar,BA,Bail Application,2020-01-28,2020-02-17,20,20.0,3.044522437723423,district,1,28,1,1,0
BRDA010011512020,DJ Division,Bihar,BA,Bail Application,2020-02-13,2020-02-25,12,12.0,2.5649493574615367,district,2,13,3,1,0
BRDA010007882020,DJ Division,Bihar,BA,Bail Application,2020-01-28,2020-02-17,20,20.0,3.044522437723423,district,1,28,1,1,0
BRDA010011482020,DJ Division,Bihar,BA,Bail Application,2020-02-13,2020-02-27,14,14.0,2.70805020110221,district,2,13,3,1,0
BRDA010015562020,DJ Division,Bihar,BA,Bail Application,2020-02-27,2020-02-29,2,2.0,1.0986122886681096,district,2,27,3,1,0
BRDA010015582020,DJ Division,Bihar,BA,Bail Application,2020-02-27,2020-09-24,210,210.0,5.351858133476067,district,2,27,3,1,0
BRDA010011502020,DJ Division,Bihar,BA,Bail Application,2020-02-13,2020-02-27,14,14.0,2.70805020110221,district,2,13,3,1,0
BRDA010018812020,DJ Division,Bihar,BA,Bail Application,2020-03-13,2020-03-23,10,10.0,2.3978952727983707,district,3,13,4,1,0
BRDA010018792020,DJ Division,Bihar,BA,Bail Application,2020-03-13,2020-07-24,133,133.0,4.897839799950911,district,3,13,4,1,0
BRDA010018802020,DJ Division,Bihar,BA,Bail Application,2020-03-13,2020-03-23,10,10.0,2.3978952727983707,district,3,13,4,1,0
BRMP010010582020,D.J. Establishment,Bihar,BA,Bail Application,2020-03-23,2020-06-09,78,78.0,4.3694478524670215,district,3,23,0,1,0
BRMP010010592020,D.J. Establishment,Bihar,BA,Bail Application,2020-03-23,2020-06-23,92,92.0,4.532599493153256,district,3,23,0,1,0
BRMP010010602020,D.J. Establishment,Bihar,BA,Bail Application,2020-03-23,2020-06-16,85,85.0,4.454347296253507,district,3,23,0,1,0
BRMP010010612020,D.J. Establishment,Bihar,BA,Bail Application,2020-03-23,2020-04-28,36,36.0,3.6109179126442243,district,3,23,0,1,0
BRMP010024182020,D.J. Establishment,Bihar,BA,Bail Application,2020-09-17,2020-10-15,28,28.0,3.367295829986474,district,9,17,3,1,0
BRMP010024232020,D.J. Establishment,Bihar,BA,Bail Application,2020-09-18,2020-10-05,17,17.0,2.8903717578961645,district,9,18,4,1,0
BRMP010024192020,D.J. Establishment,Bihar,BA,Bail Application,2020-09-17,2020-10-06,19,19.0,2.995732273553991,district,9,17,3,1,0
BRMP010024212020,D.J. Establishment,Bihar,BA,Bail Application,2020-09-17,2020-10-21,34,34.0,3.5553480614894135,district,9,17,3,1,0
BRMP010024252020,D.J. Establishment,Bihar,BA,Bail Application,2020-09-18,2021-01-15,119,119.0,4.787491742782046,district,9,18,4,1,0
BRMP010024202020,D.J. Establishment,Bihar,BA,Bail Application,2020-09-17,2020-10-07,20,20.0,3.044522437723423,district,9,17,3,1,0
BRMP010024272020,D.J. Establishment,Bihar,BA,Bail Application,2020-09-18,2021-01-15,119,119.0,4.787491742782046,district,9,18,4,1,0
BRMP010024262020,D.J. Establishment,Bihar,BA,Bail Application,2020-09-18,2020-12-10,83,83.0,4.430816798843313,district,9,18,4,1,0
BRMP010010622020,D.J. Establishment,Bihar,BA,Bail Application,2020-03-23,2020-06-23,92,92.0,4.532599493153256,district,3,23,0,1,0
BRMP010024242020,D.J. Establishment,Bihar,BA,Bail Application,2020-09-18,2020-10-06,18,18.0,2.9444389791664403,district,9,18,4,1,0
BRAR010048302020,DJ DIVISION,Bihar,BA,Bail Application,2020-12-05,2020-12-21,16,16.0,2.833213344056216,district,12,5,5,1,0
BRSW010031122020,DJ Division,Bihar,BA,Bail Application,2020-07-02,2020-09-16,76,76.0,4.343805421853684,district,7,2,3,1,0
BRSW010031112020,DJ Division,Bihar,BA,Bail Application,2020-07-02,2020-09-18,78,78.0,4.3694478524670215,district,7,2,3,1,0
BRSW010031132020,DJ Division,Bihar,BA,Bail Application,2020-07-02,2020-07-04,2,2.0,1.0986122886681096,district,7,2,3,1,0
BRGO010004122020,DJ Division,Bihar,BA,Bail Application,2020-01-14,2020-02-05,22,22.0,3.1354942159291497,district,1,14,1,1,0
BRGO010004142020,DJ Division,Bihar,BA,Bail Application,2020-01-14,2020-02-05,22,22.0,3.1354942159291497,district,1,14,1,1,0
BRGO010006312020,DJ Division,Bihar,BA,Bail Application,2020-01-20,2020-01-28,8,8.0,2.1972245773362196,district,1,20,0,1,0
BRGO010004132020,DJ Division,Bihar,BA,Bail Application,2020-01-14,2020-01-27,13,13.0,2.639057329615259,district,1,14,1,1,0
BRGO010004162020,DJ Division,Bihar,BA,Bail Application,2020-01-14,2020-01-16,2,2.0,1.0986122886681096,district,1,14,1,1,0
BRSW010031102020,DJ Division,Bihar,BA,Bail Application,2020-07-02,2020-07-13,11,11.0,2.4849066497880004,district,7,2,3,1,0
BRKI010000552020,DJ DIVISION,Bihar,BA,Bail Application,2020-01-09,2020-02-12,34,34.0,3.5553480614894135,district,1,9,3,1,0
BRNL010002532020,D.J. Division Nalanda,Bihar,BA,Bail Application,2020-01-09,2020-01-21,12,12.0,2.5649493574615367,district,1,9,3,1,0
BRJA010001502020,DJ Division,Bihar,BA,Bail Application,2020-01-13,2020-01-31,18,18.0,2.9444389791664403,district,1,13,0,1,0
BRJA010001482020,DJ Division,Bihar,BA,Bail Application,2020-01-13,2020-02-27,45,45.0,3.828641396489095,district,1,13,0,1,0
BRSW010052862020,DJ Division,Bihar,BA,Bail Application,2020-10-12,2020-11-05,24,24.0,3.2188758248682006,district,10,12,0,1,0
BRSW010052922020,DJ Division,Bihar,BA,Bail Application,2020-10-12,2020-10-20,8,8.0,2.1972245773362196,district,10,12,0,1,0
BRSW010052932020,DJ Division,Bihar,BA,Bail Application,2020-10-12,2020-11-02,21,21.0,3.091042453358316,district,10,12,0,1,0
BRSW010057992020,DJ Division,Bihar,BA,Bail Application,2020-11-09,2021-01-04,56,56.0,4.04305126783455,district,11,9,0,1,0
BRSW010052912020,DJ Division,Bihar,BA,Bail Application,2020-10-12,2020-10-15,3,3.0,1.3862943611198906,district,10,12,0,1,0
BRSW010047042020,DJ Division,Bihar,BA,Bail Application,2020-09-18,2020-09-21,3,3.0,1.3862943611198906,district,9,18,4,1,0
BRSW010052872020,DJ Division,Bihar,BA,Bail Application,2020-10-12,2020-10-19,7,7.0,2.0794415416798357,district,10,12,0,1,0
BRSW010052812020,DJ Division,Bihar,BA,Bail Application,2020-10-12,2020-12-10,59,59.0,4.0943445622221,district,10,12,0,1,0
BRSW010052882020,DJ Division,Bihar,BA,Bail Application,2020-10-12,2020-11-12,31,31.0,3.4657359027997265,district,10,12,0,1,0
BRSW010052832020,DJ Division,Bihar,BA,Bail Application,2020-10-12,2020-11-27,46,46.0,3.8501476017100584,district,10,12,0,1,0
BRSW010047062020,DJ Division,Bihar,BA,Bail Application,2020-09-18,2021-06-16,271,271.0,5.605802066295998,district,9,18,4,1,0
BRSW010052822020,DJ Division,Bihar,BA,Bail Application,2020-10-12,2020-12-10,59,59.0,4.0943445622221,district,10,12,0,1,0
BRSW010052802020,DJ Division,Bihar,BA,Bail Application,2020-10-12,2020-11-28,47,47.0,3.8712010109078907,district,10,12,0,1,0
BRSW010052842020,DJ Division,Bihar,BA,Bail Application,2020-10-12,2020-11-25,44,44.0,3.8066624897703196,district,10,12,0,1,0
BRSW010052902020,DJ Division,Bihar,BA,Bail Application,2020-10-12,2020-11-04,23,23.0,3.1780538303479458,district,10,12,0,1,0
BRSW010052892020,DJ Division,Bihar,BA,Bail Application,2020-10-12,2020-11-06,25,25.0,3.258096538021482,district,10,12,0,1,0
BRSW010047052020,DJ Division,Bihar,BA,Bail Application,2020-09-18,2021-01-18,122,122.0,4.812184355372417,district,9,18,4,1,0
BRSW010052852020,DJ Division,Bihar,BA,Bail Application,2020-10-12,2021-01-07,87,87.0,4.477336814478207,district,10,12,0,1,0
BRSW010058122020,DJ Division,Bihar,BA,Bail Application,2020-11-10,2020-11-26,16,16.0,2.833213344056216,district,11,10,1,1,0
BRSW010058132020,DJ Division,Bihar,BA,Bail Application,2020-11-10,2020-11-23,13,13.0,2.639057329615259,district,11,10,1,1,0
BRSW010058092020,DJ Division,Bihar,BA,Bail Application,2020-11-09,2021-01-05,57,57.0,4.060443010546419,district,11,9,0,1,0
BRST010059982020,Session Division,Bihar,BA,Bail Application,2020-11-11,2021-01-12,62,62.0,4.143134726391533,district,11,11,2,1,0
BRBJ010002212020,District and Sessions Judge Div.,Bihar,BA,Bail Application,2020-01-09,2020-01-17,8,8.0,2.1972245773362196,district,1,9,3,1,0
BRSP010016362020,"DJ Division, Sheikhpura",Bihar,BA,Bail Application,2020-10-31,2020-11-26,26,26.0,3.295836866004329,district,10,31,5,1,0
BRSP010016352020,"DJ Division, Sheikhpura",Bihar,BA,Bail Application,2020-10-31,2020-11-06,6,6.0,1.9459101490553132,district,10,31,5,1,0
BRDA010000202020,DJ Division,Bihar,BA,Bail Application,2020-01-02,2020-02-13,42,42.0,3.7612001156935624,district,1,2,3,1,0
BRDA010010492020,DJ Division,Bihar,BA,Bail Application,2020-02-10,2020-02-13,3,3.0,1.3862943611198906,district,2,10,0,1,0
BRST010046532020,Session Division,Bihar,BA,Bail Application,2020-09-14,2020-10-13,29,29.0,3.4011973816621555,district,9,14,0,1,0
BRAR010038392020,DJ DIVISION,Bihar,BA,Bail Application,2020-10-01,2020-11-25,55,55.0,4.02535169073515,district,10,1,3,1,0
BRST010046542020,Session Division,Bihar,BA,Bail Application,2020-09-14,2020-09-18,4,4.0,1.6094379124341003,district,9,14,0,1,0
BRST010004402020,Session Division,Bihar,BA,Bail Application,2020-01-17,2020-03-05,48,48.0,3.8918202981106265,district,1,17,4,1,0
BRST010004392020,Session Division,Bihar,BA,Bail Application,2020-01-17,2020-03-16,59,59.0,4.0943445622221,district,1,17,4,1,0
BRST010004412020,Session Division,Bihar,BA,Bail Application,2020-01-17,2020-03-12,55,55.0,4.02535169073515,district,1,17,4,1,0
BRST010023892020,Session Division,Bihar,BA,Bail Application,2020-05-13,2020-06-15,33,33.0,3.5263605246161616,district,5,13,2,1,0
BRST010023902020,Session Division,Bihar,BA,Bail Application,2020-05-14,2020-06-24,41,41.0,3.7376696182833684,district,5,14,3,1,0
BRST010023912020,Session Division,Bihar,BA,Bail Application,2020-05-14,2020-06-08,25,25.0,3.258096538021482,district,5,14,3,1,0
BRST010023932020,Session Division,Bihar,BA,Bail Application,2020-05-14,2020-06-25,42,42.0,3.7612001156935624,district,5,14,3,1,0
BRST010023962020,Session Division,Bihar,BA,Bail Application,2020-05-14,2020-06-24,41,41.0,3.7376696182833684,district,5,14,3,1,0
BRST010023972020,Session Division,Bihar,BA,Bail Application,2020-05-14,2020-06-12,29,29.0,3.4011973816621555,district,5,14,3,1,0
BRST010023982020,Session Division,Bihar,BA,Bail Application,2020-05-15,2020-05-29,14,14.0,2.70805020110221,district,5,15,4,1,0
BRST010023942020,Session Division,Bihar,BA,Bail Application,2020-05-14,2020-06-22,39,39.0,3.6888794541139363,district,5,14,3,1,0
BRST010023992020,Session Division,Bihar,BA,Bail Application,2020-05-15,2020-07-02,48,48.0,3.8918202981106265,district,5,15,4,1,0
BRST010023922020,Session Division,Bihar,BA,Bail Application,2020-05-14,2020-06-08,25,25.0,3.258096538021482,district,5,14,3,1,0
BRST010023952020,Session Division,Bihar,BA,Bail Application,2020-05-14,2020-08-17,95,95.0,4.564348191467836,district,5,14,3,1,0
BRST010024002020,Session Division,Bihar,BA,Bail Application,2020-05-15,2020-07-06,52,52.0,3.970291913552122,district,5,15,4,1,0
BRPU010004192020,"PDJ DIVISION, PURNEA",Bihar,BA,Bail Application,2020-01-20,2020-02-25,36,36.0,3.6109179126442243,district,1,20,0,1,0
KAHC010698792024,High Court of Karnataka (Bangalore),Karnataka,WP_C,Writ Petition (Civil),2024-11-30,2024-12-16,16,16.0,2.833213344056216,hc,11,30,5,0,0
KAHC010728542024,High Court of Karnataka (Bangalore),Karnataka,WP_C,Writ Petition (Civil),2024-12-12,2024-12-18,6,6.0,1.9459101490553132,hc,12,12,3,0,0
KAHC010728552024,High Court of Karnataka (Bangalore),Karnataka,WP_C,Writ Petition (Civil),2024-12-12,2024-12-20,8,8.0,2.1972245773362196,hc,12,12,3,0,0
KAHC010728612024,High Court of Karnataka (Bangalore),Karnataka,WP_C,Writ Petition (Civil),2024-12-12,2024-12-19,7,7.0,2.0794415416798357,hc,12,12,3,0,0
HCBM010424322018,"Bombay HC (Principal, Appellate)",Maharashtra,WP_C,Writ Petition (Civil),2018-09-14,2024-12-16,2285,2285.0,7.734558844354756,hc,9,14,4,1,1
KAHC010532512023,High Court of Karnataka (Bangalore),Karnataka,WP_C,Writ Petition (Civil),2023-10-05,2024-01-09,96,96.0,4.574710978503383,hc,10,5,3,1,0
KAHC010353612020,High Court of Karnataka (Bangalore),Karnataka,WP_C,Writ Petition (Civil),2020-11-18,2024-11-06,1449,1449.0,7.27931883541462,hc,11,18,2,1,0
KAHC010353612020,High Court of Karnataka (Bangalore),Karnataka,WP_C,Writ Petition (Civil),2020-11-18,2024-11-06,1449,1449.0,7.27931883541462,hc,11,18,2,1,0
KAHC010044152022,High Court of Karnataka (Bangalore),Karnataka,WP_C,Writ Petition (Civil),2022-01-25,2024-11-23,1033,1033.0,6.9411900550683745,hc,1,25,1,1,0
KAHC010052582024,High Court of Karnataka (Bangalore),Karnataka,WP_C,Writ Petition (Civil),2024-01-24,2024-02-21,28,28.0,3.367295829986474,hc,1,24,2,0,0
KAHC010057322021,High Court of Karnataka (Bangalore),Karnataka,WP_C,Writ Petition (Civil),2021-02-05,2024-04-22,1172,1172.0,7.067319848653476,hc,2,5,4,1,0
KAHC010518582024,High Court of Karnataka (Bangalore),Karnataka,WP_C,Writ Petition (Civil),2024-09-03,2024-09-11,8,8.0,2.1972245773362196,hc,9,3,1,0,0
KAHC010709882024,High Court of Karnataka (Bangalore),Karnataka,WP_C,Writ Petition (Civil),2024-12-05,2024-12-16,11,11.0,2.4849066497880004,hc,12,5,3,0,0
KAHC010686912023,High Court of Karnataka (Bangalore),Karnataka,WP_C,Writ Petition (Civil),2023-12-20,2024-01-08,19,19.0,2.995732273553991,hc,12,20,2,1,0
KAHC010340392022,High Court of Karnataka (Bangalore),Karnataka,WP_C,Writ Petition (Civil),2022-07-26,2024-09-04,771,771.0,6.648984550024776,hc,7,26,1,1,0
KAHC010347122023,High Court of Karnataka (Bangalore),Karnataka,WP_C,Writ Petition (Civil),2023-07-07,2024-07-01,360,360.0,5.8888779583328805,hc,7,7,4,1,0
KAHC010347122020,High Court of Karnataka (Bangalore),Karnataka,WP_C,Writ Petition (Civil),2020-11-12,2024-07-23,1349,1349.0,7.2078598714324755,hc,11,12,3,1,0
KAHC010347122020,High Court of Karnataka (Bangalore),Karnataka,WP_C,Writ Petition (Civil),2020-11-12,2024-07-23,1349,1349.0,7.2078598714324755,hc,11,12,3,1,0
KAHC010369912022,High Court of Karnataka (Bangalore),Karnataka,WP_C,Writ Petition (Civil),2022-08-12,2024-08-07,726,726.0,6.588926477533519,hc,8,12,4,1,0
HCBM010236752023,"Bombay HC (Principal, Appellate)",Maharashtra,WP_C,Writ Petition (Civil),2023-05-18,2024-07-01,410,410.0,6.018593214496234,hc,5,18,3,1,0
HCBM010238212018,"Bombay HC (Principal, Appellate)",Maharashtra,WP_C,Writ Petition (Civil),2018-05-28,2024-08-08,2264,2264.0,7.725330037917135,hc,5,28,0,1,1
HCBM010245352021,"Bombay HC (Principal, Appellate)",Maharashtra,WP_C,Writ Petition (Civil),2021-07-16,2024-08-14,1125,1125.0,7.026426808699636,hc,7,16,4,1,0
DLHC010035612023,"High Court, Delhi",Delhi,CS,Civil Suit,2023-02-02,2024-01-12,344,344.0,5.84354441703136,hc,2,2,3,1,0
HCBM010249112024,"Bombay HC (Principal, Appellate)",Maharashtra,WP_C,Writ Petition (Civil),2024-05-08,2024-05-14,6,6.0,1.9459101490553132,hc,5,8,2,0,0
HCBM010249122007,"Bombay HC (Principal, Appellate)",Maharashtra,WP_C,Writ Petition (Civil),2007-08-08,2024-06-14,6155,6155.0,8.72518249495877,hc,8,8,2,1,1
HCBM010245362023,"Bombay HC (Principal, Appellate)",Maharashtra,WP_C,Writ Petition (Civil),2023-06-05,2024-10-24,507,507.0,6.230481447578482,hc,6,5,0,1,0
HCBM010249122003,"Bombay HC (Principal, Appellate)",Maharashtra,WP_C,Writ Petition (Civil),2003-02-21,2024-08-20,7851,6561.850000000007,8.968523555396352,hc,2,21,4,1,1
HCBM010203172023,"Bombay HC (Principal, Appellate)",Maharashtra,WP_C,Writ Petition (Civil),2023-04-25,2024-07-30,462,462.0,6.137727054086234,hc,4,25,1,1,0
DLHC010160502020,"High Court, Delhi",Delhi,WP_C,Writ Petition (Civil),2020-03-07,2020-03-16,9,9.0,2.302585092994046,hc,3,7,5,1,0
DLHC010165802020,"High Court, Delhi",Delhi,WP_C,Writ Petition (Civil),2020-04-27,2020-07-23,87,87.0,4.477336814478207,hc,4,27,0,1,0
DLHC010169302020,"High Court, Delhi",Delhi,WP_C,Writ Petition (Civil),2020-05-16,2020-05-21,5,5.0,1.791759469228055,hc,5,16,5,1,0
DLHC010283982020,"High Court, Delhi",Delhi,WP_C,Writ Petition (Civil),2020-10-13,2021-01-21,100,100.0,4.61512051684126,hc,10,13,1,1,0
DLHC010381722021,"High Court, Delhi",Delhi,WP_C,Writ Petition (Civil),2020-11-11,2020-11-12,1,1.0,0.6931471805599453,hc,11,11,2,1,0
DLHC010071562020,"High Court, Delhi",Delhi,WP_C,Writ Petition (Civil),2020-12-20,2021-03-15,85,85.0,4.454347296253507,hc,12,20,6,1,0
DLHC010160252020,"High Court, Delhi",Delhi,WP_C,Writ Petition (Civil),2020-03-13,2022-07-25,864,864.0,6.762729506931879,hc,3,13,4,1,0
DLHC010160272020,"High Court, Delhi",Delhi,WP_C,Writ Petition (Civil),2020-03-13,2021-08-10,515,515.0,6.246106765481563,hc,3,13,4,1,0
DLHC010163892020,"High Court, Delhi",Delhi,WP_C,Writ Petition (Civil),2020-04-13,2020-04-15,2,2.0,1.0986122886681096,hc,4,13,0,1,0
DLHC010163922020,"High Court, Delhi",Delhi,WP_C,Writ Petition (Civil),2020-04-13,2022-05-04,751,751.0,6.62273632394984,hc,4,13,0,1,0
DLHC010160262020,"High Court, Delhi",Delhi,WP_C,Writ Petition (Civil),2020-03-13,2022-07-25,864,864.0,6.762729506931879,hc,3,13,4,1,0
DLHC010284002020,"High Court, Delhi",Delhi,WP_C,Writ Petition (Civil),2020-10-14,2020-12-11,58,58.0,4.07753744390572,hc,10,14,2,1,0
DLHC010284022020,"High Court, Delhi",Delhi,WP_C,Writ Petition (Civil),2020-10-12,2020-11-12,31,31.0,3.4657359027997265,hc,10,12,0,1,0
DLHC010286642020,"High Court, Delhi",Delhi,WP_C,Writ Petition (Civil),2020-10-17,2022-02-14,485,485.0,6.186208623900494,hc,10,17,5,1,0
DLHC010286652020,"High Court, Delhi",Delhi,WP_C,Writ Petition (Civil),2020-10-19,2020-10-20,1,1.0,0.6931471805599453,hc,10,19,0,1,0
DLHC010286662020,"High Court, Delhi",Delhi,WP_C,Writ Petition (Civil),2020-10-18,2021-02-17,122,122.0,4.812184355372417,hc,10,18,6,1,0
DLHC010318082022,"High Court, Delhi",Delhi,WP_C,Writ Petition (Civil),2020-12-15,2021-02-24,71,71.0,4.276666119016055,hc,12,15,1,1,0
DLHC010037312020,"High Court, Delhi",Delhi,WP_C,Writ Petition (Civil),2020-01-13,2020-01-24,11,11.0,2.4849066497880004,hc,1,13,0,1,0
DLHC010031362020,"High Court, Delhi",Delhi,WP_C,Writ Petition (Civil),2020-03-17,2022-09-06,903,903.0,6.806829360392176,hc,3,17,1,1,0
DLHC010037332020,"High Court, Delhi",Delhi,WP_C,Writ Petition (Civil),2020-01-14,2020-01-17,3,3.0,1.3862943611198906,hc,1,14,1,1,0
DLHC010342412020,"High Court, Delhi",Delhi,WP_C,Writ Petition (Civil),2020-12-14,2021-03-15,91,91.0,4.5217885770490405,hc,12,14,0,1,0
DLHC010079552020,"High Court, Delhi",Delhi,WP_C,Writ Petition (Civil),2020-01-06,2020-01-07,1,1.0,0.6931471805599453,hc,1,6,0,1,0
DLHC010086272020,"High Court, Delhi",Delhi,WP_C,Writ Petition (Civil),2020-01-10,2023-02-06,1123,1123.0,7.024649030453636,hc,1,10,4,1,0
DLHC010180812020,"High Court, Delhi",Delhi,WP_C,Writ Petition (Civil),2020-06-15,2020-06-17,2,2.0,1.0986122886681096,hc,6,15,0,1,0
DLHC010186172020,"High Court, Delhi",Delhi,WP_C,Writ Petition (Civil),2020-06-25,2021-12-02,525,525.0,6.26530121273771,hc,6,25,3,1,0
DLHC010195092020,"High Court, Delhi",Delhi,WP_C,Writ Petition (Civil),2020-07-08,2020-09-07,61,61.0,4.127134385045092,hc,7,8,2,1,0
DLHC010326232020,"High Court, Delhi",Delhi,WP_C,Writ Petition (Civil),2020-11-29,2021-03-15,106,106.0,4.672828834461906,hc,11,29,6,1,0
DLHC010326242020,"High Court, Delhi",Delhi,WP_C,Writ Petition (Civil),2020-11-29,2021-03-15,106,106.0,4.672828834461906,hc,11,29,6,1,0
DLHC010326252020,"High Court, Delhi",Delhi,WP_C,Writ Petition (Civil),2020-11-29,2021-03-15,106,106.0,4.672828834461906,hc,11,29,6,1,0
DLHC010339692020,"High Court, Delhi",Delhi,WP_C,Writ Petition (Civil),2020-12-04,2023-10-06,1036,1036.0,6.9440872082295275,hc,12,4,4,1,0
DLHC010339752020,"High Court, Delhi",Delhi,WP_C,Writ Petition (Civil),2020-12-10,2020-12-14,4,4.0,1.6094379124341003,hc,12,10,3,1,0
DLHC010326262020,"High Court, Delhi",Delhi,WP_C,Writ Petition (Civil),2020-11-29,2021-03-15,106,106.0,4.672828834461906,hc,11,29,6,1,0
DLHC010326272020,"High Court, Delhi",Delhi,WP_C,Writ Petition (Civil),2020-11-29,2021-03-15,106,106.0,4.672828834461906,hc,11,29,6,1,0
DLHC010199522020,"High Court, Delhi",Delhi,WP_C,Writ Petition (Civil),2020-07-15,2021-02-10,210,210.0,5.351858133476067,hc,7,15,2,1,0
DLHC010199542020,"High Court, Delhi",Delhi,WP_C,Writ Petition (Civil),2020-07-16,2021-03-16,243,243.0,5.497168225293202,hc,7,16,3,1,0
DLHC010199532020,"High Court, Delhi",Delhi,WP_C,Writ Petition (Civil),2020-07-15,2022-09-12,789,789.0,6.672032945461067,hc,7,15,2,1,0
DLHC010212402020,"High Court, Delhi",Delhi,WP_C,Writ Petition (Civil),2020-07-28,2020-08-07,10,10.0,2.3978952727983707,hc,7,28,1,1,0
DLHC010214172020,"High Court, Delhi",Delhi,WP_C,Writ Petition (Civil),2020-08-05,2022-03-10,582,582.0,6.368187186350492,hc,8,5,2,1,0
DLHC010214182020,"High Court, Delhi",Delhi,WP_C,Writ Petition (Civil),2020-08-04,2020-10-21,78,78.0,4.3694478524670215,hc,8,4,1,1,0
DLHC010212432020,"High Court, Delhi",Delhi,WP_C,Writ Petition (Civil),2020-07-30,2020-09-25,57,57.0,4.060443010546419,hc,7,30,3,1,0
DLHC010339772020,"High Court, Delhi",Delhi,WP_C,Writ Petition (Civil),2020-12-10,2020-12-14,4,4.0,1.6094379124341003,hc,12,10,3,1,0
DLHC010346802020,"High Court, Delhi",Delhi,WP_C,Writ Petition (Civil),2020-12-16,2021-08-04,231,231.0,5.44673737166631,hc,12,16,2,1,0
DLHC010357442020,"High Court, Delhi",Delhi,WP_C,Writ Petition (Civil),2020-12-18,2022-11-02,684,684.0,6.529418838262226,hc,12,18,4,1,0
DLHC010329612020,"High Court, Delhi",Delhi,WP_C,Writ Petition (Civil),2020-01-10,2022-03-10,790,790.0,6.673297967767654,hc,1,10,4,1,0
DLHC010093262020,"High Court, Delhi",Delhi,WP_C,Writ Petition (Civil),2020-01-20,2020-01-21,1,1.0,0.6931471805599453,hc,1,20,0,1,0
DLHC010180422020,"High Court, Delhi",Delhi,WP_C,Writ Petition (Civil),2020-06-15,2020-06-16,1,1.0,0.6931471805599453,hc,6,15,0,1,0
DLHC010189032020,"High Court, Delhi",Delhi,WP_C,Writ Petition (Civil),2020-07-01,2020-07-08,7,7.0,2.0794415416798357,hc,7,1,2,1,0
HCBM010236742020,"Bombay HC (Principal, Appellate)",Maharashtra,BA,Bail Application,2020-11-26,2022-06-08,559,559.0,6.327936783729195,hc,11,26,3,1,0
HCBM010238722020,"Bombay HC (Principal, Appellate)",Maharashtra,BA,Bail Application,2020-11-27,2022-12-08,741,741.0,6.60934924316738,hc,11,27,4,1,0
HCBM010019052020,"Bombay HC (Principal, Appellate)",Maharashtra,BA,Bail Application,2020-01-16,2021-07-31,562,562.0,6.333279628139691,hc,1,16,3,1,0
HCBM010215292020,"Bombay HC (Principal, Appellate)",Maharashtra,BA,Bail Application,2020-11-07,2021-12-15,403,403.0,6.0014148779611505,hc,11,7,5,1,0
HCBM010037282020,"Bombay HC (Principal, Appellate)",Maharashtra,BA,Bail Application,2020-01-30,2020-09-30,244,244.0,5.501258210544727,hc,1,30,3,1,0
HCBM010038282020,"Bombay HC (Principal, Appellate)",Maharashtra,BA,Bail Application,2020-01-31,2021-07-31,547,547.0,6.306275286948016,hc,1,31,4,1,0
HCBM010004662020,"Bombay HC (Principal, Appellate)",Maharashtra,BA,Bail Application,2020-01-04,2021-07-22,565,565.0,6.338594078203183,hc,1,4,5,1,0
HCBM010011012020,"Bombay HC (Principal, Appellate)",Maharashtra,BA,Bail Application,2020-01-09,2020-08-03,207,207.0,5.337538079701318,hc,1,9,3,1,0
HCBM010098692020,"Bombay HC (Principal, Appellate)",Maharashtra,BA,Bail Application,2020-04-08,2021-03-17,343,343.0,5.840641657373398,hc,4,8,2,1,0
HCBM010016122020,"Bombay HC (Principal, Appellate)",Maharashtra,BA,Bail Application,2020-01-14,2021-02-23,406,406.0,6.008813185442595,hc,1,14,1,1,0
HCBM010072762020,"Bombay HC (Principal, Appellate)",Maharashtra,BA,Bail Application,2020-02-28,2020-07-27,150,150.0,5.017279836814924,hc,2,28,4,1,0
HCBM010082142020,"Bombay HC (Principal, Appellate)",Maharashtra,BA,Bail Application,2020-03-06,2021-08-05,517,517.0,6.249975242259483,hc,3,6,4,1,0
HCBM010062222020,"Bombay HC (Principal, Appellate)",Maharashtra,BA,Bail Application,2020-02-20,2021-03-24,398,398.0,5.988961416889864,hc,2,20,3,1,0
HCBM010062242020,"Bombay HC (Principal, Appellate)",Maharashtra,BA,Bail Application,2020-02-20,2020-09-30,223,223.0,5.4116460518550396,hc,2,20,3,1,0
HCBM010095902020,"Bombay HC (Principal, Appellate)",Maharashtra,BA,Bail Application,2020-03-19,2022-11-11,967,967.0,6.875232087276577,hc,3,19,3,1,0
HCBM010045532020,"Bombay HC (Principal, Appellate)",Maharashtra,BA,Bail Application,2020-02-05,2021-07-31,542,542.0,6.297109319933935,hc,2,5,2,1,0
HCBM010037542020,"Bombay HC (Principal, Appellate)",Maharashtra,BA,Bail Application,2020-01-30,2021-01-22,358,358.0,5.883322388488279,hc,1,30,3,1,0
HCBM010038992020,"Bombay HC (Principal, Appellate)",Maharashtra,BA,Bail Application,2020-01-22,2021-11-24,672,672.0,6.511745329644728,hc,1,22,2,1,0
HCBM010249822020,"Bombay HC (Principal, Appellate)",Maharashtra,BA,Bail Application,2020-12-04,2021-03-22,108,108.0,4.6913478822291435,hc,12,4,4,1,0
HCBM010016152020,"Bombay HC (Principal, Appellate)",Maharashtra,BA,Bail Application,2020-01-14,2021-04-08,450,450.0,6.111467339502679,hc,1,14,1,1,0
HCBM010004282020,"Bombay HC (Principal, Appellate)",Maharashtra,BA,Bail Application,2020-01-03,2021-07-17,561,561.0,6.331501849893691,hc,1,3,4,1,0
HCBM010004292020,"Bombay HC (Principal, Appellate)",Maharashtra,BA,Bail Application,2020-01-04,2021-07-17,560,560.0,6.329720905522696,hc,1,4,5,1,0
HCBM010071592020,"Bombay HC (Principal, Appellate)",Maharashtra,BA,Bail Application,2020-02-27,2021-06-21,480,480.0,6.175867270105761,hc,2,27,3,1,0
HCBM010058462020,"Bombay HC (Principal, Appellate)",Maharashtra,BA,Bail Application,2020-02-17,2021-10-30,621,621.0,6.432940092739179,hc,2,17,0,1,0
HCBM010176392020,"Bombay HC (Principal, Appellate)",Maharashtra,BA,Bail Application,2020-09-25,2021-03-25,181,181.0,5.204006687076795,hc,9,25,4,1,0
HCBM010291072020,"Bombay HC (Principal, Appellate)",Maharashtra,BA,Bail Application,2020-12-23,2023-02-03,772,772.0,6.650279048587422,hc,12,23,2,1,0
HCBM010291062020,"Bombay HC (Principal, Appellate)",Maharashtra,BA,Bail Application,2020-12-23,2021-03-05,72,72.0,4.290459441148391,hc,12,23,2,1,0
HCBM010291082020,"Bombay HC (Principal, Appellate)",Maharashtra,BA,Bail Application,2020-12-23,2021-07-05,194,194.0,5.272999558563747,hc,12,23,2,1,0
HCBM010077712020,"Bombay HC (Principal, Appellate)",Maharashtra,BA,Bail Application,2020-03-03,2022-07-11,860,860.0,6.7580945044277305,hc,3,3,1,1,0
HCBM010089542020,"Bombay HC (Principal, Appellate)",Maharashtra,BA,Bail Application,2020-03-12,2022-07-04,844,844.0,6.739336627357174,hc,3,12,3,1,0
HCBM010055862020,"Bombay HC (Principal, Appellate)",Maharashtra,BA,Bail Application,2020-02-14,2020-09-16,215,215.0,5.375278407684165,hc,2,14,4,1,0
HCBM010060662020,"Bombay HC (Principal, Appellate)",Maharashtra,BA,Bail Application,2020-02-18,2020-10-28,253,253.0,5.537334267018537,hc,2,18,1,1,0
HCBM010054722020,"Bombay HC (Principal, Appellate)",Maharashtra,BA,Bail Application,2020-02-13,2021-07-31,534,534.0,6.282266746896006,hc,2,13,3,1,0
HCBM010279962020,"Bombay HC (Principal, Appellate)",Maharashtra,BA,Bail Application,2020-12-18,2021-08-04,229,229.0,5.438079308923196,hc,12,18,4,1,0
HCBM010295962020,"Bombay HC (Principal, Appellate)",Maharashtra,BA,Bail Application,2020-12-28,2022-08-10,590,590.0,6.3818160174060985,hc,12,28,0,1,0
HCBM010034482020,"Bombay HC (Principal, Appellate)",Maharashtra,BA,Bail Application,2020-01-27,2020-09-21,238,238.0,5.476463551931511,hc,1,27,0,1,0
HCBM010080192020,"Bombay HC (Principal, Appellate)",Maharashtra,BA,Bail Application,2020-03-05,2022-03-28,753,753.0,6.625392368007956,hc,3,5,3,1,0
HCBM010085992020,"Bombay HC (Principal, Appellate)",Maharashtra,BA,Bail Application,2020-03-09,2021-03-12,368,368.0,5.910796644040527,hc,3,9,0,1,0
HCBM010244522020,"Bombay HC (Principal, Appellate)",Maharashtra,BA,Bail Application,2020-12-02,2020-12-15,13,13.0,2.639057329615259,hc,12,2,2,1,0
HCBM010086482020,"Bombay HC (Principal, Appellate)",Maharashtra,BA,Bail Application,2020-03-09,2022-07-04,847,847.0,6.742880635791903,hc,3,9,0,1,0
HCBM010004592020,"Bombay HC (Principal, Appellate)",Maharashtra,BA,Bail Application,2020-01-04,2020-02-03,30,30.0,3.4339872044851463,hc,1,4,5,1,0
HCBM010090212020,"Bombay HC (Principal, Appellate)",Maharashtra,BA,Bail Application,2020-03-13,2021-02-09,333,333.0,5.8111409929767,hc,3,13,4,1,0
HCBM010064002020,"Bombay HC (Principal, Appellate)",Maharashtra,BA,Bail Application,2020-02-21,2021-10-30,617,617.0,6.42648845745769,hc,2,21,4,1,0
HCBM010002882020,"Bombay HC (Principal, Appellate)",Maharashtra,BA,Bail Application,2020-01-03,2020-02-17,45,45.0,3.828641396489095,hc,1,3,4,1,0
HCBM010061572020,"Bombay HC (Principal, Appellate)",Maharashtra,BA,Bail Application,2020-02-20,2020-03-16,25,25.0,3.258096538021482,hc,2,20,3,1,0
HCBM010249652020,"Bombay HC (Principal, Appellate)",Maharashtra,BA,Bail Application,2020-12-04,2021-02-22,80,80.0,4.394449154672439,hc,12,4,4,1,0
HCBM010249672020,"Bombay HC (Principal, Appellate)",Maharashtra,BA,Bail Application,2020-12-04,2022-02-09,432,432.0,6.07073772800249,hc,12,4,4,1,0
HCBM010272082020,"Bombay HC (Principal, Appellate)",Maharashtra,BA,Bail Application,2020-12-15,2021-01-18,34,34.0,3.5553480614894135,hc,12,15,1,1,0
CGHC010188792024,"High Court, Chhattisgarh",Chhattisgarh,WP_C,Writ Petition (Civil),2024-06-10,2024-06-20,10,10.0,2.3978952727983707,hc,6,10,0,0,0
CGHC010311202024,"High Court, Chhattisgarh",Chhattisgarh,WP_C,Writ Petition (Civil),2024-09-05,2024-09-11,6,6.0,1.9459101490553132,hc,9,5,3,0,0
CGHC010330942023,"High Court, Chhattisgarh",Chhattisgarh,WP_C,Writ Petition (Civil),2023-09-27,2024-08-06,314,314.0,5.752572638825633,hc,9,27,2,1,0
CGHC010390252024,"High Court, Chhattisgarh",Chhattisgarh,WP_C,Writ Petition (Civil),2024-11-07,2024-11-08,1,1.0,0.6931471805599453,hc,11,7,3,0,0
CGHC010330962024,"High Court, Chhattisgarh",Chhattisgarh,WP_C,Writ Petition (Civil),2024-09-20,2024-12-17,88,88.0,4.48863636973214,hc,9,20,4,0,0
CGHC010334762023,"High Court, Chhattisgarh",Chhattisgarh,WP_C,Writ Petition (Civil),2023-10-03,2024-07-01,272,272.0,5.60947179518496,hc,10,3,1,1,0
CGHC010342522024,"High Court, Chhattisgarh",Chhattisgarh,WP_C,Writ Petition (Civil),2024-09-30,2024-10-04,4,4.0,1.6094379124341003,hc,9,30,0,0,0
CGHC010374692024,"High Court, Chhattisgarh",Chhattisgarh,WP_C,Writ Petition (Civil),2024-10-22,2024-11-04,13,13.0,2.639057329615259,hc,10,22,1,0,0
CGHC010334792021,"High Court, Chhattisgarh",Chhattisgarh,WP_C,Writ Petition (Civil),2021-12-07,2024-06-21,927,927.0,6.833031732786201,hc,12,7,1,1,0
CGHC010374722019,"High Court, Chhattisgarh",Chhattisgarh,WP_C,Writ Petition (Civil),2019-11-05,2024-08-30,1760,1760.0,7.473637108496206,hc,11,5,1,1,1
GAHC010243862023,"High Court, Goa",Goa,WP_C,Writ Petition (Civil),2023-10-17,2024-05-31,227,227.0,5.429345628954441,hc,10,17,1,1,0
CGHC010200112017,"High Court, Chhattisgarh",Chhattisgarh,WP_C,Writ Petition (Civil),2017-02-20,2024-01-09,2514,2514.0,7.83002808253384,hc,2,20,0,1,1
CGHC010205022024,"High Court, Chhattisgarh",Chhattisgarh,WP_C,Writ Petition (Civil),2024-06-20,2024-06-26,6,6.0,1.9459101490553132,hc,6,20,3,0,0
CGHC010205032024,"High Court, Chhattisgarh",Chhattisgarh,WP_C,Writ Petition (Civil),2024-06-20,2024-06-26,6,6.0,1.9459101490553132,hc,6,20,3,0,0
CGHC010205052024,"High Court, Chhattisgarh",Chhattisgarh,WP_C,Writ Petition (Civil),2024-06-20,2024-06-26,6,6.0,1.9459101490553132,hc,6,20,3,0,0
CGHC010205072020,"High Court, Chhattisgarh",Chhattisgarh,WP_C,Writ Petition (Civil),2020-09-03,2024-09-09,1467,1467.0,7.291656209174461,hc,9,3,3,1,0
CGHC010205072020,"High Court, Chhattisgarh",Chhattisgarh,WP_C,Writ Petition (Civil),2020-09-03,2024-09-09,1467,1467.0,7.291656209174461,hc,9,3,3,1,0
CGHC010205062024,"High Court, Chhattisgarh",Chhattisgarh,WP_C,Writ Petition (Civil),2024-06-20,2024-06-27,7,7.0,2.0794415416798357,hc,6,20,3,0,0
CGHC010205072014,"High Court, Chhattisgarh",Chhattisgarh,WP_C,Writ Petition (Civil),2014-12-24,2024-07-30,3506,3506.0,8.162516250140179,hc,12,24,2,1,1
GAHC010032442022,"High Court, Goa",Goa,WP_C,Writ Petition (Civil),2022-02-17,2024-06-03,837,837.0,6.731018100482083,hc,2,17,3,1,0
GAHC010246062022,"High Court, Goa",Goa,WP_C,Writ Petition (Civil),2022-11-29,2024-11-07,709,709.0,6.565264970035361,hc,11,29,1,1,0
GAHC010246222018,"High Court, Goa",Goa,WP_C,Writ Petition (Civil),2018-11-02,2024-03-27,1972,1972.0,7.587310506022615,hc,11,2,4,1,1
GAHC010246222022,"High Court, Goa",Goa,WP_C,Writ Petition (Civil),2022-11-29,2024-06-24,573,573.0,6.352629396319567,hc,11,29,1,1,0
GAHC010232532024,"High Court, Goa",Goa,WP_C,Writ Petition (Civil),2024-11-04,2024-11-29,25,25.0,3.258096538021482,hc,11,4,0,0,0
GAHC010234412023,"High Court, Goa",Goa,WP_C,Writ Petition (Civil),2023-10-10,2024-04-04,177,177.0,5.181783550292085,hc,10,10,1,1,0
GAHC010232512024,"High Court, Goa",Goa,BA,Bail Application,2024-11-04,2024-11-25,21,21.0,3.091042453358316,hc,11,4,0,0,0
GAHC010232562024,"High Court, Goa",Goa,BA,Bail Application,2024-11-04,2024-12-09,35,35.0,3.58351893845611,hc,11,4,0,0,0
GAHC010234522024,"High Court, Goa",Goa,WP_C,Writ Petition (Civil),2024-11-06,2024-11-18,12,12.0,2.5649493574615367,hc,11,6,2,0,0
GAHC010234532022,"High Court, Goa",Goa,WP_C,Writ Petition (Civil),2022-11-15,2024-07-26,619,619.0,6.429719478039138,hc,11,15,1,1,0
GAHC010243572024,"High Court, Goa",Goa,WP_C,Writ Petition (Civil),2024-11-18,2024-12-09,21,21.0,3.091042453358316,hc,11,18,0,0,0
GAHC010243572023,"High Court, Goa",Goa,BA,Bail Application,2023-10-17,2024-01-05,80,80.0,4.394449154672439,hc,10,17,1,1,0
RJHC010551112020,High Court of Rajasthan (Jodhpur),Rajasthan,CRL_A,Criminal Appeal,2020-11-12,2024-10-23,1441,1441.0,7.273786317844895,hc,11,12,3,1,0
RJHC010551112020,High Court of Rajasthan (Jodhpur),Rajasthan,CRL_A,Criminal Appeal,2020-11-12,2024-10-23,1441,1441.0,7.273786317844895,hc,11,12,3,1,0
RJHC010726472024,High Court of Rajasthan (Jodhpur),Rajasthan,CRL_A,Criminal Appeal,2024-09-18,2024-09-19,1,1.0,0.6931471805599453,hc,9,18,2,0,0
RJHC010512002021,High Court of Rajasthan (Jodhpur),Rajasthan,CRL_A,Criminal Appeal,2021-08-27,2024-02-02,889,889.0,6.7912214627261855,hc,8,27,4,1,0
RJHC010484432023,High Court of Rajasthan (Jodhpur),Rajasthan,CRL_A,Criminal Appeal,2023-07-18,2024-01-11,177,177.0,5.181783550292085,hc,7,18,1,1,0
RJHC010491802024,High Court of Rajasthan (Jodhpur),Rajasthan,CRL_A,Criminal Appeal,2024-07-02,2024-07-23,21,21.0,3.091042453358316,hc,7,2,1,0,0
RJHC010330892024,High Court of Rajasthan (Jodhpur),Rajasthan,CRL_A,Criminal Appeal,2024-04-30,2024-05-21,21,21.0,3.091042453358316,hc,4,30,1,0,0
RJHC010336752023,High Court of Rajasthan (Jodhpur),Rajasthan,CRL_A,Criminal Appeal,2023-05-18,2024-02-14,272,272.0,5.60947179518496,hc,5,18,3,1,0
RJHC010166052023,High Court of Rajasthan (Jodhpur),Rajasthan,CRL_A,Criminal Appeal,2023-03-18,2024-11-21,614,614.0,6.421622267806518,hc,3,18,5,1,0
RJHC010863742024,High Court of Rajasthan (Jodhpur),Rajasthan,CRL_A,Criminal Appeal,2024-11-06,2024-12-19,43,43.0,3.784189633918261,hc,11,6,2,0,0
RJHC010874262024,High Court of Rajasthan (Jodhpur),Rajasthan,CRL_A,Criminal Appeal,2024-11-11,2024-11-21,10,10.0,2.3978952727983707,hc,11,11,0,0,0
RJHC010190312024,High Court of Rajasthan (Jodhpur),Rajasthan,CRL_A,Criminal Appeal,2024-03-06,2024-09-20,198,198.0,5.293304824724492,hc,3,6,2,0,0
MPHC010175112024,High Court of MP (Jabalpur),Madhya Pradesh,CRL_A,Criminal Appeal,2024-03-18,2024-08-13,148,148.0,5.003946305945459,hc,3,18,0,0,0
RJHC010859322023,High Court of Rajasthan (Jodhpur),Rajasthan,CRL_A,Criminal Appeal,2023-11-18,2024-01-25,68,68.0,4.23410650459726,hc,11,18,5,1,0
RJHC010783192024,High Court of Rajasthan (Jodhpur),Rajasthan,CRL_A,Criminal Appeal,2024-10-08,2024-10-25,17,17.0,2.8903717578961645,hc,10,8,1,0,0
RJHC010835602018,High Court of Rajasthan (Jodhpur),Rajasthan,CRL_A,Criminal Appeal,2018-12-06,2024-01-12,1863,1863.0,7.530479995245536,hc,12,6,3,1,1
RJHC010059032020,High Court of Rajasthan (Jodhpur),Rajasthan,CRL_A,Criminal Appeal,2020-01-23,2024-02-16,1485,1485.0,7.303843225277705,hc,1,23,3,1,0
RJHC010059032020,High Court of Rajasthan (Jodhpur),Rajasthan,CRL_A,Criminal Appeal,2020-01-23,2024-02-16,1485,1485.0,7.303843225277705,hc,1,23,3,1,0
RJHC010906442023,High Court of Rajasthan (Jodhpur),Rajasthan,CRL_A,Criminal Appeal,2023-12-12,2024-08-16,248,248.0,5.517452896464707,hc,12,12,1,1,0
RJHC010906432023,High Court of Rajasthan (Jodhpur),Rajasthan,CRL_A,Criminal Appeal,2023-12-12,2024-03-20,99,99.0,4.605170185988092,hc,12,12,1,1,0
RJHC010171052023,High Court of Rajasthan (Jodhpur),Rajasthan,CRL_A,Criminal Appeal,2023-03-21,2024-12-19,639,639.0,6.461468176353717,hc,3,21,1,1,0
RJHC010879892023,High Court of Rajasthan (Jodhpur),Rajasthan,CRL_A,Criminal Appeal,2023-11-29,2024-07-31,245,245.0,5.5053315359323625,hc,11,29,2,1,0
RJHC010879952023,High Court of Rajasthan (Jodhpur),Rajasthan,CRL_A,Criminal Appeal,2023-11-29,2024-03-28,120,120.0,4.795790545596741,hc,11,29,2,1,0
RJHC010012272024,High Court of Rajasthan (Jodhpur),Rajasthan,CRL_A,Criminal Appeal,2024-01-04,2024-05-08,125,125.0,4.836281906951478,hc,1,4,3,0,0
RJHC010351442021,High Court of Rajasthan (Jodhpur),Rajasthan,CRL_A,Criminal Appeal,2021-06-28,2024-04-08,1015,1015.0,6.923628628138427,hc,6,28,0,1,0
RJHC010435602024,High Court of Rajasthan (Jodhpur),Rajasthan,CRL_A,Criminal Appeal,2024-05-31,2024-08-12,73,73.0,4.304065093204169,hc,5,31,4,0,0
RJHC010520122023,High Court of Rajasthan (Jodhpur),Rajasthan,CRL_A,Criminal Appeal,2023-07-28,2024-09-20,420,420.0,6.042632833682381,hc,7,28,4,1,0
RJHC010351362024,High Court of Rajasthan (Jodhpur),Rajasthan,CRL_A,Criminal Appeal,2024-05-08,2024-11-21,197,197.0,5.288267030694535,hc,5,8,2,0,0
RJHC010334672024,High Court of Rajasthan (Jodhpur),Rajasthan,CRL_A,Criminal Appeal,2024-05-01,2024-07-04,64,64.0,4.174387269895637,hc,5,1,2,0,0
RJHC010234452015,High Court of Rajasthan (Jodhpur),Rajasthan,CRL_A,Criminal Appeal,2015-03-12,2024-11-11,3532,3532.0,8.169902647359145,hc,3,12,3,1,1
RJHC010319692023,High Court of Rajasthan (Jodhpur),Rajasthan,CRL_A,Criminal Appeal,2023-05-12,2024-04-18,342,342.0,5.83773044716594,hc,5,12,4,1,0
RJHC010253592014,High Court of Rajasthan (Jodhpur),Rajasthan,CRL_A,Criminal Appeal,2014-04-05,2024-02-19,3607,3607.0,8.190908881182514,hc,4,5,5,1,1
HCBM010073972018,"Bombay HC (Principal, Appellate)",Maharashtra,CRL_A,Criminal Appeal,2018-02-12,2024-04-03,2242,2242.0,7.715569534520208,hc,2,12,0,1,1
HCBM010496562017,"Bombay HC (Principal, Appellate)",Maharashtra,CRL_A,Criminal Appeal,2017-11-17,2024-10-11,2520,2520.0,7.83241092718792,hc,11,17,4,1,1
HCBM010441852015,"Bombay HC (Principal, Appellate)",Maharashtra,CRL_A,Criminal Appeal,2015-10-14,2024-12-20,3355,3355.0,8.118505067587098,hc,10,14,2,1,1
HCBM010340792019,"Bombay HC (Principal, Appellate)",Maharashtra,CRL_A,Criminal Appeal,2019-07-18,2024-05-02,1750,1750.0,7.467942332285852,hc,7,18,3,1,1
HCBM010510922017,"Bombay HC (Principal, Appellate)",Maharashtra,CRL_A,Criminal Appeal,2017-11-20,2024-03-21,2313,2313.0,7.746732907753622,hc,11,20,0,1,1
HCBM010327212019,"Bombay HC (Principal, Appellate)",Maharashtra,CRL_A,Criminal Appeal,2019-07-11,2024-09-26,1904,1904.0,7.552237287560802,hc,7,11,3,1,1
HCBM010170812018,"Bombay HC (Principal, Appellate)",Maharashtra,CRL_A,Criminal Appeal,2018-04-06,2024-09-03,2342,2342.0,7.759187438507795,hc,4,6,4,1,1
HCBM010091512019,"Bombay HC (Principal, Appellate)",Maharashtra,CRL_A,Criminal Appeal,2019-02-18,2024-07-02,1961,1961.0,7.581719640125308,hc,2,18,0,1,1
HCBM010377652017,"Bombay HC (Principal, Appellate)",Maharashtra,CRL_A,Criminal Appeal,2017-08-11,2024-01-05,2338,2338.0,7.757478766584179,hc,8,11,4,1,1
HCBM010353362017,"Bombay HC (Principal, Appellate)",Maharashtra,CRL_A,Criminal Appeal,2017-06-05,2024-02-23,2454,2454.0,7.805882040228621,hc,6,5,0,1,1
HCBM010250792019,"Bombay HC (Principal, Appellate)",Maharashtra,CRL_A,Criminal Appeal,2019-05-23,2024-11-21,2009,2009.0,7.605890001053122,hc,5,23,3,1,1
HCBM010111002017,"Bombay HC (Principal, Appellate)",Maharashtra,CRL_A,Criminal Appeal,2017-03-07,2024-11-11,2806,2806.0,7.939871576361883,hc,3,7,1,1,1
HCBM010371642015,"Bombay HC (Principal, Appellate)",Maharashtra,CRL_A,Criminal Appeal,2015-09-04,2024-06-18,3210,3210.0,8.074337694089515,hc,9,4,4,1,1
HCBM010438162016,"Bombay HC (Principal, Appellate)",Maharashtra,CRL_A,Criminal Appeal,2016-10-13,2024-01-22,2657,2657.0,7.88532923927319,hc,10,13,3,1,1
HCBM010226052018,"Bombay HC (Principal, Appellate)",Maharashtra,CRL_A,Criminal Appeal,2018-04-25,2024-02-05,2112,2112.0,7.655864017616056,hc,4,25,2,1,1
HCBM010026722013,"Bombay HC (Principal, Appellate)",Maharashtra,CRL_A,Criminal Appeal,2013-01-18,2024-06-18,4169,4169.0,8.335671314792847,hc,1,18,4,1,1
HCBM010307952018,"Bombay HC (Principal, Appellate)",Maharashtra,CRL_A,Criminal Appeal,2018-06-28,2024-01-05,2017,2017.0,7.609862200913554,hc,6,28,3,1,1
HCBM010414222019,"Bombay HC (Principal, Appellate)",Maharashtra,CRL_A,Criminal Appeal,2019-08-29,2024-11-21,1911,1911.0,7.555905093611346,hc,8,29,3,1,1
HCBM010383002016,"Bombay HC (Principal, Appellate)",Maharashtra,CRL_A,Criminal Appeal,2016-09-14,2024-01-22,2686,2686.0,7.8961806086154915,hc,9,14,2,1,1
HCBM010226132018,"Bombay HC (Principal, Appellate)",Maharashtra,CRL_A,Criminal Appeal,2018-04-25,2024-02-05,2112,2112.0,7.655864017616056,hc,4,25,2,1,1
HCBM010198242018,"Bombay HC (Principal, Appellate)",Maharashtra,CRL_A,Criminal Appeal,2018-04-18,2024-07-22,2287,2287.0,7.7354333524996886,hc,4,18,2,1,1
HCBM010323352019,"Bombay HC (Principal, Appellate)",Maharashtra,CRL_A,Criminal Appeal,2019-07-10,2024-04-24,1750,1750.0,7.467942332285852,hc,7,10,2,1,1
HCBM010384772019,"Bombay HC (Principal, Appellate)",Maharashtra,CRL_A,Criminal Appeal,2019-08-14,2024-01-05,1605,1605.0,7.381501894506707,hc,8,14,2,1,1
HCBM010071332018,"Bombay HC (Principal, Appellate)",Maharashtra,CRL_A,Criminal Appeal,2018-02-12,2024-09-04,2396,2396.0,7.781973234434385,hc,2,12,0,1,1
HCBM010157612017,"Bombay HC (Principal, Appellate)",Maharashtra,CRL_A,Criminal Appeal,2017-04-05,2024-06-18,2631,2631.0,7.875499292445208,hc,4,5,2,1,1
HCBM010270452015,"Bombay HC (Principal, Appellate)",Maharashtra,CRL_A,Criminal Appeal,2015-07-04,2024-03-27,3189,3189.0,8.06777619577889,hc,7,4,5,1,1
HCBM010410982015,"Bombay HC (Principal, Appellate)",Maharashtra,CRL_A,Criminal Appeal,2015-10-05,2024-06-18,3179,3179.0,8.064636475774222,hc,10,5,0,1,1
HCBM010516122017,"Bombay HC (Principal, Appellate)",Maharashtra,CRL_A,Criminal Appeal,2017-11-18,2024-01-24,2258,2258.0,7.7226775164680035,hc,11,18,5,1,1
HCBM010151592015,"Bombay HC (Principal, Appellate)",Maharashtra,CRL_A,Criminal Appeal,2015-04-08,2024-06-18,3359,3359.0,8.11969625295725,hc,4,8,2,1,1
HCBM010481272017,"Bombay HC (Principal, Appellate)",Maharashtra,CRL_A,Criminal Appeal,2017-11-09,2024-09-30,2517,2517.0,7.831220214604293,hc,11,9,3,1,1
HCBM010287042019,"Bombay HC (Principal, Appellate)",Maharashtra,CRL_A,Criminal Appeal,2019-06-18,2024-11-14,1976,1976.0,7.589335823170617,hc,6,18,1,1,1
HCBM010197662019,"Bombay HC (Principal, Appellate)",Maharashtra,CRL_A,Criminal Appeal,2019-04-15,2024-08-13,1947,1947.0,7.5745584842024805,hc,4,15,0,1,1
HCBM010321262019,"Bombay HC (Principal, Appellate)",Maharashtra,CRL_A,Criminal Appeal,2019-07-09,2024-10-07,1917,1917.0,7.559038255443384,hc,7,9,1,1,1
HCBM010182782018,"Bombay HC (Principal, Appellate)",Maharashtra,CRL_A,Criminal Appeal,2018-04-07,2024-06-18,2264,2264.0,7.725330037917135,hc,4,7,5,1,1
HCBM010323452019,"Bombay HC (Principal, Appellate)",Maharashtra,CRL_A,Criminal Appeal,2019-07-10,2024-10-09,1918,1918.0,7.5595594960077,hc,7,10,2,1,1
HCBM010374602019,"Bombay HC (Principal, Appellate)",Maharashtra,CRL_A,Criminal Appeal,2019-08-06,2024-01-05,1613,1613.0,7.3864708488298945,hc,8,6,1,1,1
KAHC010002632020,High Court of Karnataka (Bangalore),Karnataka,WP_C,Writ Petition (Civil),2020-01-02,2020-08-10,221,221.0,5.402677381872279,hc,1,2,3,1,0
HBHC010346802020,Telangana High Court (Hyderabad),Telangana,WP_C,Writ Petition (Civil),2020-11-23,2023-04-03,861,861.0,6.759255270663693,hc,11,23,0,1,0
RJHC010481582020,High Court of Rajasthan (Jodhpur),Rajasthan,WP_C,Writ Petition (Civil),2020-10-09,2023-07-11,1005,1005.0,6.913737350659685,hc,10,9,4,1,0
HBHC010234792020,Telangana High Court (Hyderabad),Telangana,WP_C,Writ Petition (Civil),2020-08-31,2020-09-01,1,1.0,0.6931471805599453,hc,8,31,0,1,0
HCMD010497842020,Madras HC (Madurai Bench),Tamil Nadu,WP_C,Writ Petition (Civil),2020-09-11,2023-01-04,845,845.0,6.740519359606223,hc,9,11,4,1,0
HCMD010497832020,Madras HC (Madurai Bench),Tamil Nadu,WP_C,Writ Petition (Civil),2020-09-11,2020-09-17,6,6.0,1.9459101490553132,hc,9,11,4,1,0
HCMD010519622020,Madras HC (Madurai Bench),Tamil Nadu,WP_C,Writ Petition (Civil),2020-09-18,2021-03-31,194,194.0,5.272999558563747,hc,9,18,4,1,0
HCMD010519582020,Madras HC (Madurai Bench),Tamil Nadu,WP_C,Writ Petition (Civil),2020-09-18,2020-09-23,5,5.0,1.791759469228055,hc,9,18,4,1,0
HCMD010519612020,Madras HC (Madurai Bench),Tamil Nadu,WP_C,Writ Petition (Civil),2020-09-18,2020-09-23,5,5.0,1.791759469228055,hc,9,18,4,1,0
HCMD010522332020,Madras HC (Madurai Bench),Tamil Nadu,WP_C,Writ Petition (Civil),2020-09-21,2020-09-25,4,4.0,1.6094379124341003,hc,9,21,0,1,0
HCMD010519572020,Madras HC (Madurai Bench),Tamil Nadu,WP_C,Writ Petition (Civil),2020-09-18,2021-02-23,158,158.0,5.0689042022202315,hc,9,18,4,1,0
HCMD010519602020,Madras HC (Madurai Bench),Tamil Nadu,WP_C,Writ Petition (Civil),2020-09-18,2020-09-23,5,5.0,1.791759469228055,hc,9,18,4,1,0
HCMD010530422020,Madras HC (Madurai Bench),Tamil Nadu,WP_C,Writ Petition (Civil),2020-09-22,2020-09-28,6,6.0,1.9459101490553132,hc,9,22,1,1,0
HCMA010619642020,Madras HC (Chennai),Tamil Nadu,WP_C,Writ Petition (Civil),2020-07-03,2022-06-30,727,727.0,6.590301048196686,hc,7,3,4,1,0
HCMA010626872020,Madras HC (Chennai),Tamil Nadu,WP_C,Writ Petition (Civil),2020-07-08,2024-10-19,1564,1564.0,7.355641102974253,hc,7,8,2,1,0
HCMA010626872020,Madras HC (Chennai),Tamil Nadu,WP_C,Writ Petition (Civil),2020-07-08,2024-10-19,1564,1564.0,7.355641102974253,hc,7,8,2,1,0
HCMA010620772020,Madras HC (Chennai),Tamil Nadu,WP_C,Writ Petition (Civil),2020-07-06,2020-09-15,71,71.0,4.276666119016055,hc,7,6,0,1,0
MPHC030132452020,High Court of MP (Gwalior),Madhya Pradesh,WP_C,Writ Petition (Civil),2020-07-25,2021-01-21,180,180.0,5.198497031265826,hc,7,25,5,1,0
MPHC030129862020,High Court of MP (Gwalior),Madhya Pradesh,WP_C,Writ Petition (Civil),2020-07-24,2020-08-07,14,14.0,2.70805020110221,hc,7,24,4,1,0
PHHC010355512020,High Court of Punjab and Haryana,Punjab,WP_C,Writ Petition (Civil),2020-03-16,2024-05-13,1519,1519.0,7.326465613840322,hc,3,16,0,1,0
PHHC010355512020,High Court of Punjab and Haryana,Punjab,WP_C,Writ Petition (Civil),2020-03-16,2024-05-13,1519,1519.0,7.326465613840322,hc,3,16,0,1,0
PHHC010351982020,High Court of Punjab and Haryana,Punjab,WP_C,Writ Petition (Civil),2020-03-16,2020-09-25,193,193.0,5.267858159063328,hc,3,16,0,1,0
PHHC010355522020,High Court of Punjab and Haryana,Punjab,WP_C,Writ Petition (Civil),2020-03-16,2024-08-27,1625,1625.0,7.3938782901077555,hc,3,16,0,1,0
PHHC010355522020,High Court of Punjab and Haryana,Punjab,WP_C,Writ Petition (Civil),2020-03-16,2024-08-27,1625,1625.0,7.3938782901077555,hc,3,16,0,1,0
CGHC010205042020,"High Court, Chhattisgarh",Chhattisgarh,WP_C,Writ Petition (Civil),2020-09-03,2020-09-22,19,19.0,2.995732273553991,hc,9,3,3,1,0
CGHC010205032020,"High Court, Chhattisgarh",Chhattisgarh,WP_C,Writ Petition (Civil),2020-09-03,2020-09-18,15,15.0,2.772588722239781,hc,9,3,3,1,0
MPHC030157052020,High Court of MP (Gwalior),Madhya Pradesh,WP_C,Writ Petition (Civil),2020-08-25,2020-09-01,7,7.0,2.0794415416798357,hc,8,25,1,1,0
MPHC030170392020,High Court of MP (Gwalior),Madhya Pradesh,WP_C,Writ Petition (Civil),2020-09-09,2020-09-21,12,12.0,2.5649493574615367,hc,9,9,2,1,0
MPHC030184372020,High Court of MP (Gwalior),Madhya Pradesh,WP_C,Writ Petition (Civil),2020-09-24,2021-11-25,427,427.0,6.059123195581797,hc,9,24,3,1,0
MPHC030188352020,High Court of MP (Gwalior),Madhya Pradesh,WP_C,Writ Petition (Civil),2020-09-28,2021-01-18,112,112.0,4.727387818712341,hc,9,28,0,1,0
MPHC030199942020,High Court of MP (Gwalior),Madhya Pradesh,WP_C,Writ Petition (Civil),2020-10-12,2021-07-07,268,268.0,5.594711379601839,hc,10,12,0,1,0
MPHC030199962020,High Court of MP (Gwalior),Madhya Pradesh,WP_C,Writ Petition (Civil),2020-10-12,2021-08-31,323,323.0,5.780743515792329,hc,10,12,0,1,0
MPHC030201362020,High Court of MP (Gwalior),Madhya Pradesh,WP_C,Writ Petition (Civil),2020-10-12,2021-07-06,267,267.0,5.5909869805108565,hc,10,12,0,1,0
KAHC010358462020,High Court of Karnataka (Bangalore),Karnataka,WP_C,Writ Petition (Civil),2020-11-20,2025-02-07,1540,1540.0,7.340186835320115,hc,11,20,4,1,0
PHHC010644502020,High Court of Punjab and Haryana,Punjab,WP_C,Writ Petition (Civil),2020-08-19,2020-09-22,34,34.0,3.5553480614894135,hc,8,19,2,1,0
MPHC030249122020,High Court of MP (Gwalior),Madhya Pradesh,WP_C,Writ Petition (Civil),2020-12-14,2021-01-05,22,22.0,3.1354942159291497,hc,12,14,0,1,0
HCMA010521462020,Madras HC (Chennai),Tamil Nadu,WP_C,Writ Petition (Civil),2020-03-20,2020-09-18,182,182.0,5.209486152841421,hc,3,20,4,1,0
HCMA010618212020,Madras HC (Chennai),Tamil Nadu,WP_C,Writ Petition (Civil),2020-07-03,2020-07-07,4,4.0,1.6094379124341003,hc,7,3,4,1,0
HCMD010487832020,Madras HC (Madurai Bench),Tamil Nadu,WP_C,Writ Petition (Civil),2020-09-09,2020-09-15,6,6.0,1.9459101490553132,hc,9,9,2,1,0
KAHC010057322020,High Court of Karnataka (Bangalore),Karnataka,WP_C,Writ Petition (Civil),2020-01-29,2021-08-06,555,555.0,6.320768294250582,hc,1,29,2,1,0
KAHC010060952020,High Court of Karnataka (Bangalore),Karnataka,WP_C,Writ Petition (Civil),2020-01-30,2021-10-25,634,634.0,6.453624998892692,hc,1,30,3,1,0
HCBM040183732020,Bombay HC (Nagpur Bench),Maharashtra,WP_C,Writ Petition (Civil),2020-12-05,2022-09-06,640,640.0,6.46302945692067,hc,12,5,5,1,0
HCBM040204522020,Bombay HC (Nagpur Bench),Maharashtra,WP_C,Writ Petition (Civil),2020-12-29,2021-02-04,37,37.0,3.6375861597263857,hc,12,29,1,1,0
HCBM040204532020,Bombay HC (Nagpur Bench),Maharashtra,WP_C,Writ Petition (Civil),2020-12-29,2021-03-22,83,83.0,4.430816798843313,hc,12,29,1,1,0
HCBM040204542020,Bombay HC (Nagpur Bench),Maharashtra,WP_C,Writ Petition (Civil),2020-12-29,2021-02-12,45,45.0,3.828641396489095,hc,12,29,1,1,0
HCMD010478302020,Madras HC (Madurai Bench),Tamil Nadu,WP_C,Writ Petition (Civil),2020-09-04,2020-12-17,104,104.0,4.653960350157523,hc,9,4,4,1,0
HCMD010485602020,Madras HC (Madurai Bench),Tamil Nadu,WP_C,Writ Petition (Civil),2020-09-08,2023-01-03,847,847.0,6.742880635791903,hc,9,8,1,1,0
HCMD010473482020,Madras HC (Madurai Bench),Tamil Nadu,WP_C,Writ Petition (Civil),2020-09-03,2020-09-07,4,4.0,1.6094379124341003,hc,9,3,3,1,0
HCMD010482882020,Madras HC (Madurai Bench),Tamil Nadu,WP_C,Writ Petition (Civil),2020-09-08,2020-09-17,9,9.0,2.302585092994046,hc,9,8,1,1,0
KAHC010060962020,High Court of Karnataka (Bangalore),Karnataka,WP_C,Writ Petition (Civil),2020-01-30,2021-10-25,634,634.0,6.453624998892692,hc,1,30,3,1,0
MHAH140008442019,Senior Division Court Newasa,Maharashtra,CS,Civil Suit,2019-06-13,2024-03-03,1725,1725.0,7.453561871643373,district,6,13,3,1,1
MHAH140008442018,Senior Division Court Newasa,Maharashtra,CS,Civil Suit,2018-07-09,2024-09-21,2266,2266.0,7.726212650507529,district,7,9,0,1,1
MHAH140008462017,Senior Division Court Newasa,Maharashtra,CS,Civil Suit,2017-07-01,2024-03-03,2437,2437.0,7.798933310041217,district,7,1,5,1,1
MHAH140008462022,Senior Division Court Newasa,Maharashtra,CS,Civil Suit,2022-04-27,2024-01-10,623,623.0,6.436150368369428,district,4,27,2,1,0
MHAH140008452024,Senior Division Court Newasa,Maharashtra,CS,Civil Suit,2024-05-10,2024-07-27,78,78.0,4.3694478524670215,district,5,10,4,0,0
MHAH140008442024,Senior Division Court Newasa,Maharashtra,CS,Civil Suit,2024-05-10,2024-07-27,78,78.0,4.3694478524670215,district,5,10,4,0,0
MHAH140015112021,Senior Division Court Newasa,Maharashtra,CS,Civil Suit,2021-10-01,2024-07-24,1027,1027.0,6.93537044601511,district,10,1,4,1,0
MHAH140019132024,Senior Division Court Newasa,Maharashtra,CS,Civil Suit,2024-12-03,2024-12-14,11,11.0,2.4849066497880004,district,12,3,1,0,0
MHAH140019182024,Senior Division Court Newasa,Maharashtra,CS,Civil Suit,2024-12-04,2024-12-14,10,10.0,2.3978952727983707,district,12,4,2,0,0
MHAH140015142018,Senior Division Court Newasa,Maharashtra,CS,Civil Suit,2018-10-25,2024-07-20,2095,2095.0,7.647786045440933,district,10,25,3,1,1
MHAH140019102024,Senior Division Court Newasa,Maharashtra,CS,Civil Suit,2024-12-03,2024-12-14,11,11.0,2.4849066497880004,district,12,3,1,0,0
MHAH140015132018,Senior Division Court Newasa,Maharashtra,CS,Civil Suit,2018-10-25,2024-09-28,2165,2165.0,7.680637427560936,district,10,25,3,1,1
MHAH140019122024,Senior Division Court Newasa,Maharashtra,CS,Civil Suit,2024-12-03,2024-12-14,11,11.0,2.4849066497880004,district,12,3,1,0,0
HRRE020022562023,"Civil Courts, Rewari",Haryana,CS,Civil Suit,2023-12-08,2024-11-22,350,350.0,5.860786223465865,district,12,8,4,1,0
HRRE020022582022,"Civil Courts, Rewari",Haryana,CS,Civil Suit,2022-12-06,2024-10-21,685,685.0,6.530877627725885,district,12,6,1,1,0
UPBB050001012021,"Civil Judge, Senior Division",Uttar Pradesh,CS,Civil Suit,2021-01-21,2024-08-13,1300,1300.0,7.170888478512505,district,1,21,3,1,0
UPET060003602023,Civil Judge Junior Division,Uttar Pradesh,CS,Civil Suit,2023-04-26,2024-09-27,520,520.0,6.255750041753367,district,4,26,2,1,0
MHAH140015122020,Senior Division Court Newasa,Maharashtra,CS,Civil Suit,2020-11-27,2024-08-09,1351,1351.0,7.20934025660291,district,11,27,4,1,0
MHAH140015122020,Senior Division Court Newasa,Maharashtra,CS,Civil Suit,2020-11-27,2024-08-09,1351,1351.0,7.20934025660291,district,11,27,4,1,0
GJRJ040006822023,Taluka Court - Gondal,Gujarat,CS,Civil Suit,2023-03-10,2024-01-20,316,316.0,5.75890177387728,district,3,10,4,1,0
GJRJ040017872024,Taluka Court - Gondal,Gujarat,CS,Civil Suit,2024-04-26,2024-09-27,154,154.0,5.043425116919247,district,4,26,4,0,0
GJRJ040008802024,Taluka Court - Gondal,Gujarat,CS,Civil Suit,2024-02-27,2024-04-03,36,36.0,3.6109179126442243,district,2,27,1,0,0
GJRJ040008802022,Taluka Court - Gondal,Gujarat,CS,Civil Suit,2022-03-09,2024-08-05,880,880.0,6.78105762593618,district,3,9,2,1,0
GJRJ040020872024,Taluka Court - Gondal,Gujarat,CS,Civil Suit,2024-05-22,2024-06-22,31,31.0,3.4657359027997265,district,5,22,2,0,0
BRBU220002202023,Dumraon Civil Judge Sr. Div,Bihar,CS,Civil Suit,2023-03-24,2024-04-16,389,389.0,5.966146739123692,district,3,24,4,1,0
MHTH190017582018,CIVIL COURT DAHANU,Maharashtra,CS,Civil Suit,2018-11-21,2024-01-12,1878,1878.0,7.538494999413465,district,11,21,2,1,1
PBBR020005492024,"Civil Courts, Barnala",Punjab,CS,Civil Suit,2024-03-30,2024-05-22,53,53.0,3.9889840465642745,district,3,30,5,0,0
PBBR020005502024,"Civil Courts, Barnala",Punjab,CS,Civil Suit,2024-03-30,2024-08-13,136,136.0,4.919980925828125,district,3,30,5,0,0
UPBR240004172023,cjjdfaridpur,Uttar Pradesh,CS,Civil Suit,2023-03-10,2024-12-05,636,636.0,6.456769655572163,district,3,10,4,1,0
UPBR240004182023,cjjdfaridpur,Uttar Pradesh,CS,Civil Suit,2023-03-10,2024-09-23,563,563.0,6.335054251498059,district,3,10,4,1,0
UPGZ050017882023,Civil Judge Senior Division,Uttar Pradesh,CS,Civil Suit,2023-10-11,2024-09-17,342,342.0,5.83773044716594,district,10,11,2,1,0
UPGZ050017902023,Civil Judge Senior Division,Uttar Pradesh,CS,Civil Suit,2023-10-11,2024-09-17,342,342.0,5.83773044716594,district,10,11,2,1,0
UPGZ050017922023,Civil Judge Senior Division,Uttar Pradesh,CS,Civil Suit,2023-10-11,2024-09-17,342,342.0,5.83773044716594,district,10,11,2,1,0
UPGZ050017932023,Civil Judge Senior Division,Uttar Pradesh,CS,Civil Suit,2023-10-11,2024-09-17,342,342.0,5.83773044716594,district,10,11,2,1,0
UPGZ050017912023,Civil Judge Senior Division,Uttar Pradesh,CS,Civil Suit,2023-10-11,2024-09-17,342,342.0,5.83773044716594,district,10,11,2,1,0
UPGZ050017872023,Civil Judge Senior Division,Uttar Pradesh,CS,Civil Suit,2023-10-11,2024-09-17,342,342.0,5.83773044716594,district,10,11,2,1,0
UPGZ050017892023,Civil Judge Senior Division,Uttar Pradesh,CS,Civil Suit,2023-10-11,2024-09-17,342,342.0,5.83773044716594,district,10,11,2,1,0
UPGZ050017982023,Civil Judge Senior Division,Uttar Pradesh,CS,Civil Suit,2023-10-12,2024-06-13,245,245.0,5.5053315359323625,district,10,12,3,1,0
UPGZ050017972023,Civil Judge Senior Division,Uttar Pradesh,CS,Civil Suit,2023-10-12,2024-06-13,245,245.0,5.5053315359323625,district,10,12,3,1,0
UPGZ050017992023,Civil Judge Senior Division,Uttar Pradesh,CS,Civil Suit,2023-10-12,2024-06-19,251,251.0,5.529429087511423,district,10,12,3,1,0
UPGZ050017972021,Civil Judge Senior Division,Uttar Pradesh,CS,Civil Suit,2021-11-24,2024-02-02,800,800.0,6.68586094706836,district,11,24,2,1,0
UPGZ050018002023,Civil Judge Senior Division,Uttar Pradesh,CS,Civil Suit,2023-10-12,2024-06-21,253,253.0,5.537334267018537,district,10,12,3,1,0
UPGZ050017962023,Civil Judge Senior Division,Uttar Pradesh,CS,Civil Suit,2023-10-12,2024-06-14,246,246.0,5.5093883366279774,district,10,12,3,1,0
UPGZ050018132021,Civil Judge Senior Division,Uttar Pradesh,CS,Civil Suit,2021-11-26,2024-11-08,1078,1078.0,6.983789965258135,district,11,26,4,1,0
UPGZ050017902021,Civil Judge Senior Division,Uttar Pradesh,CS,Civil Suit,2021-11-23,2024-09-06,1018,1018.0,6.926577033222725,district,11,23,1,1,0
UPGZ060001402024,Civil Judge Junior Division,Uttar Pradesh,CS,Civil Suit,2024-01-26,2024-09-02,220,220.0,5.3981627015177525,district,1,26,4,0,0
UPGZ060001412022,Civil Judge Junior Division,Uttar Pradesh,CS,Civil Suit,2022-02-04,2024-01-04,699,699.0,6.551080335043404,district,2,4,4,1,0
BRPU010049482024,"PDJ DIVISION, PURNEA",Bihar,BA,Bail Application,2024-07-20,2024-08-03,14,14.0,2.70805020110221,district,7,20,5,0,0
BRPU010049602024,"PDJ DIVISION, PURNEA",Bihar,BA,Bail Application,2024-07-20,2024-08-07,18,18.0,2.9444389791664403,district,7,20,5,0,0
CGJC010004162024,DISTRICT AND SESSION COURT JANJGIR,Chhattisgarh,BA,Bail Application,2024-02-19,2024-02-22,3,3.0,1.3862943611198906,district,2,19,0,0,0
CGJC010004132024,DISTRICT AND SESSION COURT JANJGIR,Chhattisgarh,BA,Bail Application,2024-02-19,2024-02-22,3,3.0,1.3862943611198906,district,2,19,0,0,0
MHAH130003362024,24DISTRICT AND SESSIONS COURT NEWASA,Maharashtra,BA,Bail Application,2024-05-08,2024-05-16,8,8.0,2.1972245773362196,district,5,8,2,0,0
BRPU010049632024,"PDJ DIVISION, PURNEA",Bihar,BA,Bail Application,2024-07-20,2024-09-19,61,61.0,4.127134385045092,district,7,20,5,0,0
MHAH130003402024,24DISTRICT AND SESSIONS COURT NEWASA,Maharashtra,BA,Bail Application,2024-05-09,2024-05-16,7,7.0,2.0794415416798357,district,5,9,3,0,0
MHAH130003362020,24DISTRICT AND SESSIONS COURT NEWASA,Maharashtra,BA,Bail Application,2020-05-19,2020-05-21,2,2.0,1.0986122886681096,district,5,19,1,1,0
MHAH130003372020,24DISTRICT AND SESSIONS COURT NEWASA,Maharashtra,BA,Bail Application,2020-05-19,2020-05-21,2,2.0,1.0986122886681096,district,5,19,1,1,0
MHAH130003382020,24DISTRICT AND SESSIONS COURT NEWASA,Maharashtra,BA,Bail Application,2020-05-19,2020-05-22,3,3.0,1.3862943611198906,district,5,19,1,1,0
MHAH130003392020,24DISTRICT AND SESSIONS COURT NEWASA,Maharashtra,BA,Bail Application,2020-05-19,2020-05-27,8,8.0,2.1972245773362196,district,5,19,1,1,0
MHAH130003402020,24DISTRICT AND SESSIONS COURT NEWASA,Maharashtra,BA,Bail Application,2020-05-20,2020-06-02,13,13.0,2.639057329615259,district,5,20,2,1,0
MHAH140008442020,Senior Division Court Newasa,Maharashtra,CS,Civil Suit,2020-07-23,2020-12-10,140,140.0,4.948759890378168,district,7,23,3,1,0
MHAH140008452020,Senior Division Court Newasa,Maharashtra,CS,Civil Suit,2020-07-23,2020-10-12,81,81.0,4.406719247264253,district,7,23,3,1,0
MHAH140015132020,Senior Division Court Newasa,Maharashtra,CS,Civil Suit,2020-11-27,2020-12-12,15,15.0,2.772588722239781,district,11,27,4,1,0
MHAH140008422020,Senior Division Court Newasa,Maharashtra,CS,Civil Suit,2020-07-23,2020-09-07,46,46.0,3.8501476017100584,district,7,23,3,1,0
MHAH140015082020,Senior Division Court Newasa,Maharashtra,CS,Civil Suit,2020-11-26,2020-12-12,16,16.0,2.833213344056216,district,11,26,3,1,0
KLHC010008952024,High Court of Kerala,Kerala,WP_C,Writ Petition (Civil),2024-01-04,2024-02-12,39,39.0,3.6888794541139363,hc,1,4,3,0,0
KLHC010957692023,High Court of Kerala,Kerala,WP_C,Writ Petition (Civil),2023-12-18,2024-01-23,36,36.0,3.6109179126442243,hc,12,18,0,1,0
KLHC010957692024,High Court of Kerala,Kerala,WP_C,Writ Petition (Civil),2024-03-25,2024-03-26,1,1.0,0.6931471805599453,hc,3,25,0,0,0
KLHC010008932024,High Court of Kerala,Kerala,WP_C,Writ Petition (Civil),2024-01-04,2024-01-23,19,19.0,2.995732273553991,hc,1,4,3,0,0
KLHC010007852023,High Court of Kerala,Kerala,WP_C,Writ Petition (Civil),2023-01-05,2024-03-19,439,439.0,6.0867747269123065,hc,1,5,3,1,0
KLHC010007952024,High Court of Kerala,Kerala,WP_C,Writ Petition (Civil),2024-01-04,2024-01-05,1,1.0,0.6931471805599453,hc,1,4,3,0,0
KLHC010710622014,High Court of Kerala,Kerala,WP_C,Writ Petition (Civil),2014-09-29,2024-02-28,3439,3439.0,8.143226750367443,hc,9,29,0,1,1
KLHC011677992024,High Court of Kerala,Kerala,WP_C,Writ Petition (Civil),2024-12-20,2024-12-31,11,11.0,2.4849066497880004,hc,12,20,4,0,0
KLHC010019322024,High Court of Kerala,Kerala,WP_C,Writ Petition (Civil),2024-01-08,2024-01-10,2,2.0,1.0986122886681096,hc,1,8,0,0,0
KLHC010020672024,High Court of Kerala,Kerala,WP_C,Writ Petition (Civil),2024-01-03,2024-02-05,33,33.0,3.5263605246161616,hc,1,3,2,0,0
KLHC010009052024,High Court of Kerala,Kerala,WP_C,Writ Petition (Civil),2024-01-04,2024-06-07,155,155.0,5.049856007249537,hc,1,4,3,0,0
KLHC010605022008,High Court of Kerala,Kerala,WP_C,Writ Petition (Civil),2008-06-17,2024-03-26,5761,5761.0,8.659039915644474,hc,6,17,1,1,1
KLHC010614792022,High Court of Kerala,Kerala,WP_C,Writ Petition (Civil),2022-09-05,2024-08-08,703,703.0,6.556778356158042,hc,9,5,0,1,0
KLHC010614802016,High Court of Kerala,Kerala,WP_C,Writ Petition (Civil),2016-04-06,2024-04-11,2927,2927.0,7.982074875081202,hc,4,6,2,1,1
KLHC010633692023,High Court of Kerala,Kerala,WP_C,Writ Petition (Civil),2023-08-24,2024-12-04,468,468.0,6.150602768446279,hc,8,24,3,1,0
KLHC010633692013,High Court of Kerala,Kerala,WP_C,Writ Petition (Civil),2013-08-13,2024-03-27,3879,3879.0,8.263590432617319,hc,8,13,1,1,1
KLHC010530082016,High Court of Kerala,Kerala,WP_C,Writ Petition (Civil),2016-02-12,2024-07-30,3091,3091.0,8.036573409707312,hc,2,12,4,1,1
KLHC010530092023,High Court of Kerala,Kerala,WP_C,Writ Petition (Civil),2023-07-22,2024-01-09,171,171.0,5.147494476813453,hc,7,22,5,1,0
KLHC010007852024,High Court of Kerala,Kerala,WP_C,Writ Petition (Civil),2024-01-04,2024-01-05,1,1.0,0.6931471805599453,hc,1,4,3,0,0
KLHC010945372023,High Court of Kerala,Kerala,WP_C,Writ Petition (Civil),2023-12-13,2024-02-06,55,55.0,4.02535169073515,hc,12,13,2,1,0
KLHC011264952024,High Court of Kerala,Kerala,WP_C,Writ Petition (Civil),2024-07-26,2024-10-22,88,88.0,4.48863636973214,hc,7,26,4,0,0
KLHC010013942024,High Court of Kerala,Kerala,WP_C,Writ Petition (Civil),2024-01-04,2024-12-18,349,349.0,5.857933154483459,hc,1,4,3,0,0
KLHC010028082024,High Court of Kerala,Kerala,WP_C,Writ Petition (Civil),2024-01-10,2024-01-29,19,19.0,2.995732273553991,hc,1,10,2,0,0
KLHC010028102024,High Court of Kerala,Kerala,WP_C,Writ Petition (Civil),2024-01-10,2024-01-25,15,15.0,2.772588722239781,hc,1,10,2,0,0
KLHC010031592024,High Court of Kerala,Kerala,WP_C,Writ Petition (Civil),2024-01-11,2024-01-15,4,4.0,1.6094379124341003,hc,1,11,3,0,0
KLHC010028102023,High Court of Kerala,Kerala,WP_C,Writ Petition (Civil),2023-01-12,2024-01-23,376,376.0,5.932245187448011,hc,1,12,3,1,0
KLHC010047182024,High Court of Kerala,Kerala,WP_C,Writ Petition (Civil),2024-01-17,2024-01-19,2,2.0,1.0986122886681096,hc,1,17,2,0,0
KLHC010623682023,High Court of Kerala,Kerala,WP_C,Writ Petition (Civil),2023-08-23,2024-06-12,294,294.0,5.68697535633982,hc,8,23,2,1,0
KLHC010626152023,High Court of Kerala,Kerala,WP_C,Writ Petition (Civil),2023-08-23,2024-07-31,343,343.0,5.840641657373398,hc,8,23,2,1,0
KLHC010780772015,High Court of Kerala,Kerala,WP_C,Writ Petition (Civil),2015-10-20,2024-02-27,3052,3052.0,8.023879992734878,hc,10,20,1,1,1
KLHC010780802017,High Court of Kerala,Kerala,WP_C,Writ Petition (Civil),2017-09-18,2024-04-05,2391,2391.0,7.779885115070522,hc,9,18,0,1,1
KLHC010780782016,High Court of Kerala,Kerala,WP_C,Writ Petition (Civil),2016-09-09,2024-06-07,2828,2828.0,7.947678571301568,hc,9,9,4,1,1
KLHC010785772024,High Court of Kerala,Kerala,WP_C,Writ Petition (Civil),2024-01-31,2024-04-01,61,61.0,4.127134385045092,hc,1,31,2,0,0
KLHC010780812024,High Court of Kerala,Kerala,WP_C,Writ Petition (Civil),2024-01-29,2024-02-01,3,3.0,1.3862943611198906,hc,1,29,0,0,0
KLHC010785782024,High Court of Kerala,Kerala,WP_C,Writ Petition (Civil),2024-01-31,2024-11-21,295,295.0,5.69035945432406,hc,1,31,2,0,0
KLHC010780792023,High Court of Kerala,Kerala,WP_C,Writ Petition (Civil),2023-10-17,2024-03-25,160,160.0,5.081404364984463,hc,10,17,1,1,0
KLHC010780792024,High Court of Kerala,Kerala,WP_C,Writ Petition (Civil),2024-01-29,2024-03-26,57,57.0,4.060443010546419,hc,1,29,0,0,0
KLHC010785812016,High Court of Kerala,Kerala,WP_C,Writ Petition (Civil),2016-09-23,2024-04-09,2755,2755.0,7.9215356321335495,hc,9,23,4,1,1
KLHC010785812014,High Court of Kerala,Kerala,WP_C,Writ Petition (Civil),2014-12-08,2024-01-18,3328,3328.0,8.110427237575024,hc,12,8,0,1,1
KLHC010790882024,High Court of Kerala,Kerala,WP_C,Writ Petition (Civil),2024-02-02,2024-02-06,4,4.0,1.6094379124341003,hc,2,2,4,0,0
KLHC011355122024,High Court of Kerala,Kerala,WP_C,Writ Petition (Civil),2024-08-30,2024-09-03,4,4.0,1.6094379124341003,hc,8,30,4,0,0
KLHC011354862024,High Court of Kerala,Kerala,WP_C,Writ Petition (Civil),2024-09-02,2024-10-10,38,38.0,3.6635616461296463,hc,9,2,0,0,0
KLHC011354962024,High Court of Kerala,Kerala,WP_C,Writ Petition (Civil),2024-09-01,2024-09-30,29,29.0,3.4011973816621555,hc,9,1,6,0,0
KLHC011354972024,High Court of Kerala,Kerala,WP_C,Writ Petition (Civil),2024-09-02,2024-10-09,37,37.0,3.6375861597263857,hc,9,2,0,0,0
KLHC011354932024,High Court of Kerala,Kerala,WP_C,Writ Petition (Civil),2024-09-02,2024-09-10,8,8.0,2.1972245773362196,hc,9,2,0,0,0
KLHC011355092024,High Court of Kerala,Kerala,WP_C,Writ Petition (Civil),2024-08-29,2024-11-28,91,91.0,4.5217885770490405,hc,8,29,3,0,0
KLHC011384312024,High Court of Kerala,Kerala,WP_C,Writ Petition (Civil),2024-09-10,2024-09-12,2,2.0,1.0986122886681096,hc,9,10,1,0,0
KLHC011355032024,High Court of Kerala,Kerala,WP_C,Writ Petition (Civil),2024-08-31,2024-09-09,9,9.0,2.302585092994046,hc,8,31,5,0,0
KLHC011384362024,High Court of Kerala,Kerala,WP_C,Writ Petition (Civil),2024-09-10,2024-09-13,3,3.0,1.3862943611198906,hc,9,10,1,0,0
KLHC011384432024,High Court of Kerala,Kerala,WP_C,Writ Petition (Civil),2024-09-10,2024-11-02,53,53.0,3.9889840465642745,hc,9,10,1,0,0
KLHC011355272024,High Court of Kerala,Kerala,WP_C,Writ Petition (Civil),2024-08-31,2024-10-09,39,39.0,3.6888794541139363,hc,8,31,5,0,0
KLHC011355172024,High Court of Kerala,Kerala,WP_C,Writ Petition (Civil),2024-09-02,2024-10-18,46,46.0,3.8501476017100584,hc,9,2,0,0,0
KLHC011384322024,High Court of Kerala,Kerala,WP_C,Writ Petition (Civil),2024-09-09,2024-09-12,3,3.0,1.3862943611198906,hc,9,9,0,0,0
KLHC011384492024,High Court of Kerala,Kerala,WP_C,Writ Petition (Civil),2024-09-10,2024-09-12,2,2.0,1.0986122886681096,hc,9,10,1,0,0
KLHC011384352024,High Court of Kerala,Kerala,WP_C,Writ Petition (Civil),2024-09-10,2024-11-21,72,72.0,4.290459441148391,hc,9,10,1,0,0
KLHC011384502024,High Court of Kerala,Kerala,WP_C,Writ Petition (Civil),2024-09-10,2024-10-23,43,43.0,3.784189633918261,hc,9,10,1,0,0
KLHC011355252024,High Court of Kerala,Kerala,WP_C,Writ Petition (Civil),2024-09-01,2024-12-17,107,107.0,4.68213122712422,hc,9,1,6,0,0
KLHC011384332024,High Court of Kerala,Kerala,WP_C,Writ Petition (Civil),2024-09-09,2024-12-17,99,99.0,4.605170185988092,hc,9,9,0,0,0
KLHC011384582024,High Court of Kerala,Kerala,WP_C,Writ Petition (Civil),2024-09-10,2024-09-25,15,15.0,2.772588722239781,hc,9,10,1,0,0
KLHC011384592024,High Court of Kerala,Kerala,WP_C,Writ Petition (Civil),2024-09-10,2024-09-12,2,2.0,1.0986122886681096,hc,9,10,1,0,0
KLHC011384632024,High Court of Kerala,Kerala,WP_C,Writ Petition (Civil),2024-09-10,2024-11-25,76,76.0,4.343805421853684,hc,9,10,1,0,0
KLHC011446642024,High Court of Kerala,Kerala,WP_C,Writ Petition (Civil),2024-10-07,2024-10-09,2,2.0,1.0986122886681096,hc,10,7,0,0,0
KLHC011384662024,High Court of Kerala,Kerala,WP_C,Writ Petition (Civil),2024-09-10,2024-10-01,21,21.0,3.091042453358316,hc,9,10,1,0,0
KLHC011384682024,High Court of Kerala,Kerala,WP_C,Writ Petition (Civil),2024-09-10,2024-09-25,15,15.0,2.772588722239781,hc,9,10,1,0,0
KLHC011384882024,High Court of Kerala,Kerala,WP_C,Writ Petition (Civil),2024-09-10,2024-09-12,2,2.0,1.0986122886681096,hc,9,10,1,0,0
KLHC011446542024,High Court of Kerala,Kerala,WP_C,Writ Petition (Civil),2024-10-07,2024-11-18,42,42.0,3.7612001156935624,hc,10,7,0,0,0
KLHC011384822024,High Court of Kerala,Kerala,WP_C,Writ Petition (Civil),2024-09-10,2024-12-10,91,91.0,4.5217885770490405,hc,9,10,1,0,0
KLHC011446522024,High Court of Kerala,Kerala,WP_C,Writ Petition (Civil),2024-10-07,2024-12-17,71,71.0,4.276666119016055,hc,10,7,0,0,0
KLHC011446762024,High Court of Kerala,Kerala,WP_C,Writ Petition (Civil),2024-10-04,2024-10-09,5,5.0,1.791759469228055,hc,10,4,4,0,0
KLHC011384892024,High Court of Kerala,Kerala,WP_C,Writ Petition (Civil),2024-09-11,2024-09-24,13,13.0,2.639057329615259,hc,9,11,2,0,0
KLHC011384962024,High Court of Kerala,Kerala,WP_C,Writ Petition (Civil),2024-09-09,2024-10-14,35,35.0,3.58351893845611,hc,9,9,0,0,0
KLHC011446932024,High Court of Kerala,Kerala,WP_C,Writ Petition (Civil),2024-10-05,2024-11-26,52,52.0,3.970291913552122,hc,10,5,5,0,0
KLHC011384842024,High Court of Kerala,Kerala,WP_C,Writ Petition (Civil),2024-09-10,2024-09-12,2,2.0,1.0986122886681096,hc,9,10,1,0,0
KLHC011384742024,High Court of Kerala,Kerala,WP_C,Writ Petition (Civil),2024-09-09,2024-09-12,3,3.0,1.3862943611198906,hc,9,9,0,0,0
KLHC011446712024,High Court of Kerala,Kerala,WP_C,Writ Petition (Civil),2024-10-07,2024-11-01,25,25.0,3.258096538021482,hc,10,7,0,0,0
KLHC011446662024,High Court of Kerala,Kerala,WP_C,Writ Petition (Civil),2024-10-07,2024-10-09,2,2.0,1.0986122886681096,hc,10,7,0,0,0
KLHC011384782024,High Court of Kerala,Kerala,WP_C,Writ Petition (Civil),2024-09-10,2024-10-28,48,48.0,3.8918202981106265,hc,9,10,1,0,0
KLHC011446842024,High Court of Kerala,Kerala,WP_C,Writ Petition (Civil),2024-10-07,2024-12-16,70,70.0,4.2626798770413155,hc,10,7,0,0,0
KLHC011446982024,High Court of Kerala,Kerala,WP_C,Writ Petition (Civil),2024-10-05,2024-10-09,4,4.0,1.6094379124341003,hc,10,5,5,0,0
KLHC011447012024,High Court of Kerala,Kerala,WP_C,Writ Petition (Civil),2024-10-05,2024-11-26,52,52.0,3.970291913552122,hc,10,5,5,0,0
KLHC011446812024,High Court of Kerala,Kerala,WP_C,Writ Petition (Civil),2024-10-04,2024-11-08,35,35.0,3.58351893845611,hc,10,4,4,0,0
KLHC011384812024,High Court of Kerala,Kerala,WP_C,Writ Petition (Civil),2024-09-10,2024-10-25,45,45.0,3.828641396489095,hc,9,10,1,0,0
KLHC011446872024,High Court of Kerala,Kerala,WP_C,Writ Petition (Civil),2024-10-07,2024-10-09,2,2.0,1.0986122886681096,hc,10,7,0,0,0
KLHC011446852024,High Court of Kerala,Kerala,WP_C,Writ Petition (Civil),2024-10-07,2024-11-20,44,44.0,3.8066624897703196,hc,10,7,0,0,0
KLHC011446722024,High Court of Kerala,Kerala,WP_C,Writ Petition (Civil),2024-10-05,2024-10-09,4,4.0,1.6094379124341003,hc,10,5,5,0,0
KLHC011446922024,High Court of Kerala,Kerala,WP_C,Writ Petition (Civil),2024-10-07,2024-10-14,7,7.0,2.0794415416798357,hc,10,7,0,0,0
KLHC011447162024,High Court of Kerala,Kerala,WP_C,Writ Petition (Civil),2024-10-07,2024-12-06,60,60.0,4.110873864173311,hc,10,7,0,0,0
KLHC011446832024,High Court of Kerala,Kerala,WP_C,Writ Petition (Civil),2024-10-07,2024-10-17,10,10.0,2.3978952727983707,hc,10,7,0,0,0
KLHC011603372024,High Court of Kerala,Kerala,WP_C,Writ Petition (Civil),2024-12-01,2024-12-04,3,3.0,1.3862943611198906,hc,12,1,6,0,0
KLHC011447022024,High Court of Kerala,Kerala,WP_C,Writ Petition (Civil),2024-10-07,2024-10-22,15,15.0,2.772588722239781,hc,10,7,0,0,0
KLHC011603352024,High Court of Kerala,Kerala,WP_C,Writ Petition (Civil),2024-12-01,2024-12-03,2,2.0,1.0986122886681096,hc,12,1,6,0,0
KLHC011446862024,High Court of Kerala,Kerala,WP_C,Writ Petition (Civil),2024-10-07,2024-11-08,32,32.0,3.4965075614664802,hc,10,7,0,0,0
KLHC011603602024,High Court of Kerala,Kerala,WP_C,Writ Petition (Civil),2024-12-01,2024-12-12,11,11.0,2.4849066497880004,hc,12,1,6,0,0
KLHC011603662024,High Court of Kerala,Kerala,WP_C,Writ Petition (Civil),2024-12-01,2024-12-06,5,5.0,1.791759469228055,hc,12,1,6,0,0
KLHC011447002024,High Court of Kerala,Kerala,WP_C,Writ Petition (Civil),2024-10-05,2024-11-04,30,30.0,3.4339872044851463,hc,10,5,5,0,0
KLHC011603232024,High Court of Kerala,Kerala,WP_C,Writ Petition (Civil),2024-11-30,2024-12-03,3,3.0,1.3862943611198906,hc,11,30,5,0,0
KLHC011603422024,High Court of Kerala,Kerala,WP_C,Writ Petition (Civil),2024-12-01,2024-12-03,2,2.0,1.0986122886681096,hc,12,1,6,0,0
KLHC011603642024,High Court of Kerala,Kerala,WP_C,Writ Petition (Civil),2024-12-01,2024-12-03,2,2.0,1.0986122886681096,hc,12,1,6,0,0
KLHC011603632024,High Court of Kerala,Kerala,WP_C,Writ Petition (Civil),2024-12-01,2024-12-18,17,17.0,2.8903717578961645,hc,12,1,6,0,0
KLHC010022732024,High Court of Kerala,Kerala,BA,Bail Application,2024-01-09,2024-02-15,37,37.0,3.6375861597263857,hc,1,9,1,0,0
KLHC010957672024,High Court of Kerala,Kerala,BA,Bail Application,2024-03-26,2024-10-17,205,205.0,5.327876168789581,hc,3,26,1,0,0
KLHC010957682023,High Court of Kerala,Kerala,BA,Bail Application,2023-12-18,2024-01-12,25,25.0,3.258096538021482,hc,12,18,0,1,0
KLHC010957682024,High Court of Kerala,Kerala,BA,Bail Application,2024-03-26,2024-06-21,87,87.0,4.477336814478207,hc,3,26,1,0,0
KLHC010019332023,High Court of Kerala,Kerala,BA,Bail Application,2023-01-10,2024-02-12,398,398.0,5.988961416889864,hc,1,10,1,1,0
KLHC011264972024,High Court of Kerala,Kerala,BA,Bail Application,2024-07-28,2024-08-23,26,26.0,3.295836866004329,hc,7,28,6,0,0
KLHC011265002024,High Court of Kerala,Kerala,BA,Bail Application,2024-07-28,2024-09-05,39,39.0,3.6888794541139363,hc,7,28,6,0,0
KLHC011264942024,High Court of Kerala,Kerala,BA,Bail Application,2024-07-28,2024-10-04,68,68.0,4.23410650459726,hc,7,28,6,0,0
KLHC011264962024,High Court of Kerala,Kerala,BA,Bail Application,2024-07-28,2024-08-30,33,33.0,3.5263605246161616,hc,7,28,6,0,0
KLHC011265012024,High Court of Kerala,Kerala,BA,Bail Application,2024-07-28,2024-08-23,26,26.0,3.295836866004329,hc,7,28,6,0,0
KLHC011264992024,High Court of Kerala,Kerala,BA,Bail Application,2024-07-28,2024-08-12,15,15.0,2.772588722239781,hc,7,28,6,0,0
KLHC011264982024,High Court of Kerala,Kerala,BA,Bail Application,2024-07-28,2024-08-23,26,26.0,3.295836866004329,hc,7,28,6,0,0
KLHC011265022024,High Court of Kerala,Kerala,BA,Bail Application,2024-07-28,2024-08-23,26,26.0,3.295836866004329,hc,7,28,6,0,0
KLHC011264932024,High Court of Kerala,Kerala,BA,Bail Application,2024-07-28,2024-09-20,54,54.0,4.007333185232471,hc,7,28,6,0,0
KLHC010022182024,High Court of Kerala,Kerala,BA,Bail Application,2024-01-09,2024-01-24,15,15.0,2.772588722239781,hc,1,9,1,0,0
KLHC010028092024,High Court of Kerala,Kerala,BA,Bail Application,2024-01-11,2024-02-08,28,28.0,3.367295829986474,hc,1,11,3,0,0
KLHC010031512024,High Court of Kerala,Kerala,BA,Bail Application,2024-01-12,2024-01-25,13,13.0,2.639057329615259,hc,1,12,4,0,0
KLHC010031602024,High Court of Kerala,Kerala,BA,Bail Application,2024-01-12,2024-01-25,13,13.0,2.639057329615259,hc,1,12,4,0,0
KLHC010790872023,High Court of Kerala,Kerala,BA,Bail Application,2023-10-21,2024-06-14,237,237.0,5.472270673671475,hc,10,21,5,1,0
KLHC010790872024,High Court of Kerala,Kerala,BA,Bail Application,2024-02-02,2024-02-08,6,6.0,1.9459101490553132,hc,2,2,4,0,0
KLHC011354952024,High Court of Kerala,Kerala,BA,Bail Application,2024-09-02,2024-11-13,72,72.0,4.290459441148391,hc,9,2,0,0,0
KLHC011384302024,High Court of Kerala,Kerala,BA,Bail Application,2024-09-11,2024-09-24,13,13.0,2.639057329615259,hc,9,11,2,0,0
KLHC011384342024,High Court of Kerala,Kerala,BA,Bail Application,2024-09-11,2024-09-24,13,13.0,2.639057329615259,hc,9,11,2,0,0
KLHC011384382024,High Court of Kerala,Kerala,BA,Bail Application,2024-09-11,2024-12-02,82,82.0,4.418840607796598,hc,9,11,2,0,0
KLHC011384412024,High Court of Kerala,Kerala,BA,Bail Application,2024-09-11,2024-09-24,13,13.0,2.639057329615259,hc,9,11,2,0,0
KLHC011384422024,High Court of Kerala,Kerala,BA,Bail Application,2024-09-11,2024-09-24,13,13.0,2.639057329615259,hc,9,11,2,0,0
KLHC011384522024,High Court of Kerala,Kerala,BA,Bail Application,2024-09-11,2024-09-24,13,13.0,2.639057329615259,hc,9,11,2,0,0
KLHC011384562024,High Court of Kerala,Kerala,BA,Bail Application,2024-09-11,2024-09-24,13,13.0,2.639057329615259,hc,9,11,2,0,0
KLHC011384452024,High Court of Kerala,Kerala,BA,Bail Application,2024-09-11,2024-09-24,13,13.0,2.639057329615259,hc,9,11,2,0,0
KLHC011384482024,High Court of Kerala,Kerala,BA,Bail Application,2024-09-11,2024-09-24,13,13.0,2.639057329615259,hc,9,11,2,0,0
KLHC011384442024,High Court of Kerala,Kerala,BA,Bail Application,2024-09-11,2024-09-24,13,13.0,2.639057329615259,hc,9,11,2,0,0
KLHC011446512024,High Court of Kerala,Kerala,BA,Bail Application,2024-10-08,2024-10-18,10,10.0,2.3978952727983707,hc,10,8,1,0,0
KLHC011446602024,High Court of Kerala,Kerala,BA,Bail Application,2024-10-08,2024-11-01,24,24.0,3.2188758248682006,hc,10,8,1,0,0
KLHC011446682024,High Court of Kerala,Kerala,BA,Bail Application,2024-10-08,2024-10-18,10,10.0,2.3978952727983707,hc,10,8,1,0,0
KLHC011384762024,High Court of Kerala,Kerala,BA,Bail Application,2024-09-11,2024-10-03,22,22.0,3.1354942159291497,hc,9,11,2,0,0
KLHC011446502024,High Court of Kerala,Kerala,BA,Bail Application,2024-10-08,2024-12-11,64,64.0,4.174387269895637,hc,10,8,1,0,0
KLHC011446772024,High Court of Kerala,Kerala,BA,Bail Application,2024-10-08,2024-12-11,64,64.0,4.174387269895637,hc,10,8,1,0,0
KLHC011446792024,High Court of Kerala,Kerala,BA,Bail Application,2024-10-08,2024-11-01,24,24.0,3.2188758248682006,hc,10,8,1,0,0
KLHC011446962024,High Court of Kerala,Kerala,BA,Bail Application,2024-10-08,2024-12-10,63,63.0,4.1588830833596715,hc,10,8,1,0,0
KLHC011603252024,High Court of Kerala,Kerala,BA,Bail Application,2024-11-30,2024-12-16,16,16.0,2.833213344056216,hc,11,30,5,0,0
KLHC011603282024,High Court of Kerala,Kerala,BA,Bail Application,2024-11-30,2024-12-16,16,16.0,2.833213344056216,hc,11,30,5,0,0
KLHC011603342024,High Court of Kerala,Kerala,BA,Bail Application,2024-11-30,2024-12-09,9,9.0,2.302585092994046,hc,11,30,5,0,0
KLHC011447052024,High Court of Kerala,Kerala,BA,Bail Application,2024-10-08,2024-12-12,65,65.0,4.189654742026425,hc,10,8,1,0,0
KLHC011603222024,High Court of Kerala,Kerala,BA,Bail Application,2024-11-30,2024-12-16,16,16.0,2.833213344056216,hc,11,30,5,0,0
KLHC011603462024,High Court of Kerala,Kerala,BA,Bail Application,2024-12-01,2024-12-17,16,16.0,2.833213344056216,hc,12,1,6,0,0
KLHC011603332024,High Court of Kerala,Kerala,BA,Bail Application,2024-11-30,2024-12-24,24,24.0,3.2188758248682006,hc,11,30,5,0,0
KLHC011603482024,High Court of Kerala,Kerala,BA,Bail Application,2024-12-01,2024-12-13,12,12.0,2.5649493574615367,hc,12,1,6,0,0
KLHC011603292024,High Court of Kerala,Kerala,BA,Bail Application,2024-11-30,2024-12-16,16,16.0,2.833213344056216,hc,11,30,5,0,0
KLHC011603182024,High Court of Kerala,Kerala,BA,Bail Application,2024-11-30,2024-12-12,12,12.0,2.5649493574615367,hc,11,30,5,0,0
KLHC011603272024,High Court of Kerala,Kerala,BA,Bail Application,2024-11-30,2024-12-16,16,16.0,2.833213344056216,hc,11,30,5,0,0
KLHC011603612024,High Court of Kerala,Kerala,BA,Bail Application,2024-12-01,2024-12-13,12,12.0,2.5649493574615367,hc,12,1,6,0,0
KLHC011603732024,High Court of Kerala,Kerala,BA,Bail Application,2024-12-01,2024-12-16,15,15.0,2.772588722239781,hc,12,1,6,0,0
KLHC010801322024,High Court of Kerala,Kerala,BA,Bail Application,2024-02-06,2024-04-19,73,73.0,4.304065093204169,hc,2,6,1,0,0
KLHC010807032024,High Court of Kerala,Kerala,BA,Bail Application,2024-02-07,2024-02-21,14,14.0,2.70805020110221,hc,2,7,2,0,0
KLHC010801362024,High Court of Kerala,Kerala,BA,Bail Application,2024-02-06,2024-03-15,38,38.0,3.6635616461296463,hc,2,6,1,0,0
KLHC010807052024,High Court of Kerala,Kerala,BA,Bail Application,2024-02-07,2024-02-19,12,12.0,2.5649493574615367,hc,2,7,2,0,0
KLHC010807062024,High Court of Kerala,Kerala,BA,Bail Application,2024-02-07,2024-02-19,12,12.0,2.5649493574615367,hc,2,7,2,0,0
KLHC010807042024,High Court of Kerala,Kerala,BA,Bail Application,2024-02-07,2024-02-19,12,12.0,2.5649493574615367,hc,2,7,2,0,0
KLHC010807072024,High Court of Kerala,Kerala,BA,Bail Application,2024-02-08,2024-02-27,19,19.0,2.995732273553991,hc,2,8,3,0,0
KLHC010982752023,High Court of Kerala,Kerala,BA,Bail Application,2023-12-26,2024-02-06,42,42.0,3.7612001156935624,hc,12,26,1,1,0
KLHC010982812023,High Court of Kerala,Kerala,BA,Bail Application,2023-12-26,2024-01-15,20,20.0,3.044522437723423,hc,12,26,1,1,0
KLHC010982932023,High Court of Kerala,Kerala,BA,Bail Application,2023-12-26,2024-01-17,22,22.0,3.1354942159291497,hc,12,26,1,1,0
KLHC011037872024,High Court of Kerala,Kerala,BA,Bail Application,2024-04-25,2024-07-11,77,77.0,4.356708826689592,hc,4,25,3,0,0
KLHC011091702024,High Court of Kerala,Kerala,BA,Bail Application,2024-05-25,2024-06-26,32,32.0,3.4965075614664802,hc,5,25,5,0,0
KLHC011037942024,High Court of Kerala,Kerala,BA,Bail Application,2024-04-25,2024-06-11,47,47.0,3.8712010109078907,hc,4,25,3,0,0
KLHC011037902024,High Court of Kerala,Kerala,BA,Bail Application,2024-04-25,2024-06-05,41,41.0,3.7376696182833684,hc,4,25,3,0,0
KLHC011037922024,High Court of Kerala,Kerala,BA,Bail Application,2024-04-25,2024-07-18,84,84.0,4.442651256490317,hc,4,25,3,0,0
KLHC011091722024,High Court of Kerala,Kerala,BA,Bail Application,2024-05-25,2024-06-26,32,32.0,3.4965075614664802,hc,5,25,5,0,0
KLHC011091742024,High Court of Kerala,Kerala,BA,Bail Application,2024-05-25,2024-07-05,41,41.0,3.7376696182833684,hc,5,25,5,0,0
KLHC011091682024,High Court of Kerala,Kerala,BA,Bail Application,2024-05-25,2024-06-26,32,32.0,3.4965075614664802,hc,5,25,5,0,0
KLHC011091692024,High Court of Kerala,Kerala,BA,Bail Application,2024-05-25,2024-06-26,32,32.0,3.4965075614664802,hc,5,25,5,0,0
KLHC010112822023,High Court of Kerala,Kerala,BA,Bail Application,2023-02-09,2024-02-23,379,379.0,5.940171252720432,hc,2,9,3,1,0
KLHC010982842024,High Court of Kerala,Kerala,BA,Bail Application,2024-04-03,2024-04-12,9,9.0,2.302585092994046,hc,4,3,2,0,0
KLHC010982832024,High Court of Kerala,Kerala,BA,Bail Application,2024-04-03,2024-06-24,82,82.0,4.418840607796598,hc,4,3,2,0,0
KLHC011459812024,High Court of Kerala,Kerala,BA,Bail Application,2024-10-14,2024-11-05,22,22.0,3.1354942159291497,hc,10,14,0,0,0
KLHC011459782024,High Court of Kerala,Kerala,BA,Bail Application,2024-10-14,2024-11-14,31,31.0,3.4657359027997265,hc,10,14,0,0,0
KLHC011459772024,High Court of Kerala,Kerala,BA,Bail Application,2024-10-14,2024-11-06,23,23.0,3.1780538303479458,hc,10,14,0,0,0
KLHC010807312024,High Court of Kerala,Kerala,BA,Bail Application,2024-02-08,2024-02-16,8,8.0,2.1972245773362196,hc,2,8,3,0,0
KLHC010788222024,High Court of Kerala,Kerala,BA,Bail Application,2024-02-01,2024-02-09,8,8.0,2.1972245773362196,hc,2,1,3,0,0
KLHC010788242024,High Court of Kerala,Kerala,BA,Bail Application,2024-02-01,2024-03-05,33,33.0,3.5263605246161616,hc,2,1,3,0,0
KLHC010808162024,High Court of Kerala,Kerala,BA,Bail Application,2024-02-08,2024-02-29,21,21.0,3.091042453358316,hc,2,8,3,0,0
KLHC010808172024,High Court of Kerala,Kerala,BA,Bail Application,2024-02-08,2024-03-05,26,26.0,3.295836866004329,hc,2,8,3,0,0
KLHC010808212024,High Court of Kerala,Kerala,BA,Bail Application,2024-02-08,2024-03-06,27,27.0,3.332204510175204,hc,2,8,3,0,0
KLHC010813932022,High Court of Kerala,Kerala,BA,Bail Application,2022-11-23,2024-01-25,428,428.0,6.061456918928017,hc,11,23,2,1,0
KLHC010881752023,High Court of Kerala,Kerala,BA,Bail Application,2023-11-23,2024-02-21,90,90.0,4.51085950651685,hc,11,23,3,1,0
KLHC010881702024,High Court of Kerala,Kerala,BA,Bail Application,2024-03-02,2024-03-14,12,12.0,2.5649493574615367,hc,3,2,5,0,0
KLHC010881742024,High Court of Kerala,Kerala,BA,Bail Application,2024-03-02,2024-11-08,251,251.0,5.529429087511423,hc,3,2,5,0,0
KLHC010900932024,High Court of Kerala,Kerala,BA,Bail Application,2024-03-11,2024-03-21,10,10.0,2.3978952727983707,hc,3,11,0,0,0
KLHC010788252024,High Court of Kerala,Kerala,BA,Bail Application,2024-02-01,2024-03-04,32,32.0,3.4965075614664802,hc,2,1,3,0,0
KLHC010793922024,High Court of Kerala,Kerala,BA,Bail Application,2024-02-02,2024-11-07,279,279.0,5.634789603169249,hc,2,2,4,0,0
KLHC010788722022,High Court of Kerala,Kerala,BA,Bail Application,2022-11-14,2024-06-13,577,577.0,6.359573868672378,hc,11,14,0,1,0
KLHC010786622024,High Court of Kerala,Kerala,BA,Bail Application,2024-02-01,2024-02-09,8,8.0,2.1972245773362196,hc,2,1,3,0,0
KLHC010839632024,High Court of Kerala,Kerala,BA,Bail Application,2024-02-19,2024-02-27,8,8.0,2.1972245773362196,hc,2,19,0,0,0
KLHC010859732024,High Court of Kerala,Kerala,BA,Bail Application,2024-02-26,2024-03-14,17,17.0,2.8903717578961645,hc,2,26,0,0,0
KLHC010885832024,High Court of Kerala,Kerala,BA,Bail Application,2024-03-04,2024-05-23,80,80.0,4.394449154672439,hc,3,4,0,0,0
KLHC010900522024,High Court of Kerala,Kerala,BA,Bail Application,2024-03-08,2024-07-09,123,123.0,4.820281565605037,hc,3,8,4,0,0
KLHC010900512024,High Court of Kerala,Kerala,BA,Bail Application,2024-03-07,2024-03-20,13,13.0,2.639057329615259,hc,3,7,3,0,0
KLHC010900562024,High Court of Kerala,Kerala,BA,Bail Application,2024-03-08,2024-03-19,11,11.0,2.4849066497880004,hc,3,8,4,0,0
KLHC010900532024,High Court of Kerala,Kerala,BA,Bail Application,2024-03-08,2024-04-01,24,24.0,3.2188758248682006,hc,3,8,4,0,0
KLHC010900542024,High Court of Kerala,Kerala,BA,Bail Application,2024-03-08,2024-04-03,26,26.0,3.295836866004329,hc,3,8,4,0,0
KLHC010785782018,High Court of Kerala,Kerala,CRL_A,Criminal Appeal,2018-10-20,2024-12-11,2244,2244.0,7.716460800176355,hc,10,20,5,1,1
KLHC010785802024,High Court of Kerala,Kerala,CRL_A,Criminal Appeal,2024-01-31,2024-02-15,15,15.0,2.772588722239781,hc,1,31,2,0,0
KLHC010112812007,High Court of Kerala,Kerala,CRL_A,Criminal Appeal,2007-03-06,2024-10-30,6448,6448.0,8.771680359010377,hc,3,6,1,1,1
KLHC010180092022,High Court of Kerala,Kerala,CRL_A,Criminal Appeal,2022-03-10,2024-06-03,816,816.0,6.705639094860003,hc,3,10,3,1,0
KLHC011421112024,High Court of Kerala,Kerala,CRL_A,Criminal Appeal,2024-09-26,2024-10-07,11,11.0,2.4849066497880004,hc,9,26,3,0,0
KLHC011296622024,High Court of Kerala,Kerala,CRL_A,Criminal Appeal,2024-07-23,2024-11-26,126,126.0,4.844187086458591,hc,7,23,1,0,0
KLHC010122162007,High Court of Kerala,Kerala,CRL_A,Criminal Appeal,2007-07-26,2024-06-12,6166,6166.0,8.726967774991493,hc,7,26,3,1,1
KLHC010122162009,High Court of Kerala,Kerala,CRL_A,Criminal Appeal,2009-07-14,2024-06-10,5445,5445.0,8.602636673233706,hc,7,14,1,1,1
KLHC010124622015,High Court of Kerala,Kerala,CRL_A,Criminal Appeal,2015-02-23,2024-12-12,3580,3580.0,8.183397369998433,hc,2,23,0,1,1
KLHC010122162008,High Court of Kerala,Kerala,CRL_A,Criminal Appeal,2008-05-29,2024-12-06,6035,6035.0,8.70549681988774,hc,5,29,3,1,1
KLHC010873182024,High Court of Kerala,Kerala,CRL_A,Criminal Appeal,2024-02-27,2024-05-29,92,92.0,4.532599493153256,hc,2,27,1,0,0
KLHC010127042006,High Court of Kerala,Kerala,CRL_A,Criminal Appeal,2006-11-28,2024-11-07,6554,6554.0,8.7879833961978,hc,11,28,1,1,1
KLHC010088392018,High Court of Kerala,Kerala,CRL_A,Criminal Appeal,2018-06-19,2024-09-09,2274,2274.0,7.729735331385051,hc,6,19,1,1,1
KLHC010128892008,High Court of Kerala,Kerala,CRL_A,Criminal Appeal,2008-08-08,2024-10-04,5901,5901.0,8.683046555502886,hc,8,8,4,1,1
KLHC010131052016,High Court of Kerala,Kerala,CRL_A,Criminal Appeal,2016-01-20,2024-10-03,3179,3179.0,8.064636475774222,hc,1,20,2,1,1
KLHC010132282009,High Court of Kerala,Kerala,CRL_A,Criminal Appeal,2009-11-12,2024-10-18,5454,5454.0,8.604287898267172,hc,11,12,3,1,1
KLHC010136122017,High Court of Kerala,Kerala,CRL_A,Criminal Appeal,2017-11-29,2024-10-10,2507,2507.0,7.827240901752812,hc,11,29,2,1,1
KLHC010127592007,High Court of Kerala,Kerala,CRL_A,Criminal Appeal,2007-10-09,2024-09-12,6183,6183.0,8.729720590267258,hc,10,9,1,1,1
KLHC010066012019,High Court of Kerala,Kerala,CRL_A,Criminal Appeal,2019-01-25,2024-01-04,1805,1805.0,7.498869733976931,hc,1,25,4,1,1
KLHC010116152007,High Court of Kerala,Kerala,CRL_A,Criminal Appeal,2007-04-30,2024-12-03,6427,6427.0,8.768418726857403,hc,4,30,0,1,1
KLHC010133862017,High Court of Kerala,Kerala,CRL_A,Criminal Appeal,2017-10-12,2024-10-23,2568,2568.0,7.851271997109883,hc,10,12,3,1,1
KLHC010136362016,High Court of Kerala,Kerala,CRL_A,Criminal Appeal,2016-07-05,2024-08-22,2970,2970.0,7.9966538754626075,hc,7,5,1,1,1
KLHC010139622014,High Court of Kerala,Kerala,CRL_A,Criminal Appeal,2014-05-27,2024-12-10,3850,3850.0,8.25608813381491,hc,5,27,1,1,1
KLHC010139632014,High Court of Kerala,Kerala,CRL_A,Criminal Appeal,2014-05-27,2024-11-08,3818,3818.0,8.247743887225516,hc,5,27,1,1,1
KLHC010136352017,High Court of Kerala,Kerala,CRL_A,Criminal Appeal,2017-12-14,2024-11-15,2528,2528.0,7.835579246669965,hc,12,14,3,1,1
KLHC010130272016,High Court of Kerala,Kerala,CRL_A,Criminal Appeal,2016-01-05,2024-09-05,3166,3166.0,8.06054004653864,hc,1,5,1,1,1
KLHC010130232016,High Court of Kerala,Kerala,CRL_A,Criminal Appeal,2016-01-04,2024-10-16,3208,3208.0,8.073714641109857,hc,1,4,0,1,1
KLHC010131072016,High Court of Kerala,Kerala,CRL_A,Criminal Appeal,2016-01-20,2024-10-18,3194,3194.0,8.069342366811636,hc,1,20,2,1,1
KLHC010128002007,High Court of Kerala,Kerala,CRL_A,Criminal Appeal,2007-10-15,2024-01-11,5932,5932.0,8.688285266258644,hc,10,15,0,1,1
KLHC010860702023,High Court of Kerala,Kerala,CRL_A,Criminal Appeal,2023-11-13,2024-02-13,92,92.0,4.532599493153256,hc,11,13,0,1,0
KLHC010112192007,High Court of Kerala,Kerala,CRL_A,Criminal Appeal,2007-02-26,2024-11-01,6458,6458.0,8.773229786032473,hc,2,26,0,1,1
KLHC010114682007,High Court of Kerala,Kerala,CRL_A,Criminal Appeal,2007-04-03,2024-02-22,6169,6169.0,8.727454116899434,hc,4,3,1,1,1
KLHC010117052007,High Court of Kerala,Kerala,CRL_A,Criminal Appeal,2007-05-24,2024-01-05,6070,6070.0,8.711278615130434,hc,5,24,3,1,1
KLHC010748372021,High Court of Kerala,Kerala,CRL_A,Criminal Appeal,2021-12-22,2024-10-04,1017,1017.0,6.925595197110468,hc,12,22,2,1,0
KLHC010106072006,High Court of Kerala,Kerala,CRL_A,Criminal Appeal,2006-01-27,2024-08-05,6765,6561.850000000007,8.819665349340653,hc,1,27,4,1,1
KLHC010123042008,High Court of Kerala,Kerala,CRL_A,Criminal Appeal,2008-06-05,2024-06-21,5860,5860.0,8.676075516476429,hc,6,5,3,1,1
KLHC010121312009,High Court of Kerala,Kerala,CRL_A,Criminal Appeal,2009-07-06,2024-06-10,5453,5453.0,8.604104563405533,hc,7,6,0,1,1
KLHC010124002008,High Court of Kerala,Kerala,CRL_A,Criminal Appeal,2008-06-16,2024-12-10,6021,6021.0,8.70317470904168,hc,6,16,0,1,1
KLHC010122762009,High Court of Kerala,Kerala,CRL_A,Criminal Appeal,2009-07-23,2024-04-05,5370,5370.0,8.58876938990546,hc,7,23,3,1,1
KLHC010122762008,High Court of Kerala,Kerala,CRL_A,Criminal Appeal,2008-06-04,2024-10-24,5986,5986.0,8.697345730925353,hc,6,4,2,1,1
KLHC010122772009,High Court of Kerala,Kerala,CRL_A,Criminal Appeal,2009-07-23,2024-02-27,5332,5332.0,8.581669210600602,hc,7,23,3,1,1
KLHC010126442009,High Court of Kerala,Kerala,CRL_A,Criminal Appeal,2009-08-26,2024-04-12,5343,5343.0,8.583729715216482,hc,8,26,2,1,1
KLHC010126452009,High Court of Kerala,Kerala,CRL_A,Criminal Appeal,2009-08-26,2024-04-12,5343,5343.0,8.583729715216482,hc,8,26,2,1,1
KLHC010934182024,High Court of Kerala,Kerala,CRL_A,Criminal Appeal,2024-03-17,2024-04-05,19,19.0,2.995732273553991,hc,3,17,6,0,0
KLHC010424642020,High Court of Kerala,Kerala,CRL_A,Criminal Appeal,2020-08-14,2024-10-09,1517,1517.0,7.325148957955575,hc,8,14,4,1,0
KLHC010424642020,High Court of Kerala,Kerala,CRL_A,Criminal Appeal,2020-08-14,2024-10-09,1517,1517.0,7.325148957955575,hc,8,14,4,1,0
KLHC010132072016,High Court of Kerala,Kerala,CRL_A,Criminal Appeal,2016-02-15,2024-12-02,3213,3213.0,8.075271546297458,hc,2,15,0,1,1
KLHC010106652006,High Court of Kerala,Kerala,CRL_A,Criminal Appeal,2006-02-02,2024-07-19,6742,6561.850000000007,8.816260208734581,hc,2,2,3,1,1
KLHC010142522012,High Court of Kerala,Kerala,CRL_A,Criminal Appeal,2012-07-04,2024-10-21,4492,4492.0,8.41027590907016,hc,7,4,2,1,1
KLHC010011282024,High Court of Kerala,Kerala,CRL_A,Criminal Appeal,2024-01-03,2024-01-23,20,20.0,3.044522437723423,hc,1,3,2,0,0
KLHC010034102024,High Court of Kerala,Kerala,CRL_A,Criminal Appeal,2024-01-12,2024-02-20,39,39.0,3.6888794541139363,hc,1,12,4,0,0
KLHC011125692024,High Court of Kerala,Kerala,CRL_A,Criminal Appeal,2024-06-06,2024-06-24,18,18.0,2.9444389791664403,hc,6,6,3,0,0
KLHC010122152007,High Court of Kerala,Kerala,CRL_A,Criminal Appeal,2007-07-26,2024-10-29,6305,6305.0,8.749256840105007,hc,7,26,3,1,1
KLHC010114852008,High Court of Kerala,Kerala,CRL_A,Criminal Appeal,2008-02-04,2024-06-21,5982,5982.0,8.696677393390031,hc,2,4,0,1,1
KLHC010123372006,High Court of Kerala,Kerala,CRL_A,Criminal Appeal,2006-10-09,2024-02-08,6331,6331.0,8.753371421000903,hc,10,9,0,1,1
KLHC010128122013,High Court of Kerala,Kerala,CRL_A,Criminal Appeal,2013-01-07,2024-04-12,4113,4113.0,8.322151070212902,hc,1,7,0,1,1
KLHC010128172006,High Court of Kerala,Kerala,CRL_A,Criminal Appeal,2003-10-22,2024-07-22,7579,6561.850000000007,8.933268478636418,hc,10,22,2,1,1
KLHC010141282011,High Court of Kerala,Kerala,CRL_A,Criminal Appeal,2011-02-14,2024-07-23,4908,4908.0,8.498825534058053,hc,2,14,0,1,1
KLHC010705122018,High Court of Kerala,Kerala,CRL_A,Criminal Appeal,2018-09-22,2024-01-24,1950,1950.0,7.576097340623111,hc,9,22,5,1,1
KLHC010705112018,High Court of Kerala,Kerala,CRL_A,Criminal Appeal,2018-09-22,2024-11-27,2258,2258.0,7.7226775164680035,hc,9,22,5,1,1
KLHC010129302009,High Court of Kerala,Kerala,CRL_A,Criminal Appeal,2009-10-12,2024-10-16,5483,5483.0,8.609590040682205,hc,10,12,0,1,1
KLHC010546772023,High Court of Kerala,Kerala,CRL_A,Criminal Appeal,2023-07-26,2024-07-17,357,357.0,5.8805329864007,hc,7,26,2,1,0
KLHC010131462015,High Court of Kerala,Kerala,CRL_A,Criminal Appeal,2015-09-23,2024-12-12,3368,3368.0,8.122371243406553,hc,9,23,2,1,1
KLHC010137702014,High Court of Kerala,Kerala,CRL_A,Criminal Appeal,2014-03-14,2024-12-20,3934,3934.0,8.277666160851503,hc,3,14,4,1,1
KLHC010104602006,High Court of Kerala,Kerala,CRL_A,Criminal Appeal,2006-01-09,2024-08-02,6780,6561.850000000007,8.821879862683842,hc,1,9,0,1,1
KLHC010127062007,High Court of Kerala,Kerala,CRL_A,Criminal Appeal,2007-10-04,2024-11-28,6265,6265.0,8.742893471512136,hc,10,4,3,1,1
KLHC010124552010,High Court of Kerala,Kerala,CRL_A,Criminal Appeal,2010-02-04,2024-08-08,5299,5299.0,8.575462099540212,hc,2,4,3,1,1
KLHC010125782007,High Court of Kerala,Kerala,CRL_A,Criminal Appeal,2007-09-19,2024-01-29,5976,5976.0,8.695674048824253,hc,9,19,2,1,1
KLHC010113692005,High Court of Kerala,Kerala,CRL_A,Criminal Appeal,2005-05-16,2024-05-31,6955,6561.850000000007,8.847359875474174,hc,5,16,0,1,1
KLHC010114962006,High Court of Kerala,Kerala,CRL_A,Criminal Appeal,2006-05-20,2024-10-18,6726,6561.850000000007,8.813884558025606,hc,5,20,5,1,1
KLHC010114962007,High Court of Kerala,Kerala,CRL_A,Criminal Appeal,2007-03-23,2024-02-14,6172,6172.0,8.727940222393896,hc,3,23,4,1,1
KLHC010118532009,High Court of Kerala,Kerala,CRL_A,Criminal Appeal,2009-06-04,2024-04-08,5422,5422.0,8.59840444684106,hc,6,4,3,1,1
KLHC010118692008,High Court of Kerala,Kerala,CRL_A,Criminal Appeal,2008-03-31,2024-11-08,6066,6066.0,8.710619527942297,hc,3,31,0,1,1
KLHC010119872008,High Court of Kerala,Kerala,CRL_A,Criminal Appeal,2008-02-06,2024-12-12,6154,6154.0,8.725020038618554,hc,2,6,2,1,1
KLHC010119882008,High Court of Kerala,Kerala,CRL_A,Criminal Appeal,2008-02-05,2024-11-29,6142,6142.0,8.723068501163928,hc,2,5,1,1,1
KLHC010123632007,High Court of Kerala,Kerala,CRL_A,Criminal Appeal,2007-08-10,2024-11-18,6310,6310.0,8.75004942158424,hc,8,10,4,1,1
KLHC010123632006,High Court of Kerala,Kerala,CRL_A,Criminal Appeal,2006-10-12,2024-07-12,6483,6483.0,8.777092882855566,hc,10,12,3,1,1
KLHC010543582022,High Court of Kerala,Kerala,CRL_A,Criminal Appeal,2022-08-02,2024-01-22,538,538.0,6.289715570908998,hc,8,2,1,1,0
KLHC010908262024,High Court of Kerala,Kerala,CRL_A,Criminal Appeal,2024-03-05,2024-12-06,276,276.0,5.6240175061873385,hc,3,5,1,0,0
KLHC010082722018,High Court of Kerala,Kerala,CRL_A,Criminal Appeal,2018-02-09,2024-12-17,2503,2503.0,7.825644732219989,hc,2,9,4,1,1
KLHC011012222024,High Court of Kerala,Kerala,CRL_A,Criminal Appeal,2024-04-11,2024-04-16,5,5.0,1.791759469228055,hc,4,11,3,0,0
KLHC010065892023,High Court of Kerala,Kerala,CRL_A,Criminal Appeal,2023-01-25,2024-08-30,583,583.0,6.369900982828227,hc,1,25,2,1,0
KLHC010133042007,High Court of Kerala,Kerala,CRL_A,Criminal Appeal,2007-12-17,2024-02-02,5891,5891.0,8.681350777582521,hc,12,17,0,1,1
KLHC010133042017,High Court of Kerala,Kerala,CRL_A,Criminal Appeal,2017-09-19,2024-08-07,2514,2514.0,7.83002808253384,hc,9,19,1,1,1
KLHC010135662009,High Court of Kerala,Kerala,CRL_A,Criminal Appeal,2009-12-22,2024-06-07,5281,5281.0,8.572060092857077,hc,12,22,1,1,1
KLHC010133052017,High Court of Kerala,Kerala,CRL_A,Criminal Appeal,2017-09-19,2024-10-01,2569,2569.0,7.851661177889265,hc,9,19,1,1,1
KLHC010135672017,High Court of Kerala,Kerala,CRL_A,Criminal Appeal,2017-11-29,2024-11-15,2543,2543.0,7.841492924460013,hc,11,29,2,1,1
KLHC010138082013,High Court of Kerala,Kerala,CRL_A,Criminal Appeal,2013-07-17,2024-05-22,3962,3962.0,8.284756593190435,hc,7,17,2,1,1
KLHC010298562020,High Court of Kerala,Kerala,CRL_A,Criminal Appeal,2020-06-12,2024-10-29,1600,1600.0,7.3783837129967145,hc,6,12,4,1,0
KLHC010298562020,High Court of Kerala,Kerala,CRL_A,Criminal Appeal,2020-06-12,2024-10-29,1600,1600.0,7.3783837129967145,hc,6,12,4,1,0
KLHC010193322020,High Court of Kerala,Kerala,CRL_A,Criminal Appeal,2020-03-10,2024-09-05,1640,1640.0,7.403061091090091,hc,3,10,1,1,0
KLHC010193322020,High Court of Kerala,Kerala,CRL_A,Criminal Appeal,2020-03-10,2024-09-05,1640,1640.0,7.403061091090091,hc,3,10,1,1,0
KLHC010030842024,High Court of Kerala,Kerala,CRL_A,Criminal Appeal,2024-01-10,2024-09-11,245,245.0,5.5053315359323625,hc,1,10,2,0,0
KLHC010027592024,High Court of Kerala,Kerala,CRL_A,Criminal Appeal,2024-01-08,2024-03-05,57,57.0,4.060443010546419,hc,1,8,0,0,0
KLHC010035032024,High Court of Kerala,Kerala,CRL_A,Criminal Appeal,2024-01-12,2024-02-20,39,39.0,3.6888794541139363,hc,1,12,4,0,0
KLHC010124902009,High Court of Kerala,Kerala,CRL_A,Criminal Appeal,2009-08-12,2024-04-12,5357,5357.0,8.586346050104554,hc,8,12,2,1,1
KLHC010783582023,High Court of Kerala,Kerala,CRL_A,Criminal Appeal,2023-10-19,2024-01-24,97,97.0,4.584967478670572,hc,10,19,3,1,0
KLHC010083412018,High Court of Kerala,Kerala,CRL_A,Criminal Appeal,2018-03-06,2024-09-05,2375,2375.0,7.773173680482536,hc,3,6,1,1,1
KLHC010085312018,High Court of Kerala,Kerala,CRL_A,Criminal Appeal,2018-04-09,2024-12-09,2436,2436.0,7.798523053625206,hc,4,9,0,1,1
KLHC010059002024,High Court of Kerala,Kerala,CRL_A,Criminal Appeal,2024-01-20,2024-06-25,157,157.0,5.062595033026967,hc,1,20,5,0,0
KLHC010084242018,High Court of Kerala,Kerala,CRL_A,Criminal Appeal,2018-03-08,2024-06-19,2295,2295.0,7.738923757439457,hc,3,8,3,1,1
KLHC010121452008,High Court of Kerala,Kerala,CRL_A,Criminal Appeal,2008-04-11,2024-07-09,5933,5933.0,8.688453800850768,hc,4,11,4,1,1
KLHC010121432023,High Court of Kerala,Kerala,CRL_A,Criminal Appeal,2023-02-13,2024-06-19,492,492.0,6.20050917404269,hc,2,13,0,1,0
UPHC010762512018,Allahabad High Court,Uttar Pradesh,BA,Bail Application,2018-04-18,2024-04-18,2192,2192.0,7.693025748417888,hc,4,18,2,1,1
UPHC010777792023,Allahabad High Court,Uttar Pradesh,BA,Bail Application,2023-04-05,2024-05-17,408,408.0,6.013715156042802,hc,4,5,2,1,0
UPHC010431402021,Allahabad High Court,Uttar Pradesh,BA,Bail Application,2021-02-22,2024-03-18,1120,1120.0,7.02197642307216,hc,2,22,0,1,0
UPHC010781642022,Allahabad High Court,Uttar Pradesh,BA,Bail Application,2022-05-06,2024-02-19,654,654.0,6.484635235635252,hc,5,6,4,1,0
UPHC011304382023,Allahabad High Court,Uttar Pradesh,BA,Bail Application,2023-06-03,2024-04-10,312,312.0,5.746203190540153,hc,6,3,5,1,0
UPHC010936522021,Allahabad High Court,Uttar Pradesh,BA,Bail Application,2021-07-06,2024-03-15,983,983.0,6.891625897052253,hc,7,6,1,1,0
UPHC010772552023,Allahabad High Court,Uttar Pradesh,BA,Bail Application,2023-04-04,2024-01-05,276,276.0,5.6240175061873385,hc,4,4,1,1,0
UPHC012474662023,Allahabad High Court,Uttar Pradesh,BA,Bail Application,2023-11-03,2024-01-03,61,61.0,4.127134385045092,hc,11,3,4,1,0
UPHC010118632023,Allahabad High Court,Uttar Pradesh,BA,Bail Application,2023-01-16,2024-02-12,392,392.0,5.973809611869261,hc,1,16,0,1,0
UPHC012499412023,Allahabad High Court,Uttar Pradesh,BA,Bail Application,2023-11-07,2024-01-11,65,65.0,4.189654742026425,hc,11,7,1,1,0
UPHC011110652021,Allahabad High Court,Uttar Pradesh,BA,Bail Application,2021-07-27,2024-02-07,925,925.0,6.8308742346461795,hc,7,27,1,1,0
UPHC010156492024,Allahabad High Court,Uttar Pradesh,BA,Bail Application,2024-01-04,2024-01-29,25,25.0,3.258096538021482,hc,1,4,3,0,0
UPHC010156502024,Allahabad High Court,Uttar Pradesh,BA,Bail Application,2024-01-04,2024-04-05,92,92.0,4.532599493153256,hc,1,4,3,0,0
UPHC010161482024,Allahabad High Court,Uttar Pradesh,BA,Bail Application,2024-01-04,2024-03-29,85,85.0,4.454347296253507,hc,1,4,3,0,0
UPHC010161492024,Allahabad High Court,Uttar Pradesh,BA,Bail Application,2024-01-04,2024-02-08,35,35.0,3.58351893845611,hc,1,4,3,0,0
UPHC010161502024,Allahabad High Court,Uttar Pradesh,BA,Bail Application,2024-01-04,2024-02-13,40,40.0,3.713572066704308,hc,1,4,3,0,0
UPHC010171282024,Allahabad High Court,Uttar Pradesh,BA,Bail Application,2024-01-05,2024-01-25,20,20.0,3.044522437723423,hc,1,5,4,0,0
UPHC012458192023,Allahabad High Court,Uttar Pradesh,BA,Bail Application,2023-11-02,2024-03-29,148,148.0,5.003946305945459,hc,11,2,3,1,0
UPHC012484232023,Allahabad High Court,Uttar Pradesh,BA,Bail Application,2023-11-06,2024-03-12,127,127.0,4.852030263919617,hc,11,6,0,1,0
UPHC012549182023,Allahabad High Court,Uttar Pradesh,BA,Bail Application,2023-11-17,2024-08-08,265,265.0,5.583496308781699,hc,11,17,4,1,0
UPHC012549142023,Allahabad High Court,Uttar Pradesh,BA,Bail Application,2023-11-17,2024-01-05,49,49.0,3.912023005428146,hc,11,17,4,1,0
UPHC012549692023,Allahabad High Court,Uttar Pradesh,BA,Bail Application,2023-11-17,2024-01-09,53,53.0,3.9889840465642745,hc,11,17,4,1,0
UPHC012550042023,Allahabad High Court,Uttar Pradesh,BA,Bail Application,2023-11-17,2024-04-09,144,144.0,4.976733742420574,hc,11,17,4,1,0
UPHC011109412019,Allahabad High Court,Uttar Pradesh,BA,Bail Application,2019-05-24,2024-02-02,1715,1715.0,7.447751280047908,hc,5,24,4,1,1
UPHC012586272023,Allahabad High Court,Uttar Pradesh,BA,Bail Application,2023-11-22,2024-01-03,42,42.0,3.7612001156935624,hc,11,22,2,1,0
UPHC012850742023,Allahabad High Court,Uttar Pradesh,BA,Bail Application,2023-12-21,2024-02-13,54,54.0,4.007333185232471,hc,12,21,3,1,0
UPHC012586452023,Allahabad High Court,Uttar Pradesh,BA,Bail Application,2023-11-22,2024-02-07,77,77.0,4.356708826689592,hc,11,22,2,1,0
UPHC012630982022,Allahabad High Court,Uttar Pradesh,BA,Bail Application,2022-12-23,2024-05-31,525,525.0,6.26530121273771,hc,12,23,4,1,0
UPHC012658982023,Allahabad High Court,Uttar Pradesh,BA,Bail Application,2023-12-01,2024-01-06,36,36.0,3.6109179126442243,hc,12,1,4,1,0
UPHC012630942023,Allahabad High Court,Uttar Pradesh,BA,Bail Application,2023-11-28,2024-02-12,76,76.0,4.343805421853684,hc,11,28,1,1,0
UPHC012658972023,Allahabad High Court,Uttar Pradesh,BA,Bail Application,2023-12-01,2024-01-02,32,32.0,3.4965075614664802,hc,12,1,4,1,0
UPHC012851032023,Allahabad High Court,Uttar Pradesh,BA,Bail Application,2023-12-21,2024-01-12,22,22.0,3.1354942159291497,hc,12,21,3,1,0
UPHC012851092023,Allahabad High Court,Uttar Pradesh,BA,Bail Application,2023-12-21,2024-02-01,42,42.0,3.7612001156935624,hc,12,21,3,1,0
UPHC012851122023,Allahabad High Court,Uttar Pradesh,BA,Bail Application,2023-12-21,2024-04-04,105,105.0,4.663439094112067,hc,12,21,3,1,0
UPHC012851492023,Allahabad High Court,Uttar Pradesh,BA,Bail Application,2023-12-21,2024-02-21,62,62.0,4.143134726391533,hc,12,21,3,1,0
UPHC012851582023,Allahabad High Court,Uttar Pradesh,BA,Bail Application,2023-12-21,2024-02-01,42,42.0,3.7612001156935624,hc,12,21,3,1,0
UPHC012851322023,Allahabad High Court,Uttar Pradesh,BA,Bail Application,2023-12-21,2024-01-12,22,22.0,3.1354942159291497,hc,12,21,3,1,0
UPHC012851592023,Allahabad High Court,Uttar Pradesh,BA,Bail Application,2023-12-21,2024-01-29,39,39.0,3.6888794541139363,hc,12,21,3,1,0
UPHC012851712023,Allahabad High Court,Uttar Pradesh,BA,Bail Application,2023-12-21,2024-02-02,43,43.0,3.784189633918261,hc,12,21,3,1,0
UPHC012851542023,Allahabad High Court,Uttar Pradesh,BA,Bail Application,2023-12-21,2024-11-05,320,320.0,5.771441123130016,hc,12,21,3,1,0
UPHC011413822020,Allahabad High Court,Uttar Pradesh,BA,Bail Application,2020-11-17,2024-05-09,1269,1269.0,7.146772179452637,hc,11,17,1,1,0
UPHC011413822020,Allahabad High Court,Uttar Pradesh,BA,Bail Application,2020-11-17,2024-05-09,1269,1269.0,7.146772179452637,hc,11,17,1,1,0
UPHC011413472023,Allahabad High Court,Uttar Pradesh,BA,Bail Application,2023-06-28,2024-01-29,215,215.0,5.375278407684165,hc,6,28,2,1,0
UPHC011415012022,Allahabad High Court,Uttar Pradesh,BA,Bail Application,2022-08-03,2024-02-07,553,553.0,6.317164686747284,hc,8,3,2,1,0
UPHC011415402020,Allahabad High Court,Uttar Pradesh,BA,Bail Application,2020-11-18,2024-05-02,1261,1261.0,7.140453043101158,hc,11,18,2,1,0
UPHC011415402020,Allahabad High Court,Uttar Pradesh,BA,Bail Application,2020-11-18,2024-05-02,1261,1261.0,7.140453043101158,hc,11,18,2,1,0
UPHC011402552021,Allahabad High Court,Uttar Pradesh,BA,Bail Application,2021-09-07,2024-02-19,895,895.0,6.79794041297493,hc,9,7,1,1,0
UPHC011423552022,Allahabad High Court,Uttar Pradesh,BA,Bail Application,2022-08-04,2024-08-28,755,755.0,6.628041376179533,hc,8,4,3,1,0
UPHC011373172023,Allahabad High Court,Uttar Pradesh,BA,Bail Application,2023-06-19,2024-01-17,212,212.0,5.3612921657094255,hc,6,19,0,1,0
UPHC011446502022,Allahabad High Court,Uttar Pradesh,BA,Bail Application,2022-08-06,2024-01-24,536,536.0,6.285998094508865,hc,8,6,5,1,0
UPHC012124332023,Allahabad High Court,Uttar Pradesh,BA,Bail Application,2023-09-21,2024-01-05,106,106.0,4.672828834461906,hc,9,21,3,1,0
UPHC010913362020,Allahabad High Court,Uttar Pradesh,BA,Bail Application,2020-08-26,2024-01-08,1230,1230.0,7.115582126184454,hc,8,26,2,1,0
UPHC010913362020,Allahabad High Court,Uttar Pradesh,BA,Bail Application,2020-08-26,2024-01-08,1230,1230.0,7.115582126184454,hc,8,26,2,1,0
UPHC011992492023,Allahabad High Court,Uttar Pradesh,BA,Bail Application,2023-09-04,2024-02-06,155,155.0,5.049856007249537,hc,9,4,0,1,0
UPHC010975992021,Allahabad High Court,Uttar Pradesh,BA,Bail Application,2021-07-10,2024-05-22,1047,1047.0,6.954638864880987,hc,7,10,5,1,0
UPHC010982062023,Allahabad High Court,Uttar Pradesh,BA,Bail Application,2023-04-27,2024-02-07,286,286.0,5.659482215759621,hc,4,27,3,1,0
UPHC011004652022,Allahabad High Court,Uttar Pradesh,BA,Bail Application,2022-06-03,2024-01-31,607,607.0,6.410174881966167,hc,6,3,4,1,0
UPHC011917852019,Allahabad High Court,Uttar Pradesh,BA,Bail Application,2019-10-01,2024-02-23,1606,1606.0,7.382124365737512,hc,10,1,1,1,1
UPHC011948432023,Allahabad High Court,Uttar Pradesh,BA,Bail Application,2023-08-28,2024-01-29,154,154.0,5.043425116919247,hc,8,28,0,1,0
UPHC011037622023,Allahabad High Court,Uttar Pradesh,BA,Bail Application,2023-05-03,2024-05-28,391,391.0,5.971261839790462,hc,5,3,2,1,0
UPHC010041122023,Allahabad High Court,Uttar Pradesh,BA,Bail Application,2023-01-05,2024-01-30,390,390.0,5.968707559985366,hc,1,5,3,1,0
UPHC010997812021,Allahabad High Court,Uttar Pradesh,BA,Bail Application,2021-07-13,2024-01-05,906,906.0,6.810142450115136,hc,7,13,1,1,0
UPHC010999112021,Allahabad High Court,Uttar Pradesh,BA,Bail Application,2021-07-13,2024-02-07,939,939.0,6.84587987526405,hc,7,13,1,1,0
UPHC010759522023,Allahabad High Court,Uttar Pradesh,BA,Bail Application,2023-04-03,2024-03-12,344,344.0,5.84354441703136,hc,4,3,0,1,0
UPHC011251272023,Allahabad High Court,Uttar Pradesh,BA,Bail Application,2023-05-26,2024-02-26,276,276.0,5.6240175061873385,hc,5,26,4,1,0
UPHC010247512024,Allahabad High Court,Uttar Pradesh,BA,Bail Application,2024-01-12,2024-04-30,109,109.0,4.700480365792417,hc,1,12,4,0,0
UPHC010253552021,Allahabad High Court,Uttar Pradesh,BA,Bail Application,2021-02-04,2024-02-07,1098,1098.0,7.002155954403621,hc,2,4,3,1,0
UPHC010908092023,Allahabad High Court,Uttar Pradesh,BA,Bail Application,2023-04-19,2024-01-10,266,266.0,5.58724865840025,hc,4,19,2,1,0
UPHC010912052023,Allahabad High Court,Uttar Pradesh,BA,Bail Application,2023-04-19,2024-01-11,267,267.0,5.5909869805108565,hc,4,19,2,1,0
UPHC011083782022,Allahabad High Court,Uttar Pradesh,BA,Bail Application,2022-06-18,2024-11-26,892,892.0,6.794586580876499,hc,6,18,5,1,0
UPHC011080992020,Allahabad High Court,Uttar Pradesh,BA,Bail Application,2020-09-22,2024-02-01,1227,1227.0,7.113142108707088,hc,9,22,1,1,0
UPHC011080992020,Allahabad High Court,Uttar Pradesh,BA,Bail Application,2020-09-22,2024-02-01,1227,1227.0,7.113142108707088,hc,9,22,1,1,0
UPHC011718752022,Allahabad High Court,Uttar Pradesh,BA,Bail Application,2022-09-08,2024-02-05,515,515.0,6.246106765481563,hc,9,8,3,1,0
UPHC011488912023,Allahabad High Court,Uttar Pradesh,BA,Bail Application,2023-07-07,2024-02-15,223,223.0,5.4116460518550396,hc,7,7,4,1,0
UPHC012294402023,Allahabad High Court,Uttar Pradesh,BA,Bail Application,2023-10-12,2024-02-01,112,112.0,4.727387818712341,hc,10,12,3,1,0
UPHC012305002022,Allahabad High Court,Uttar Pradesh,BA,Bail Application,2022-11-21,2024-05-08,534,534.0,6.282266746896006,hc,11,21,0,1,0
UPHC012286172023,Allahabad High Court,Uttar Pradesh,BA,Bail Application,2023-10-11,2024-03-11,152,152.0,5.030437921392435,hc,10,11,2,1,0
UPHC012372492023,Allahabad High Court,Uttar Pradesh,BA,Bail Application,2023-10-26,2024-09-10,320,320.0,5.771441123130016,hc,10,26,3,1,0
UPHC010205942024,Allahabad High Court,Uttar Pradesh,BA,Bail Application,2024-01-10,2024-04-05,86,86.0,4.465908118654584,hc,1,10,2,0,0
UPHC010215922024,Allahabad High Court,Uttar Pradesh,BA,Bail Application,2024-01-10,2024-01-29,19,19.0,2.995732273553991,hc,1,10,2,0,0
UPHC010215922022,Allahabad High Court,Uttar Pradesh,BA,Bail Application,2022-02-07,2024-01-11,703,703.0,6.556778356158042,hc,2,7,0,1,0
UPHC011408582023,Allahabad High Court,Uttar Pradesh,BA,Bail Application,2023-06-27,2024-01-10,197,197.0,5.288267030694535,hc,6,27,1,1,0
UPHC011251582023,Allahabad High Court,Uttar Pradesh,BA,Bail Application,2023-05-26,2024-01-05,224,224.0,5.41610040220442,hc,5,26,4,1,0
UPHC011196612022,Allahabad High Court,Uttar Pradesh,BA,Bail Application,2022-07-07,2024-04-09,642,642.0,6.466144724237619,hc,7,7,3,1,0
UPHC011461872023,Allahabad High Court,Uttar Pradesh,BA,Bail Application,2023-07-05,2024-01-12,191,191.0,5.2574953720277815,hc,7,5,2,1,0
UPHC011454572022,Allahabad High Court,Uttar Pradesh,BA,Bail Application,2022-08-06,2024-04-15,618,618.0,6.428105272684596,hc,8,6,5,1,0
UPHC010163082024,Allahabad High Court,Uttar Pradesh,BA,Bail Application,2024-01-04,2024-02-02,29,29.0,3.4011973816621555,hc,1,4,3,0,0
UPHC010169122024,Allahabad High Court,Uttar Pradesh,BA,Bail Application,2024-01-05,2024-01-25,20,20.0,3.044522437723423,hc,1,5,4,0,0
UPHC011291892022,Allahabad High Court,Uttar Pradesh,BA,Bail Application,2022-07-20,2024-03-06,595,595.0,6.39024066706535,hc,7,20,2,1,0
UPHC011322492023,Allahabad High Court,Uttar Pradesh,BA,Bail Application,2023-06-07,2024-02-28,266,266.0,5.58724865840025,hc,6,7,2,1,0
UPHC011984802021,Allahabad High Court,Uttar Pradesh,BA,Bail Application,2021-12-03,2024-03-06,824,824.0,6.715383386334681,hc,12,3,4,1,0
UPHC011122102022,Allahabad High Court,Uttar Pradesh,BA,Bail Application,2022-06-27,2024-01-16,568,568.0,6.343880434126331,hc,6,27,0,1,0
UPHC010993682022,Allahabad High Court,Uttar Pradesh,BA,Bail Application,2022-06-01,2024-09-21,843,843.0,6.738152494595957,hc,6,1,2,1,0
UPHC010802312023,Allahabad High Court,Uttar Pradesh,BA,Bail Application,2023-04-06,2024-01-11,280,280.0,5.638354669333745,hc,4,6,3,1,0
UPHC010428262020,Allahabad High Court,Uttar Pradesh,BA,Bail Application,2020-02-25,2024-05-07,1533,1533.0,7.335633981927201,hc,2,25,1,1,0
UPHC010428262020,Allahabad High Court,Uttar Pradesh,BA,Bail Application,2020-02-25,2024-05-07,1533,1533.0,7.335633981927201,hc,2,25,1,1,0
UPHC011414582022,Allahabad High Court,Uttar Pradesh,BA,Bail Application,2022-08-03,2024-04-22,628,628.0,6.444131256700441,hc,8,3,2,1,0
UPHC012540682023,Allahabad High Court,Uttar Pradesh,BA,Bail Application,2023-11-16,2024-02-19,95,95.0,4.564348191467836,hc,11,16,3,1,0
UPHC011423812022,Allahabad High Court,Uttar Pradesh,BA,Bail Application,2022-08-04,2024-01-09,523,523.0,6.261491684321042,hc,8,4,3,1,0
UPHC011406742023,Allahabad High Court,Uttar Pradesh,BA,Bail Application,2023-06-27,2024-02-02,220,220.0,5.3981627015177525,hc,6,27,1,1,0
UPHC011516372021,Allahabad High Court,Uttar Pradesh,BA,Bail Application,2021-09-24,2024-03-19,907,907.0,6.811244378601294,hc,9,24,4,1,0
UPHC011532722023,Allahabad High Court,Uttar Pradesh,BA,Bail Application,2023-07-13,2024-01-24,195,195.0,5.278114659230518,hc,7,13,3,1,0
UPHC011567992020,Allahabad High Court,Uttar Pradesh,BA,Bail Application,2020-12-05,2024-05-10,1252,1252.0,7.133295954896068,hc,12,5,5,1,0
UPHC011567992020,Allahabad High Court,Uttar Pradesh,BA,Bail Application,2020-12-05,2024-05-10,1252,1252.0,7.133295954896068,hc,12,5,5,1,0
UPHC012337732023,Allahabad High Court,Uttar Pradesh,BA,Bail Application,2023-10-17,2024-03-18,153,153.0,5.0369526024136295,hc,10,17,1,1,0
UPHC012354772023,Allahabad High Court,Uttar Pradesh,BA,Bail Application,2023-10-25,2024-05-22,210,210.0,5.351858133476067,hc,10,25,2,1,0
UPHC010179192024,Allahabad High Court,Uttar Pradesh,CRL_A,Criminal Appeal,2024-01-06,2024-01-29,23,23.0,3.1780538303479458,hc,1,6,5,0,0
UPHC012490852023,Allahabad High Court,Uttar Pradesh,CRL_A,Criminal Appeal,2023-11-06,2024-02-06,92,92.0,4.532599493153256,hc,11,6,0,1,0
UPHC012491062018,Allahabad High Court,Uttar Pradesh,CRL_A,Criminal Appeal,2018-12-11,2024-02-28,1905,1905.0,7.552762084214147,hc,12,11,1,1,1
UPHC012491172023,Allahabad High Court,Uttar Pradesh,CRL_A,Criminal Appeal,2023-11-06,2024-02-19,105,105.0,4.663439094112067,hc,11,6,0,1,0
UPHC012537512023,Allahabad High Court,Uttar Pradesh,CRL_A,Criminal Appeal,2023-11-16,2024-01-23,68,68.0,4.23410650459726,hc,11,16,3,1,0
UPHC012560442023,Allahabad High Court,Uttar Pradesh,CRL_A,Criminal Appeal,2023-11-20,2024-01-31,72,72.0,4.290459441148391,hc,11,20,0,1,0
UPHC011168342022,Allahabad High Court,Uttar Pradesh,CRL_A,Criminal Appeal,2022-07-04,2024-03-12,617,617.0,6.42648845745769,hc,7,4,0,1,0
UPHC012116122023,Allahabad High Court,Uttar Pradesh,CRL_A,Criminal Appeal,2023-09-20,2024-07-02,286,286.0,5.659482215759621,hc,9,20,2,1,0
UPHC011613992023,Allahabad High Court,Uttar Pradesh,CRL_A,Criminal Appeal,2023-07-21,2024-07-15,360,360.0,5.8888779583328805,hc,7,21,4,1,0
UPHC010927822023,Allahabad High Court,Uttar Pradesh,CRL_A,Criminal Appeal,2023-04-21,2024-08-21,488,488.0,6.192362489474872,hc,4,21,4,1,0
UPHC012551982023,Allahabad High Court,Uttar Pradesh,CRL_A,Criminal Appeal,2023-11-17,2024-05-28,193,193.0,5.267858159063328,hc,11,17,4,1,0
UPHC010316522007,Allahabad High Court,Uttar Pradesh,CRL_A,Criminal Appeal,2007-09-12,2024-05-21,6096,6096.0,8.715552125907816,hc,9,12,2,1,1
UPHC012364252023,Allahabad High Court,Uttar Pradesh,CRL_A,Criminal Appeal,2023-10-25,2024-01-17,84,84.0,4.442651256490317,hc,10,25,2,1,0
UPHC011429292023,Allahabad High Court,Uttar Pradesh,CRL_A,Criminal Appeal,2023-07-03,2024-02-05,217,217.0,5.384495062789089,hc,7,3,0,1,0
UPHC011865172023,Allahabad High Court,Uttar Pradesh,CRL_A,Criminal Appeal,2023-08-19,2024-08-23,370,370.0,5.916202062607435,hc,8,19,5,1,0
UPHC011013092019,Allahabad High Court,Uttar Pradesh,CRL_A,Criminal Appeal,2019-05-14,2024-07-29,1903,1903.0,7.55171221535131,hc,5,14,1,1,1
UPHC011616882023,Allahabad High Court,Uttar Pradesh,CRL_A,Criminal Appeal,2023-07-21,2024-02-02,196,196.0,5.2832037287379885,hc,7,21,4,1,0
UPHC011555922005,Allahabad High Court,Uttar Pradesh,CRL_A,Criminal Appeal,2005-03-03,2024-01-17,6894,6561.850000000007,8.838551790227402,hc,3,3,3,1,1
UPHC011460952023,Allahabad High Court,Uttar Pradesh,CRL_A,Criminal Appeal,2023-07-05,2024-09-18,441,441.0,6.091309882077698,hc,7,5,2,1,0
UPHC010860192024,Allahabad High Court,Uttar Pradesh,CRL_A,Criminal Appeal,2024-02-12,2024-05-10,88,88.0,4.48863636973214,hc,2,12,0,0,0
UPHC010182072024,Allahabad High Court,Uttar Pradesh,CRL_A,Criminal Appeal,2024-01-08,2024-03-07,59,59.0,4.0943445622221,hc,1,8,0,0,0
UPHC010163772023,Allahabad High Court,Uttar Pradesh,CRL_A,Criminal Appeal,2023-01-20,2024-02-01,377,377.0,5.934894195619588,hc,1,20,4,1,0
UPHC011987832023,Allahabad High Court,Uttar Pradesh,CRL_A,Criminal Appeal,2023-09-02,2024-02-05,156,156.0,5.056245805348308,hc,9,2,5,1,0
UPHC010147512024,Allahabad High Court,Uttar Pradesh,CRL_A,Criminal Appeal,2024-01-03,2024-02-13,41,41.0,3.7376696182833684,hc,1,3,2,0,0
UPHC011888472023,Allahabad High Court,Uttar Pradesh,CRL_A,Criminal Appeal,2023-08-22,2024-02-13,175,175.0,5.170483995038151,hc,8,22,1,1,0
UPHC012822912023,Allahabad High Court,Uttar Pradesh,CRL_A,Criminal Appeal,2023-12-19,2024-01-16,28,28.0,3.367295829986474,hc,12,19,1,1,0
UPHC010293442007,Allahabad High Court,Uttar Pradesh,CRL_A,Criminal Appeal,2007-07-17,2024-03-05,6076,6076.0,8.712266432135355,hc,7,17,1,1,1
UPHC011784672023,Allahabad High Court,Uttar Pradesh,CRL_A,Criminal Appeal,2023-08-09,2024-09-23,411,411.0,6.021023349349527,hc,8,9,2,1,0
UPHC011256092007,Allahabad High Court,Uttar Pradesh,CRL_A,Criminal Appeal,2007-03-07,2024-03-15,6218,6218.0,8.735364401103888,hc,3,7,2,1,1
UPHC011577042023,Allahabad High Court,Uttar Pradesh,CRL_A,Criminal Appeal,2023-07-18,2024-02-06,203,203.0,5.318119993844216,hc,7,18,1,1,0
UPHC010308092008,Allahabad High Court,Uttar Pradesh,CRL_A,Criminal Appeal,2008-07-18,2024-01-12,5656,5656.0,8.640648995343156,hc,7,18,4,1,1
UPHC010746102001,Allahabad High Court,Uttar Pradesh,CRL_A,Criminal Appeal,2001-01-16,2024-02-21,8436,6561.850000000007,9.040382074165628,hc,1,16,1,1,1
UPHC012135442013,Allahabad High Court,Uttar Pradesh,CRL_A,Criminal Appeal,2013-12-06,2024-11-12,3994,3994.0,8.292798858200374,hc,12,6,4,1,1
UPHC011056432023,Allahabad High Court,Uttar Pradesh,CRL_A,Criminal Appeal,2023-05-06,2024-05-30,390,390.0,5.968707559985366,hc,5,6,5,1,0
UPHC010290862005,Allahabad High Court,Uttar Pradesh,CRL_A,Criminal Appeal,2005-02-22,2024-03-20,6966,6561.850000000007,8.848939995030118,hc,2,22,1,1,1
UPHC010311872006,Allahabad High Court,Uttar Pradesh,CRL_A,Criminal Appeal,2006-11-22,2024-02-20,6299,6299.0,8.748304912379623,hc,11,22,2,1,1
UPHC011867482013,Allahabad High Court,Uttar Pradesh,CRL_A,Criminal Appeal,2013-12-04,2024-04-09,3779,3779.0,8.237479288613633,hc,12,4,2,1,1
UPHC010234292024,Allahabad High Court,Uttar Pradesh,CRL_A,Criminal Appeal,2024-01-11,2024-01-30,19,19.0,2.995732273553991,hc,1,11,3,0,0
UPHC012023802023,Allahabad High Court,Uttar Pradesh,CRL_A,Criminal Appeal,2023-09-06,2024-02-08,155,155.0,5.049856007249537,hc,9,6,2,1,0
UPHC011691822010,Allahabad High Court,Uttar Pradesh,CRL_A,Criminal Appeal,2010-04-20,2024-05-09,5133,5133.0,8.543640361431086,hc,4,20,1,1,1
UPHC012405912023,Allahabad High Court,Uttar Pradesh,CRL_A,Criminal Appeal,2023-10-29,2024-01-24,87,87.0,4.477336814478207,hc,10,29,6,1,0
UPHC012776342023,Allahabad High Court,Uttar Pradesh,CRL_A,Criminal Appeal,2023-12-14,2024-04-25,133,133.0,4.897839799950911,hc,12,14,3,1,0
UPHC012449212023,Allahabad High Court,Uttar Pradesh,CRL_A,Criminal Appeal,2023-11-01,2024-09-10,314,314.0,5.752572638825633,hc,11,1,2,1,0
UPHC011461702007,Allahabad High Court,Uttar Pradesh,CRL_A,Criminal Appeal,2007-09-06,2024-02-20,6011,6011.0,8.701512750872865,hc,9,6,3,1,1
UPHC010141322001,Allahabad High Court,Uttar Pradesh,CRL_A,Criminal Appeal,2001-07-06,2024-03-20,8293,6561.850000000007,9.023287640806327,hc,7,6,4,1,1
UPHC010932062003,Allahabad High Court,Uttar Pradesh,CRL_A,Criminal Appeal,2003-07-21,2024-08-27,7708,6561.850000000007,8.950143756459262,hc,7,21,0,1,1
UPHC012320662023,Allahabad High Court,Uttar Pradesh,CRL_A,Criminal Appeal,2023-10-16,2024-02-15,122,122.0,4.812184355372417,hc,10,16,0,1,0
UPHC012320692023,Allahabad High Court,Uttar Pradesh,CRL_A,Criminal Appeal,2023-10-16,2024-02-08,115,115.0,4.7535901911063645,hc,10,16,0,1,0
UPHC012462872023,Allahabad High Court,Uttar Pradesh,CRL_A,Criminal Appeal,2023-11-02,2024-07-22,263,263.0,5.575949103146316,hc,11,2,3,1,0
UPHC012320762023,Allahabad High Court,Uttar Pradesh,CRL_A,Criminal Appeal,2023-10-16,2024-07-15,273,273.0,5.6131281063880705,hc,10,16,0,1,0
UPHC010135622001,Allahabad High Court,Uttar Pradesh,CRL_A,Criminal Appeal,2001-05-30,2024-03-20,8330,6561.850000000007,9.027738775974909,hc,5,30,2,1,1
UPHC010206452024,Allahabad High Court,Uttar Pradesh,CRL_A,Criminal Appeal,2024-01-10,2024-01-30,20,20.0,3.044522437723423,hc,1,10,2,0,0
UPHC010933392022,Allahabad High Court,Uttar Pradesh,CRL_A,Criminal Appeal,2022-05-25,2024-09-05,834,834.0,6.727431724850855,hc,5,25,2,1,0
UPHC010659972001,Allahabad High Court,Uttar Pradesh,CRL_A,Criminal Appeal,2001-02-20,2024-08-02,8564,6561.850000000007,9.05543941075822,hc,2,20,1,1,1
UPHC012457652023,Allahabad High Court,Uttar Pradesh,CRL_A,Criminal Appeal,2023-11-02,2024-02-02,92,92.0,4.532599493153256,hc,11,2,3,1,0
UPHC012536582023,Allahabad High Court,Uttar Pradesh,CRL_A,Criminal Appeal,2023-11-16,2024-03-04,109,109.0,4.700480365792417,hc,11,16,3,1,0
UPHC012587422023,Allahabad High Court,Uttar Pradesh,CRL_A,Criminal Appeal,2023-11-22,2024-02-02,72,72.0,4.290459441148391,hc,11,22,2,1,0
UPHC012165212023,Allahabad High Court,Uttar Pradesh,CRL_A,Criminal Appeal,2023-09-26,2024-03-22,178,178.0,5.187385805840755,hc,9,26,1,1,0
UPHC012664052023,Allahabad High Court,Uttar Pradesh,CRL_A,Criminal Appeal,2023-12-01,2024-01-30,60,60.0,4.110873864173311,hc,12,1,4,1,0
UPHC012663552023,Allahabad High Court,Uttar Pradesh,CRL_A,Criminal Appeal,2023-12-01,2024-07-30,242,242.0,5.493061443340548,hc,12,1,4,1,0
UPHC012663982023,Allahabad High Court,Uttar Pradesh,CRL_A,Criminal Appeal,2023-12-01,2024-01-30,60,60.0,4.110873864173311,hc,12,1,4,1,0
UPHC012663772023,Allahabad High Court,Uttar Pradesh,CRL_A,Criminal Appeal,2023-12-01,2024-01-05,35,35.0,3.58351893845611,hc,12,1,4,1,0
UPHC012042702023,Allahabad High Court,Uttar Pradesh,CRL_A,Criminal Appeal,2023-09-12,2024-01-05,115,115.0,4.7535901911063645,hc,9,12,1,1,0
UPHC012204402023,Allahabad High Court,Uttar Pradesh,CRL_A,Criminal Appeal,2023-10-04,2024-08-02,303,303.0,5.717027701406222,hc,10,4,2,1,0
UPHC010179522004,Allahabad High Court,Uttar Pradesh,CRL_A,Criminal Appeal,2004-04-19,2024-03-20,7275,6561.850000000007,8.892336539638013,hc,4,19,0,1,1
UPHC010839812022,Allahabad High Court,Uttar Pradesh,CRL_A,Criminal Appeal,2022-05-13,2024-07-30,809,809.0,6.697034247666484,hc,5,13,4,1,0
UPHC010331142010,Allahabad High Court,Uttar Pradesh,CRL_A,Criminal Appeal,2010-05-07,2024-05-09,5116,5116.0,8.540323608805092,hc,5,7,4,1,1
UPHC010162432002,Allahabad High Court,Uttar Pradesh,CRL_A,Criminal Appeal,2002-01-22,2024-01-24,8037,6561.850000000007,8.991935575009146,hc,1,22,1,1,1
UPHC010237932024,Allahabad High Court,Uttar Pradesh,CRL_A,Criminal Appeal,2024-01-11,2024-07-19,190,190.0,5.25227342804663,hc,1,11,3,0,0
UPHC012639082023,Allahabad High Court,Uttar Pradesh,CRL_A,Criminal Appeal,2023-11-29,2024-09-13,289,289.0,5.66988092298052,hc,11,29,2,1,0
UPHC010248362024,Allahabad High Court,Uttar Pradesh,CRL_A,Criminal Appeal,2024-01-12,2024-01-24,12,12.0,2.5649493574615367,hc,1,12,4,0,0
UPHC010225892007,Allahabad High Court,Uttar Pradesh,CRL_A,Criminal Appeal,2007-02-26,2024-05-13,6286,6286.0,8.74623928838306,hc,2,26,0,1,1
UPHC010265182021,Allahabad High Court,Uttar Pradesh,CRL_A,Criminal Appeal,2021-02-05,2024-09-27,1330,1330.0,7.193685818395112,hc,2,5,4,1,0
UPHC010295342010,Allahabad High Court,Uttar Pradesh,CRL_A,Criminal Appeal,2010-03-12,2024-08-08,5263,5263.0,8.568646473005153,hc,3,12,4,1,1
UPHC010185472024,Allahabad High Court,Uttar Pradesh,CRL_A,Criminal Appeal,2024-01-08,2024-09-02,238,238.0,5.476463551931511,hc,1,8,0,0,0
UPHC010181762024,Allahabad High Court,Uttar Pradesh,CRL_A,Criminal Appeal,2024-01-08,2024-05-10,123,123.0,4.820281565605037,hc,1,8,0,0,0
UPHC010189562024,Allahabad High Court,Uttar Pradesh,CRL_A,Criminal Appeal,2024-01-08,2024-01-30,22,22.0,3.1354942159291497,hc,1,8,0,0,0
UPHC012711422023,Allahabad High Court,Uttar Pradesh,CRL_A,Criminal Appeal,2023-12-07,2024-01-10,34,34.0,3.5553480614894135,hc,12,7,3,1,0
UPHC012712462023,Allahabad High Court,Uttar Pradesh,CRL_A,Criminal Appeal,2023-12-07,2024-01-11,35,35.0,3.58351893845611,hc,12,7,3,1,0
UPHC012712272023,Allahabad High Court,Uttar Pradesh,CRL_A,Criminal Appeal,2023-12-07,2024-01-17,41,41.0,3.7376696182833684,hc,12,7,3,1,0
UPHC010202832024,Allahabad High Court,Uttar Pradesh,CRL_A,Criminal Appeal,2024-01-09,2024-03-05,56,56.0,4.04305126783455,hc,1,9,1,0,0
UPHC011611532023,Allahabad High Court,Uttar Pradesh,CRL_A,Criminal Appeal,2023-07-21,2024-09-20,427,427.0,6.059123195581797,hc,7,21,4,1,0
UPHC011215892023,Allahabad High Court,Uttar Pradesh,CRL_A,Criminal Appeal,2023-05-23,2024-05-30,373,373.0,5.924255797414532,hc,5,23,1,1,0
UPHC011691442023,Allahabad High Court,Uttar Pradesh,CRL_A,Criminal Appeal,2023-07-31,2024-01-31,184,184.0,5.220355825078325,hc,7,31,0,1,0
UPHC010150532023,Allahabad High Court,Uttar Pradesh,CRL_A,Criminal Appeal,2023-01-19,2024-04-15,452,452.0,6.115892125483034,hc,1,19,3,1,0
UPHC012417352023,Allahabad High Court,Uttar Pradesh,CRL_A,Criminal Appeal,2023-10-30,2024-01-03,65,65.0,4.189654742026425,hc,10,30,0,1,0
UPHC010980582019,Allahabad High Court,Uttar Pradesh,CRL_A,Criminal Appeal,2019-05-09,2024-05-27,1845,1845.0,7.520776415062797,hc,5,9,3,1,1
UPHC011939552016,Allahabad High Court,Uttar Pradesh,CRL_A,Criminal Appeal,2016-10-24,2024-09-30,2898,2898.0,7.972121128921655,hc,10,24,0,1,1
UPHC011465512023,Allahabad High Court,Uttar Pradesh,CRL_A,Criminal Appeal,2023-07-05,2024-02-01,211,211.0,5.356586274672012,hc,7,5,2,1,0
UPHC010350052019,Allahabad High Court,Uttar Pradesh,CRL_A,Criminal Appeal,2019-02-15,2024-07-26,1988,1988.0,7.5953872788539725,hc,2,15,4,1,1
UPHC011707722023,Allahabad High Court,Uttar Pradesh,CRL_A,Criminal Appeal,2023-08-01,2024-02-13,196,196.0,5.2832037287379885,hc,8,1,1,1,0
UPHC011726702023,Allahabad High Court,Uttar Pradesh,CRL_A,Criminal Appeal,2023-08-03,2024-02-19,200,200.0,5.303304908059076,hc,8,3,3,1,0
UPHC012238482022,Allahabad High Court,Uttar Pradesh,CRL_A,Criminal Appeal,2022-11-15,2024-02-26,468,468.0,6.150602768446279,hc,11,15,1,1,0
UPHC012238412023,Allahabad High Court,Uttar Pradesh,CRL_A,Criminal Appeal,2023-10-06,2024-02-16,133,133.0,4.897839799950911,hc,10,6,4,1,0
UPHC010807802018,Allahabad High Court,Uttar Pradesh,CRL_A,Criminal Appeal,2018-04-24,2024-05-17,2215,2215.0,7.703459047867175,hc,4,24,1,1,1
UPHC010546702023,Allahabad High Court,Uttar Pradesh,CRL_A,Criminal Appeal,2023-03-04,2024-09-19,565,565.0,6.338594078203183,hc,3,4,5,1,0
UPHC010279522006,Allahabad High Court,Uttar Pradesh,CRL_A,Criminal Appeal,2006-08-28,2024-04-19,6444,6444.0,8.771059915373288,hc,8,28,0,1,1
UPHC011675192010,Allahabad High Court,Uttar Pradesh,CRL_A,Criminal Appeal,2010-03-30,2024-07-25,5231,5231.0,8.562548893137034,hc,3,30,1,1,1
UPHC011538982010,Allahabad High Court,Uttar Pradesh,CRL_A,Criminal Appeal,2010-08-03,2024-07-31,5111,5111.0,8.53934599605737,hc,8,3,1,1,1
UPHC011558552019,Allahabad High Court,Uttar Pradesh,CRL_A,Criminal Appeal,2019-08-05,2024-01-24,1633,1633.0,7.3987862754199485,hc,8,5,0,1,1
HCMA010419632011,Madras HC (Chennai),Tamil Nadu,CRL_A,Criminal Appeal,2011-07-25,2024-06-10,4704,4704.0,8.45638105201948,hc,7,25,0,1,1
HCMA010771132024,Madras HC (Chennai),Tamil Nadu,CRL_A,Criminal Appeal,2024-04-22,2024-04-30,8,8.0,2.1972245773362196,hc,4,22,0,0,0
HCMA011256372020,Madras HC (Chennai),Tamil Nadu,CRL_A,Criminal Appeal,2020-12-10,2024-04-16,1223,1223.0,7.1098794630722715,hc,12,10,3,1,0
HCMA011256372020,Madras HC (Chennai),Tamil Nadu,CRL_A,Criminal Appeal,2020-12-10,2024-04-16,1223,1223.0,7.1098794630722715,hc,12,10,3,1,0
HCMA010406962016,Madras HC (Chennai),Tamil Nadu,CRL_A,Criminal Appeal,2016-07-11,2024-06-13,2894,2894.0,7.970740390007095,hc,7,11,0,1,1
HCMA010958142023,Madras HC (Chennai),Tamil Nadu,CRL_A,Criminal Appeal,2023-06-01,2024-07-24,419,419.0,6.040254711277414,hc,6,1,3,1,0
HCMA012015922022,Madras HC (Chennai),Tamil Nadu,CRL_A,Criminal Appeal,2022-12-12,2024-12-17,736,736.0,6.602587892189336,hc,12,12,0,1,0
HCMA012007672024,Madras HC (Chennai),Tamil Nadu,CRL_A,Criminal Appeal,2024-10-24,2024-11-22,29,29.0,3.4011973816621555,hc,10,24,3,0,0
HCMA011403152021,Madras HC (Chennai),Tamil Nadu,CRL_A,Criminal Appeal,2021-11-02,2024-01-03,792,792.0,6.675823221634848,hc,11,2,1,1,0
HCMA010500552018,Madras HC (Chennai),Tamil Nadu,CRL_A,Criminal Appeal,2018-01-04,2024-06-11,2350,2350.0,7.762596048540069,hc,1,4,3,1,1
HCMA011402262023,Madras HC (Chennai),Tamil Nadu,CRL_A,Criminal Appeal,2023-08-02,2024-08-08,372,372.0,5.921578419643816,hc,8,2,2,1,0
HCMA010616692012,Madras HC (Chennai),Tamil Nadu,CRL_A,Criminal Appeal,2012-02-03,2024-02-28,4408,4408.0,8.391403185357937,hc,2,3,4,1,1
HCMA011925242022,Madras HC (Chennai),Tamil Nadu,CRL_A,Criminal Appeal,2022-11-28,2024-06-28,578,578.0,6.361302477572996,hc,11,28,0,1,0
HCMA011998332023,Madras HC (Chennai),Tamil Nadu,CRL_A,Criminal Appeal,2023-11-02,2024-04-02,152,152.0,5.030437921392435,hc,11,2,3,1,0
HCMA010217252015,Madras HC (Chennai),Tamil Nadu,CRL_A,Criminal Appeal,2015-07-09,2024-07-15,3294,3294.0,8.100161446936607,hc,7,9,3,1,1
HCMA011962072023,Madras HC (Chennai),Tamil Nadu,CRL_A,Criminal Appeal,2023-10-30,2024-03-26,148,148.0,5.003946305945459,hc,10,30,0,1,0
HCMA012042392024,Madras HC (Chennai),Tamil Nadu,CRL_A,Criminal Appeal,2024-10-29,2024-12-02,34,34.0,3.5553480614894135,hc,10,29,1,0,0
HCMA011003402021,Madras HC (Chennai),Tamil Nadu,CRL_A,Criminal Appeal,2021-08-16,2024-06-21,1040,1040.0,6.947937068614969,hc,8,16,0,1,0
HCMA011996992023,Madras HC (Chennai),Tamil Nadu,CRL_A,Criminal Appeal,2023-11-02,2024-09-09,312,312.0,5.746203190540153,hc,11,2,3,1,0
HCMA011783932024,Madras HC (Chennai),Tamil Nadu,CRL_A,Criminal Appeal,2024-09-23,2024-11-11,49,49.0,3.912023005428146,hc,9,23,0,0,0
HCMA011380492024,Madras HC (Chennai),Tamil Nadu,CRL_A,Criminal Appeal,2024-07-29,2024-11-06,100,100.0,4.61512051684126,hc,7,29,0,0,0
HCMA011892272024,Madras HC (Chennai),Tamil Nadu,CRL_A,Criminal Appeal,2024-10-07,2024-10-09,2,2.0,1.0986122886681096,hc,10,7,0,0,0
HCMA010349082018,Madras HC (Chennai),Tamil Nadu,CRL_A,Criminal Appeal,2018-07-11,2024-08-29,2241,2241.0,7.715123603632105,hc,7,11,2,1,1
HCMA010072032024,Madras HC (Chennai),Tamil Nadu,CRL_A,Criminal Appeal,2024-01-10,2024-03-14,64,64.0,4.174387269895637,hc,1,10,2,0,0
HCMA010087572021,Madras HC (Chennai),Tamil Nadu,CRL_A,Criminal Appeal,2021-01-21,2024-02-23,1128,1128.0,7.029087564149662,hc,1,21,3,1,0
HCMA010755112013,Madras HC (Chennai),Tamil Nadu,CRL_A,Criminal Appeal,2012-10-30,2024-07-09,4270,4270.0,8.359603270841466,hc,10,30,1,1,1
HCMA011964222022,Madras HC (Chennai),Tamil Nadu,CRL_A,Criminal Appeal,2022-12-02,2024-07-08,584,584.0,6.371611847231857,hc,12,2,4,1,0
HCMA010345362024,Madras HC (Chennai),Tamil Nadu,CRL_A,Criminal Appeal,2024-02-22,2024-03-01,8,8.0,2.1972245773362196,hc,2,22,3,0,0
HCMA011461772021,Madras HC (Chennai),Tamil Nadu,CRL_A,Criminal Appeal,2021-11-18,2024-06-20,945,945.0,6.852242569051878,hc,11,18,3,1,0
HCMA011381972023,Madras HC (Chennai),Tamil Nadu,CRL_A,Criminal Appeal,2023-07-31,2024-10-04,431,431.0,6.068425588244111,hc,7,31,0,1,0
HCMA011283462021,Madras HC (Chennai),Tamil Nadu,CRL_A,Criminal Appeal,2021-10-06,2024-07-11,1009,1009.0,6.917705609835305,hc,10,6,2,1,0
HCMA011432462021,Madras HC (Chennai),Tamil Nadu,CRL_A,Criminal Appeal,2021-11-12,2024-04-04,874,874.0,6.774223886357614,hc,11,12,4,1,0
HCMA011650522024,Madras HC (Chennai),Tamil Nadu,CRL_A,Criminal Appeal,2024-09-02,2024-09-26,24,24.0,3.2188758248682006,hc,9,2,0,0,0
HCMA011557422023,Madras HC (Chennai),Tamil Nadu,CRL_A,Criminal Appeal,2023-08-25,2024-06-20,300,300.0,5.707110264748875,hc,8,25,4,1,0
HCMA011557532023,Madras HC (Chennai),Tamil Nadu,CRL_A,Criminal Appeal,2023-08-25,2024-07-02,312,312.0,5.746203190540153,hc,8,25,4,1,0
HCMA010395912016,Madras HC (Chennai),Tamil Nadu,CRL_A,Criminal Appeal,2016-04-25,2024-07-19,3007,3007.0,8.00903068506973,hc,4,25,0,1,1
HCMA010637102021,Madras HC (Chennai),Tamil Nadu,CRL_A,Criminal Appeal,2021-04-27,2024-07-16,1176,1176.0,7.0707241072602764,hc,4,27,1,1,0
HCMA010460322018,Madras HC (Chennai),Tamil Nadu,CRL_A,Criminal Appeal,2011-07-22,2024-01-24,4569,4569.0,8.42726848388825,hc,7,22,4,1,1
HCMA010104442019,Madras HC (Chennai),Tamil Nadu,CRL_A,Criminal Appeal,2019-01-18,2024-07-16,2006,2006.0,7.604396348796338,hc,1,18,4,1,1
HCMA010867832024,Madras HC (Chennai),Tamil Nadu,CRL_A,Criminal Appeal,2024-05-06,2024-06-11,36,36.0,3.6109179126442243,hc,5,6,0,0,0
HCMA010279662022,Madras HC (Chennai),Tamil Nadu,CRL_A,Criminal Appeal,2022-02-24,2024-07-19,876,876.0,6.776506992372183,hc,2,24,3,1,0
HCMA012142602024,Madras HC (Chennai),Tamil Nadu,CRL_A,Criminal Appeal,2024-11-14,2024-12-17,33,33.0,3.5263605246161616,hc,11,14,3,0,0
HCMA010562902021,Madras HC (Chennai),Tamil Nadu,CRL_A,Criminal Appeal,2021-04-15,2024-04-18,1099,1099.0,7.003065458786462,hc,4,15,3,1,0
HCMA010181552018,Madras HC (Chennai),Tamil Nadu,CRL_A,Criminal Appeal,2018-03-16,2024-07-30,2328,2328.0,7.753194269884341,hc,3,16,4,1,1
HCMA010169042018,Madras HC (Chennai),Tamil Nadu,CRL_A,Criminal Appeal,2018-03-14,2024-02-09,2158,2158.0,7.677400430514807,hc,3,14,2,1,1
HCMA010539142022,Madras HC (Chennai),Tamil Nadu,CRL_A,Criminal Appeal,2022-04-07,2024-08-01,847,847.0,6.742880635791903,hc,4,7,3,1,0
HCMA011022962021,Madras HC (Chennai),Tamil Nadu,CRL_A,Criminal Appeal,2021-08-19,2024-07-11,1057,1057.0,6.964135612418245,hc,8,19,3,1,0
HCMA010168362019,Madras HC (Chennai),Tamil Nadu,CRL_A,Criminal Appeal,2019-01-25,2024-02-05,1837,1837.0,7.516433302915632,hc,1,25,4,1,1
HCMA010375772020,Madras HC (Chennai),Tamil Nadu,CRL_A,Criminal Appeal,2020-02-28,2024-03-05,1467,1467.0,7.291656209174461,hc,2,28,4,1,0
HCMA010375772020,Madras HC (Chennai),Tamil Nadu,CRL_A,Criminal Appeal,2020-02-28,2024-03-05,1467,1467.0,7.291656209174461,hc,2,28,4,1,0
HCMA010004012021,Madras HC (Chennai),Tamil Nadu,CRL_A,Criminal Appeal,2021-01-04,2024-04-16,1198,1198.0,7.089243155027514,hc,1,4,0,1,0
HCMA011849582023,Madras HC (Chennai),Tamil Nadu,CRL_A,Criminal Appeal,2023-10-09,2024-09-02,329,329.0,5.799092654460526,hc,10,9,0,1,0
HCMA010268912018,Madras HC (Chennai),Tamil Nadu,CRL_A,Criminal Appeal,2018-05-02,2024-07-02,2253,2253.0,7.720461694599722,hc,5,2,2,1,1
HCMA010805822022,Madras HC (Chennai),Tamil Nadu,CRL_A,Criminal Appeal,2022-06-06,2024-07-22,777,777.0,6.656726524178391,hc,6,6,0,1,0
HCMA010550992021,Madras HC (Chennai),Tamil Nadu,CRL_A,Criminal Appeal,2021-04-15,2024-04-17,1098,1098.0,7.002155954403621,hc,4,15,3,1,0
HCMA010448972015,Madras HC (Chennai),Tamil Nadu,CRL_A,Criminal Appeal,2015-06-01,2024-07-09,3326,3326.0,8.109826276018477,hc,6,1,0,1,1
HCMA011223232024,Madras HC (Chennai),Tamil Nadu,CRL_A,Criminal Appeal,2024-07-09,2024-08-27,49,49.0,3.912023005428146,hc,7,9,1,0,0
HCMA010007462023,Madras HC (Chennai),Tamil Nadu,CRL_A,Criminal Appeal,2023-01-02,2024-11-19,687,687.0,6.5337888379333435,hc,1,2,0,1,0
HCMA011270292020,Madras HC (Chennai),Tamil Nadu,CRL_A,Criminal Appeal,2020-12-12,2024-07-04,1300,1300.0,7.170888478512505,hc,12,12,5,1,0
HCMA011270292020,Madras HC (Chennai),Tamil Nadu,CRL_A,Criminal Appeal,2020-12-12,2024-07-04,1300,1300.0,7.170888478512505,hc,12,12,5,1,0
HCMA010748222020,Madras HC (Chennai),Tamil Nadu,CRL_A,Criminal Appeal,2020-08-18,2024-02-13,1274,1274.0,7.150701457592526,hc,8,18,1,1,0
HCMA010748222020,Madras HC (Chennai),Tamil Nadu,CRL_A,Criminal Appeal,2020-08-18,2024-02-13,1274,1274.0,7.150701457592526,hc,8,18,1,1,0
HCMA010595612024,Madras HC (Chennai),Tamil Nadu,CRL_A,Criminal Appeal,2024-03-25,2024-07-24,121,121.0,4.804021044733257,hc,3,25,0,0,0
HCMA010497272019,Madras HC (Chennai),Tamil Nadu,CRL_A,Criminal Appeal,2019-03-14,2024-11-27,2085,2085.0,7.643003635560718,hc,3,14,3,1,1
HCMA010580502024,Madras HC (Chennai),Tamil Nadu,CRL_A,Criminal Appeal,2024-03-22,2024-06-03,73,73.0,4.304065093204169,hc,3,22,4,0,0
HCMA010412282018,Madras HC (Chennai),Tamil Nadu,CRL_A,Criminal Appeal,2018-08-07,2024-07-11,2165,2165.0,7.680637427560936,hc,8,7,1,1,1
HCMA011397862021,Madras HC (Chennai),Tamil Nadu,CRL_A,Criminal Appeal,2021-11-01,2024-08-23,1026,1026.0,6.934397209928558,hc,11,1,0,1,0
HCMA010142682019,Madras HC (Chennai),Tamil Nadu,CRL_A,Criminal Appeal,2019-01-23,2024-07-16,2001,2001.0,7.601901959875166,hc,1,23,2,1,1
HCMA011504262021,Madras HC (Chennai),Tamil Nadu,CRL_A,Criminal Appeal,2021-11-25,2024-01-23,789,789.0,6.672032945461067,hc,11,25,3,1,0
HCMA011528052021,Madras HC (Chennai),Tamil Nadu,CRL_A,Criminal Appeal,2021-11-30,2024-08-02,976,976.0,6.884486652042782,hc,11,30,1,1,0
HCMA012010122024,Madras HC (Chennai),Tamil Nadu,CRL_A,Criminal Appeal,2024-10-24,2024-11-18,25,25.0,3.258096538021482,hc,10,24,3,0,0
HCMA010594342021,Madras HC (Chennai),Tamil Nadu,CRL_A,Criminal Appeal,2021-04-20,2024-04-18,1094,1094.0,6.9985096422506015,hc,4,20,1,1,0
HCMA011557272023,Madras HC (Chennai),Tamil Nadu,CRL_A,Criminal Appeal,2023-08-25,2024-07-02,312,312.0,5.746203190540153,hc,8,25,4,1,0
HCMA010971152019,Madras HC (Chennai),Tamil Nadu,CRL_A,Criminal Appeal,2019-06-11,2024-01-22,1686,1686.0,7.430707082545968,hc,6,11,1,1,1
HCMA010684612016,Madras HC (Chennai),Tamil Nadu,CRL_A,Criminal Appeal,2016-01-22,2024-09-03,3147,3147.0,8.054522609537294,hc,1,22,4,1,1
HCMA010381062021,Madras HC (Chennai),Tamil Nadu,CRL_A,Criminal Appeal,2021-03-10,2024-07-02,1210,1210.0,7.099201743553092,hc,3,10,2,1,0
HCMA010117792024,Madras HC (Chennai),Tamil Nadu,CRL_A,Criminal Appeal,2024-01-22,2024-06-20,150,150.0,5.017279836814924,hc,1,22,0,0,0
HCMA011381802021,Madras HC (Chennai),Tamil Nadu,CRL_A,Criminal Appeal,2021-10-28,2024-07-18,994,994.0,6.902742737158593,hc,10,28,3,1,0
HCMA010676692021,Madras HC (Chennai),Tamil Nadu,CRL_A,Criminal Appeal,2021-05-10,2024-08-07,1185,1185.0,7.078341579557671,hc,5,10,0,1,0
HCMA010410142018,Madras HC (Chennai),Tamil Nadu,CRL_A,Criminal Appeal,2018-07-12,2024-09-19,2261,2261.0,7.724004656676065,hc,7,12,3,1,1
HCMA010414542016,Madras HC (Chennai),Tamil Nadu,CRL_A,Criminal Appeal,2016-03-23,2024-08-07,3059,3059.0,8.026170194946426,hc,3,23,2,1,1
HCMA010675302019,Madras HC (Chennai),Tamil Nadu,CRL_A,Criminal Appeal,2019-04-09,2024-09-06,1977,1977.0,7.589841512182657,hc,4,9,1,1,1
HCMA011774472023,Madras HC (Chennai),Tamil Nadu,CRL_A,Criminal Appeal,2023-09-26,2024-08-09,318,318.0,5.765191102784844,hc,9,26,1,1,0
HCMA010412102011,Madras HC (Chennai),Tamil Nadu,CRL_A,Criminal Appeal,2011-03-01,2024-07-26,4896,4896.0,8.496378051702317,hc,3,1,1,1,1
HCMA010181742023,Madras HC (Chennai),Tamil Nadu,CRL_A,Criminal Appeal,2023-01-30,2024-03-13,408,408.0,6.013715156042802,hc,1,30,0,1,0
HCMA012264362023,Madras HC (Chennai),Tamil Nadu,CRL_A,Criminal Appeal,2023-12-15,2024-02-15,62,62.0,4.143134726391533,hc,12,15,4,1,0
HCMA011080822024,Madras HC (Chennai),Tamil Nadu,CRL_A,Criminal Appeal,2024-06-20,2024-07-03,13,13.0,2.639057329615259,hc,6,20,3,0,0
HCMA010513172024,Madras HC (Chennai),Tamil Nadu,CRL_A,Criminal Appeal,2024-03-14,2024-04-17,34,34.0,3.5553480614894135,hc,3,14,3,0,0
HCMA011080782024,Madras HC (Chennai),Tamil Nadu,CRL_A,Criminal Appeal,2024-06-20,2024-10-30,132,132.0,4.890349128221754,hc,6,20,3,0,0
HCMA010013022017,Madras HC (Chennai),Tamil Nadu,CRL_A,Criminal Appeal,2016-08-18,2024-07-18,2891,2891.0,7.969703583278656,hc,8,18,3,1,1
HCMA011404972023,Madras HC (Chennai),Tamil Nadu,CRL_A,Criminal Appeal,2023-08-02,2024-04-15,257,257.0,5.552959584921617,hc,8,2,2,1,0
HCMA011113862020,Madras HC (Chennai),Tamil Nadu,CRL_A,Criminal Appeal,2020-11-10,2024-08-07,1366,1366.0,7.220373836723949,hc,11,10,1,1,0
HCMA011113862020,Madras HC (Chennai),Tamil Nadu,CRL_A,Criminal Appeal,2020-11-10,2024-08-07,1366,1366.0,7.220373836723949,hc,11,10,1,1,0
HCMA011319612020,Madras HC (Chennai),Tamil Nadu,CRL_A,Criminal Appeal,2020-12-21,2024-04-12,1208,1208.0,7.097548850614793,hc,12,21,0,1,0
HCMA011319612020,Madras HC (Chennai),Tamil Nadu,CRL_A,Criminal Appeal,2020-12-21,2024-04-12,1208,1208.0,7.097548850614793,hc,12,21,0,1,0
HCMA011319572021,Madras HC (Chennai),Tamil Nadu,CRL_A,Criminal Appeal,2021-10-20,2024-07-10,994,994.0,6.902742737158593,hc,10,20,2,1,0
HCMA010488382024,Madras HC (Chennai),Tamil Nadu,CRL_A,Criminal Appeal,2024-03-12,2024-08-19,160,160.0,5.081404364984463,hc,3,12,1,0,0
HCMA010473122022,Madras HC (Chennai),Tamil Nadu,CRL_A,Criminal Appeal,2022-03-29,2024-04-26,759,759.0,6.633318433280377,hc,3,29,1,1,0
HCMA010762272020,Madras HC (Chennai),Tamil Nadu,CRL_A,Criminal Appeal,2020-08-21,2024-03-26,1313,1313.0,7.1808311990445555,hc,8,21,4,1,0
HCMA010762272020,Madras HC (Chennai),Tamil Nadu,CRL_A,Criminal Appeal,2020-08-21,2024-03-26,1313,1313.0,7.1808311990445555,hc,8,21,4,1,0
HCMA010191742018,Madras HC (Chennai),Tamil Nadu,CRL_A,Criminal Appeal,2018-03-02,2024-07-04,2316,2316.0,7.748028524432376,hc,3,2,4,1,1
HCMA010438652015,Madras HC (Chennai),Tamil Nadu,CRL_A,Criminal Appeal,2015-01-12,2024-08-01,3489,3489.0,8.157657015196472,hc,1,12,0,1,1
HCMA010398572016,Madras HC (Chennai),Tamil Nadu,CRL_A,Criminal Appeal,2016-04-25,2024-04-30,2927,2927.0,7.982074875081202,hc,4,25,0,1,1
HCMA010217382018,Madras HC (Chennai),Tamil Nadu,CRL_A,Criminal Appeal,2018-04-05,2024-11-20,2421,2421.0,7.792348924113037,hc,4,5,3,1,1
HCMA010487782018,Madras HC (Chennai),Tamil Nadu,CRL_A,Criminal Appeal,2018-01-11,2024-07-11,2373,2373.0,7.772331575169614,hc,1,11,3,1,1
HCMA011595342024,Madras HC (Chennai),Tamil Nadu,CRL_A,Criminal Appeal,2024-08-28,2024-09-25,28,28.0,3.367295829986474,hc,8,28,2,0,0
HCMA010539002024,Madras HC (Chennai),Tamil Nadu,CRL_A,Criminal Appeal,2024-03-18,2024-04-23,36,36.0,3.6109179126442243,hc,3,18,0,0,0
KACD410015052023,SENIOR CIVIL JUDGE AND JMFC HOLALKERE,Karnataka,CS,Civil Suit,2023-10-13,2024-12-14,428,428.0,6.061456918928017,district,10,13,4,1,0
KACD410003152024,SENIOR CIVIL JUDGE AND JMFC HOLALKERE,Karnataka,CS,Civil Suit,2024-02-21,2024-11-08,261,261.0,5.568344503761097,district,2,21,2,0,0
KACD410004352023,SENIOR CIVIL JUDGE AND JMFC HOLALKERE,Karnataka,CS,Civil Suit,2023-04-13,2024-12-14,611,611.0,6.416732282512326,district,4,13,3,1,0
KACD410012942021,SENIOR CIVIL JUDGE AND JMFC HOLALKERE,Karnataka,CS,Civil Suit,2021-07-29,2024-11-07,1197,1197.0,7.088408778675395,district,7,29,3,1,0
KACD410006702023,SENIOR CIVIL JUDGE AND JMFC HOLALKERE,Karnataka,CS,Civil Suit,2023-06-16,2024-09-14,456,456.0,6.124683390894205,district,6,16,4,1,0
KACD410001242024,SENIOR CIVIL JUDGE AND JMFC HOLALKERE,Karnataka,CS,Civil Suit,2024-01-25,2024-09-14,233,233.0,5.455321115357702,district,1,25,3,0,0
KACD420021342023,Prl.Civil Judge and jmfc Holalkere,Karnataka,CS,Civil Suit,2023-12-18,2024-03-16,89,89.0,4.499809670330265,district,12,18,0,1,0
KACD410000352023,SENIOR CIVIL JUDGE AND JMFC HOLALKERE,Karnataka,CS,Civil Suit,2023-01-16,2024-11-07,661,661.0,6.495265555937008,district,1,16,0,1,0
KACD420017282023,Prl.Civil Judge and jmfc Holalkere,Karnataka,CS,Civil Suit,2023-11-04,2024-07-04,243,243.0,5.497168225293202,district,11,4,5,1,0
KACD410014172023,,Karnataka,CS,Civil Suit,2023-09-26,2024-12-14,445,445.0,6.100318952020064,district,9,26,1,1,0
KACD410014162023,,Karnataka,CS,Civil Suit,2023-09-26,2024-01-03,99,99.0,4.605170185988092,district,9,26,1,1,0
KACD410021582022,,Karnataka,CS,Civil Suit,2022-11-14,2024-03-01,473,473.0,6.161207321695077,district,11,14,0,1,0
KACD410014882023,SENIOR CIVIL JUDGE AND JMFC HOLALKERE,Karnataka,CS,Civil Suit,2023-10-10,2024-09-14,340,340.0,5.831882477283517,district,10,10,1,1,0
KACD410014852023,SENIOR CIVIL JUDGE AND JMFC HOLALKERE,Karnataka,CS,Civil Suit,2023-10-10,2024-02-21,134,134.0,4.90527477843843,district,10,10,1,1,0
KACD410014862023,SENIOR CIVIL JUDGE AND JMFC HOLALKERE,Karnataka,CS,Civil Suit,2023-10-10,2024-02-21,134,134.0,4.90527477843843,district,10,10,1,1,0
KACD410007332023,SENIOR CIVIL JUDGE AND JMFC HOLALKERE,Karnataka,CS,Civil Suit,2023-06-28,2024-03-16,262,262.0,5.572154032177765,district,6,28,2,1,0
KACD410000862024,SENIOR CIVIL JUDGE AND JMFC HOLALKERE,Karnataka,CS,Civil Suit,2024-01-22,2024-11-08,291,291.0,5.676753802268282,district,1,22,0,0,0
KACD410004302023,,Karnataka,CS,Civil Suit,2023-04-13,2024-12-14,611,611.0,6.416732282512326,district,4,13,3,1,0
KACD410016642021,,Karnataka,CS,Civil Suit,2021-08-27,2024-01-29,885,885.0,6.786716950605081,district,8,27,4,1,0
KACD410022882022,SENIOR CIVIL JUDGE AND JMFC HOLALKERE,Karnataka,CS,Civil Suit,2022-12-16,2024-11-07,692,692.0,6.541029999189903,district,12,16,4,1,0
KACD410014132023,,Karnataka,CS,Civil Suit,2023-09-26,2024-01-03,99,99.0,4.605170185988092,district,9,26,1,1,0
KACD410006412022,,Karnataka,CS,Civil Suit,2022-03-03,2024-09-14,926,926.0,6.831953565565855,district,3,3,3,1,0
KACD410010352023,,Karnataka,CS,Civil Suit,2023-08-18,2024-11-07,447,447.0,6.104793232414985,district,8,18,4,1,0
KACD410020312022,,Karnataka,CS,Civil Suit,2022-10-14,2024-01-03,446,446.0,6.102558594613569,district,10,14,4,1,0
KACD410001952024,,Karnataka,CS,Civil Suit,2024-02-07,2024-04-20,73,73.0,4.304065093204169,district,2,7,2,0,0
KACD410011802022,,Karnataka,CS,Civil Suit,2022-05-30,2024-03-28,668,668.0,6.505784060128229,district,5,30,0,1,0
KACD410014792023,,Karnataka,CS,Civil Suit,2023-10-09,2024-11-08,396,396.0,5.983936280687191,district,10,9,0,1,0
KACD410014122023,,Karnataka,CS,Civil Suit,2023-09-26,2024-01-03,99,99.0,4.605170185988092,district,9,26,1,1,0
KACD410014192023,,Karnataka,CS,Civil Suit,2023-09-26,2024-01-03,99,99.0,4.605170185988092,district,9,26,1,1,0
KACD410014182023,,Karnataka,CS,Civil Suit,2023-09-26,2024-01-03,99,99.0,4.605170185988092,district,9,26,1,1,0
KACD410021822021,,Karnataka,CS,Civil Suit,2021-11-09,2024-04-19,892,892.0,6.794586580876499,district,11,9,1,1,0
KACD410008462023,,Karnataka,CS,Civil Suit,2023-07-20,2024-09-14,422,422.0,6.0473721790462776,district,7,20,3,1,0
KACD410001792024,,Karnataka,CS,Civil Suit,2024-02-02,2024-04-20,78,78.0,4.3694478524670215,district,2,2,4,0,0
KACD410008342021,SENIOR CIVIL JUDGE AND JMFC HOLALKERE,Karnataka,CS,Civil Suit,2021-04-16,2024-04-19,1099,1099.0,7.003065458786462,district,4,16,4,1,0
KACD410008252024,SENIOR CIVIL JUDGE AND JMFC HOLALKERE,Karnataka,CS,Civil Suit,2024-06-11,2024-07-13,32,32.0,3.4965075614664802,district,6,11,1,0,0
KACD410008282024,SENIOR CIVIL JUDGE AND JMFC HOLALKERE,Karnataka,CS,Civil Suit,2024-06-12,2024-12-14,185,185.0,5.225746673713202,district,6,12,2,0,0
KACD410014542023,SENIOR CIVIL JUDGE AND JMFC HOLALKERE,Karnataka,CS,Civil Suit,2023-10-04,2024-02-20,139,139.0,4.941642422609304,district,10,4,2,1,0
KACD410014562023,SENIOR CIVIL JUDGE AND JMFC HOLALKERE,Karnataka,CS,Civil Suit,2023-10-04,2024-02-20,139,139.0,4.941642422609304,district,10,4,2,1,0
KACD410014912023,SENIOR CIVIL JUDGE AND JMFC HOLALKERE,Karnataka,CS,Civil Suit,2023-10-11,2024-11-11,397,397.0,5.986452005284438,district,10,11,2,1,0
KACD410009062023,SENIOR CIVIL JUDGE AND JMFC HOLALKERE,Karnataka,CS,Civil Suit,2023-08-02,2024-01-05,156,156.0,5.056245805348308,district,8,2,2,1,0
KACD410014302023,SENIOR CIVIL JUDGE AND JMFC HOLALKERE,Karnataka,CS,Civil Suit,2023-09-27,2024-11-07,407,407.0,6.0112671744041615,district,9,27,2,1,0
KACD410001822024,SENIOR CIVIL JUDGE AND JMFC HOLALKERE,Karnataka,CS,Civil Suit,2024-02-03,2024-11-08,279,279.0,5.634789603169249,district,2,3,5,0,0
KACD410009322023,SENIOR CIVIL JUDGE AND JMFC HOLALKERE,Karnataka,CS,Civil Suit,2023-08-05,2024-07-13,343,343.0,5.840641657373398,district,8,5,5,1,0
KACD410005702024,SENIOR CIVIL JUDGE AND JMFC HOLALKERE,Karnataka,CS,Civil Suit,2024-04-03,2024-11-08,219,219.0,5.393627546352361,district,4,3,2,0,0
KACD410014032023,SENIOR CIVIL JUDGE AND JMFC HOLALKERE,Karnataka,CS,Civil Suit,2023-09-25,2024-01-04,101,101.0,4.624972813284271,district,9,25,0,1,0
KACD410014042023,SENIOR CIVIL JUDGE AND JMFC HOLALKERE,Karnataka,CS,Civil Suit,2023-09-25,2024-11-07,409,409.0,6.016157159698354,district,9,25,0,1,0
KACD410014412023,SENIOR CIVIL JUDGE AND JMFC HOLALKERE,Karnataka,CS,Civil Suit,2023-09-29,2024-03-16,169,169.0,5.135798437050262,district,9,29,4,1,0
TNNS140017362024,"Chief Judicial Magistrate, The Nilgiris",Tamil Nadu,CS,Civil Suit,2024-02-19,2024-03-04,14,14.0,2.70805020110221,district,2,19,0,0,0
TNTP190007512024,"District Munsif cum Judicial Magistrate, Srirangam",Tamil Nadu,CS,Civil Suit,2024-02-15,2024-03-12,26,26.0,3.295836866004329,district,2,15,3,0,0
TNTH070081052024,"Judicial Magistrate Court,Uthamapalayam",Tamil Nadu,CS,Civil Suit,2024-10-21,2024-10-23,2,2.0,1.0986122886681096,district,10,21,0,0,0
TNTH070081042024,"Judicial Magistrate Court,Uthamapalayam",Tamil Nadu,CS,Civil Suit,2024-10-21,2024-10-23,2,2.0,1.0986122886681096,district,10,21,0,0,0
TNKK0E0100722024,"Judicial Magistrate Courts, Kuzhithurai",Tamil Nadu,CS,Civil Suit,2024-07-24,2024-09-12,50,50.0,3.9318256327243257,district,7,24,2,0,0
TNKK0E0100712024,"Judicial Magistrate Courts, Kuzhithurai",Tamil Nadu,CS,Civil Suit,2024-07-24,2024-10-08,76,76.0,4.343805421853684,district,7,24,2,0,0
TNKK0E0100612024,"Judicial Magistrate Courts, Kuzhithurai",Tamil Nadu,CS,Civil Suit,2024-07-24,2024-07-26,2,2.0,1.0986122886681096,district,7,24,2,0,0
TNVR150011332024,"Judicial Magistrate Court, Aruppukottai",Tamil Nadu,CS,Civil Suit,2024-08-05,2024-11-18,105,105.0,4.663439094112067,district,8,5,0,0,0
TNVR150011342024,"Judicial Magistrate Court, Aruppukottai",Tamil Nadu,CS,Civil Suit,2024-08-05,2024-09-18,44,44.0,3.8066624897703196,district,8,5,0,0,0
TNVR150011372024,"Judicial Magistrate Court, Aruppukottai",Tamil Nadu,CS,Civil Suit,2024-08-05,2024-09-27,53,53.0,3.9889840465642745,district,8,5,0,0,0
TNVR150011402024,"Judicial Magistrate Court, Aruppukottai",Tamil Nadu,CS,Civil Suit,2024-08-05,2024-09-18,44,44.0,3.8066624897703196,district,8,5,0,0,0
TNVR150011392024,"Judicial Magistrate Court, Aruppukottai",Tamil Nadu,CS,Civil Suit,2024-08-05,2024-10-04,60,60.0,4.110873864173311,district,8,5,0,0,0
TNVR150011302024,"Judicial Magistrate Court, Aruppukottai",Tamil Nadu,CS,Civil Suit,2024-08-05,2024-12-13,130,130.0,4.875197323201151,district,8,5,0,0,0
TNVR150011432024,"Judicial Magistrate Court, Aruppukottai",Tamil Nadu,CS,Civil Suit,2024-08-05,2024-09-19,45,45.0,3.828641396489095,district,8,5,0,0,0
TNSV070029842024,"Judicial Magistrate Court, Devakottai",Tamil Nadu,CS,Civil Suit,2024-06-13,2024-06-15,2,2.0,1.0986122886681096,district,6,13,3,0,0
TNKK020021442024,"CJM and JM Courts, Nagercoil",Tamil Nadu,CS,Civil Suit,2024-02-16,2024-04-04,48,48.0,3.8918202981106265,district,2,16,4,0,0
TNKK020021452024,"CJM and JM Courts, Nagercoil",Tamil Nadu,CS,Civil Suit,2024-02-16,2024-04-04,48,48.0,3.8918202981106265,district,2,16,4,0,0
TNKK020021492024,"CJM and JM Courts, Nagercoil",Tamil Nadu,CS,Civil Suit,2024-02-16,2024-04-04,48,48.0,3.8918202981106265,district,2,16,4,0,0
TNSV1C0035662024,"Judicial Magistrate Court , Manamadurai",Tamil Nadu,CS,Civil Suit,2024-08-03,2024-11-15,104,104.0,4.653960350157523,district,8,3,5,0,0
TNSV1C0035682024,"Judicial Magistrate Court , Manamadurai",Tamil Nadu,CS,Civil Suit,2024-08-03,2024-10-04,62,62.0,4.143134726391533,district,8,3,5,0,0
TNVR0B0037822024,Judicial Magistrate Court Virudhunagar,Tamil Nadu,CS,Civil Suit,2024-04-01,2024-04-12,11,11.0,2.4849066497880004,district,4,1,0,0,0
TNPD130007132023,"Special Court for Trial of SC/ST (POA) Acts Cases, Pudukkottai",Tamil Nadu,CS,Civil Suit,2023-11-17,2024-02-16,91,91.0,4.5217885770490405,district,11,17,4,1,0
TNED1C0007102024,"Judicial Magistrate No.2, Bhavani",Tamil Nadu,CS,Civil Suit,2024-02-20,2024-03-06,15,15.0,2.772588722239781,district,2,20,1,0,0
TNED1C0011062024,"Judicial Magistrate No.2, Bhavani",Tamil Nadu,CS,Civil Suit,2024-03-11,2024-08-19,161,161.0,5.087596335232384,district,3,11,0,0,0
TNED1C0033982024,"Judicial Magistrate No.2, Bhavani",Tamil Nadu,CS,Civil Suit,2024-11-25,2024-11-26,1,1.0,0.6931471805599453,district,11,25,0,0,0
TNED1C0034082024,"Judicial Magistrate No.2, Bhavani",Tamil Nadu,CS,Civil Suit,2024-11-26,2024-12-03,7,7.0,2.0794415416798357,district,11,26,1,0,0
TNKK180027992024,"Judicial Magistrate Court, Eraniel",Tamil Nadu,CS,Civil Suit,2024-07-09,2024-12-19,163,163.0,5.099866427824199,district,7,9,1,0,0
TNNS140014162024,"Chief Judicial Magistrate, The Nilgiris",Tamil Nadu,CS,Civil Suit,2024-04-17,2024-05-03,16,16.0,2.833213344056216,district,4,17,2,0,0
TNNS140014152024,"Chief Judicial Magistrate, The Nilgiris",Tamil Nadu,CS,Civil Suit,2024-04-17,2024-05-03,16,16.0,2.833213344056216,district,4,17,2,0,0
TNRP0D0020282024,"District Munsif cum Judicial Magistrate-I Court, Walajapet",Tamil Nadu,CS,Civil Suit,2024-07-19,2024-12-14,148,148.0,5.003946305945459,district,7,19,4,0,0
TNRP0D0020272024,"District Munsif cum Judicial Magistrate-I Court, Walajapet",Tamil Nadu,CS,Civil Suit,2024-07-19,2024-12-12,146,146.0,4.990432586778736,district,7,19,4,0,0
TNRP0D0038562024,"District Munsif cum Judicial Magistrate-I Court, Walajapet",Tamil Nadu,CS,Civil Suit,2024-10-22,2024-12-09,48,48.0,3.8918202981106265,district,10,22,1,0,0
TNRP0D0038672024,"District Munsif cum Judicial Magistrate-I Court, Walajapet",Tamil Nadu,CS,Civil Suit,2024-10-23,2024-12-06,44,44.0,3.8066624897703196,district,10,23,2,0,0
TNRP0D0038962024,"District Munsif cum Judicial Magistrate-I Court, Walajapet",Tamil Nadu,CS,Civil Suit,2024-10-25,2024-12-03,39,39.0,3.6888794541139363,district,10,25,4,0,0
TNRP0D0039012024,"District Munsif cum Judicial Magistrate-I Court, Walajapet",Tamil Nadu,CS,Civil Suit,2024-10-25,2024-12-03,39,39.0,3.6888794541139363,district,10,25,4,0,0
TNED130005062024,"District Munsif-Cum-Judicial Magistrate,Kodumudi",Tamil Nadu,CS,Civil Suit,2024-02-15,2024-08-13,180,180.0,5.198497031265826,district,2,15,3,0,0
TNED130004992024,"District Munsif-Cum-Judicial Magistrate,Kodumudi",Tamil Nadu,CS,Civil Suit,2024-02-15,2024-02-21,6,6.0,1.9459101490553132,district,2,15,3,0,0
TNED130005012024,"District Munsif-Cum-Judicial Magistrate,Kodumudi",Tamil Nadu,CS,Civil Suit,2024-02-15,2024-02-21,6,6.0,1.9459101490553132,district,2,15,3,0,0
TNED130005032024,"District Munsif-Cum-Judicial Magistrate,Kodumudi",Tamil Nadu,CS,Civil Suit,2024-02-15,2024-03-07,21,21.0,3.091042453358316,district,2,15,3,0,0
TNED130005042024,"District Munsif-Cum-Judicial Magistrate,Kodumudi",Tamil Nadu,CS,Civil Suit,2024-02-15,2024-05-08,83,83.0,4.430816798843313,district,2,15,3,0,0
TNED130005072024,"District Munsif-Cum-Judicial Magistrate,Kodumudi",Tamil Nadu,CS,Civil Suit,2024-02-15,2024-03-07,21,21.0,3.091042453358316,district,2,15,3,0,0
TNED130005082024,"District Munsif-Cum-Judicial Magistrate,Kodumudi",Tamil Nadu,CS,Civil Suit,2024-02-15,2024-08-13,180,180.0,5.198497031265826,district,2,15,3,0,0
TNED130005092024,"District Munsif-Cum-Judicial Magistrate,Kodumudi",Tamil Nadu,CS,Civil Suit,2024-02-15,2024-02-21,6,6.0,1.9459101490553132,district,2,15,3,0,0
TNED130005112024,"District Munsif-Cum-Judicial Magistrate,Kodumudi",Tamil Nadu,CS,Civil Suit,2024-02-15,2024-05-08,83,83.0,4.430816798843313,district,2,15,3,0,0
TNED130005102024,"District Munsif-Cum-Judicial Magistrate,Kodumudi",Tamil Nadu,CS,Civil Suit,2024-02-15,2024-05-08,83,83.0,4.430816798843313,district,2,15,3,0,0
TNCD060077882024,"Chief Judicial Magistrate Court,Cuddalore",Tamil Nadu,CS,Civil Suit,2024-06-10,2024-07-06,26,26.0,3.295836866004329,district,6,10,0,0,0
TNCD060077902024,"Chief Judicial Magistrate Court,Cuddalore",Tamil Nadu,CS,Civil Suit,2024-06-10,2024-08-13,64,64.0,4.174387269895637,district,6,10,0,0,0
TNCD060077872024,"Chief Judicial Magistrate Court,Cuddalore",Tamil Nadu,CS,Civil Suit,2024-06-10,2024-07-06,26,26.0,3.295836866004329,district,6,10,0,0,0
TNCD060077832024,"Chief Judicial Magistrate Court,Cuddalore",Tamil Nadu,CS,Civil Suit,2024-06-10,2024-07-24,44,44.0,3.8066624897703196,district,6,10,0,0,0
TNVR200009712024,"District Munsif Cum Judicial Magistrate Court, Thiruchuli",Tamil Nadu,CS,Civil Suit,2024-07-12,2024-08-20,39,39.0,3.6888794541139363,district,7,12,4,0,0
TNVR200009902024,"District Munsif Cum Judicial Magistrate Court, Thiruchuli",Tamil Nadu,CS,Civil Suit,2024-07-17,2024-08-23,37,37.0,3.6375861597263857,district,7,17,2,0,0
TNVR200010022024,"District Munsif Cum Judicial Magistrate Court, Thiruchuli",Tamil Nadu,CS,Civil Suit,2024-07-17,2024-07-22,5,5.0,1.791759469228055,district,7,17,2,0,0
TNVR200009992024,"District Munsif Cum Judicial Magistrate Court, Thiruchuli",Tamil Nadu,CS,Civil Suit,2024-07-17,2024-07-22,5,5.0,1.791759469228055,district,7,17,2,0,0
TNKK090051512024,"Judicial Magistrate Court, Padmanabhapuram",Tamil Nadu,CS,Civil Suit,2024-08-14,2024-10-17,64,64.0,4.174387269895637,district,8,14,2,0,0
TNKK090051612024,"Judicial Magistrate Court, Padmanabhapuram",Tamil Nadu,CS,Civil Suit,2024-08-14,2024-10-17,64,64.0,4.174387269895637,district,8,14,2,0,0
TNKK090051622024,"Judicial Magistrate Court, Padmanabhapuram",Tamil Nadu,CS,Civil Suit,2024-08-14,2024-10-17,64,64.0,4.174387269895637,district,8,14,2,0,0
TNKK090051602024,"Judicial Magistrate Court, Padmanabhapuram",Tamil Nadu,CS,Civil Suit,2024-08-14,2024-10-17,64,64.0,4.174387269895637,district,8,14,2,0,0
TNKK090051522024,"Judicial Magistrate Court, Padmanabhapuram",Tamil Nadu,CS,Civil Suit,2024-08-14,2024-10-17,64,64.0,4.174387269895637,district,8,14,2,0,0
TNKK090051582024,"Judicial Magistrate Court, Padmanabhapuram",Tamil Nadu,CS,Civil Suit,2024-08-14,2024-10-17,64,64.0,4.174387269895637,district,8,14,2,0,0
TNKK090051502024,"Judicial Magistrate Court, Padmanabhapuram",Tamil Nadu,CS,Civil Suit,2024-08-14,2024-10-17,64,64.0,4.174387269895637,district,8,14,2,0,0
TNED120008092024,"Judicial Magistrate, Perundurai",Tamil Nadu,CS,Civil Suit,2024-02-06,2024-03-21,44,44.0,3.8066624897703196,district,2,6,1,0,0
WBCS020346072024,"MM Court,Kolkata",West Bengal,CS,Civil Suit,2024-02-27,2024-08-14,169,169.0,5.135798437050262,district,2,27,1,0,0
WBCS020346112024,"MM Court,Kolkata",West Bengal,CS,Civil Suit,2024-02-26,2024-07-18,143,143.0,4.969813299576001,district,2,26,0,0,0
WBML030005722018,"Civil Judge Senior Division, Malda",West Bengal,CS,Civil Suit,2018-11-28,2024-05-18,1998,1998.0,7.6004023345004,district,11,28,2,1,1
WBML030005732023,"Civil Judge Senior Division, Malda",West Bengal,CS,Civil Suit,2023-10-05,2024-09-25,356,356.0,5.877735781779639,district,10,5,3,1,0
WBML030005722017,"Civil Judge Senior Division, Malda",West Bengal,CS,Civil Suit,2017-08-04,2024-06-06,2498,2498.0,7.823645930834952,district,8,4,4,1,1
WBMD110000092024,Civil Judge Junior Division,West Bengal,CS,Civil Suit,2024-01-09,2024-03-05,56,56.0,4.04305126783455,district,1,9,1,0,0
WBCS020286692024,"MM Court,Kolkata",West Bengal,CS,Civil Suit,2024-02-17,2024-12-19,306,306.0,5.726847747587197,district,2,17,5,0,0
WBCS020286682024,"MM Court,Kolkata",West Bengal,CS,Civil Suit,2024-02-19,2024-09-02,196,196.0,5.2832037287379885,district,2,19,0,0,0
WBND030000682023,Civil Judge Senior Division,West Bengal,CS,Civil Suit,2023-01-31,2024-01-09,343,343.0,5.840641657373398,district,1,31,1,1,0
WBCHCO0010482021,Calcutta HC (Original Civil),West Bengal,CS,Civil Suit,2021-04-26,2024-10-05,1258,1258.0,7.138073034044347,hc,4,26,0,1,0
WBCHCO0030872013,Calcutta HC (Original Civil),West Bengal,CS,Civil Suit,2013-06-26,2024-06-21,4013,4013.0,8.297543529356284,hc,6,26,2,1,1
WBCS020288022024,"MM Court,Kolkata",West Bengal,CS,Civil Suit,2024-02-20,2024-12-19,303,303.0,5.717027701406222,district,2,20,1,0,0
WBCS020308632024,"MM Court,Kolkata",West Bengal,CS,Civil Suit,2024-02-22,2024-07-30,159,159.0,5.075173815233827,district,2,22,3,0,0
WBBK030001282019,Civil Judge Sr Division,West Bengal,CS,Civil Suit,2019-06-01,2024-08-30,1917,1917.0,7.559038255443384,district,6,1,5,1,1
WBML030005312022,"Civil Judge Senior Division, Malda",West Bengal,CS,Civil Suit,2022-11-11,2024-07-03,600,600.0,6.398594934535208,district,11,11,4,1,0
WBCS020268582024,"MM Court,Kolkata",West Bengal,CS,Civil Suit,2024-02-16,2024-09-19,216,216.0,5.37989735354046,district,2,16,4,0,0
WBCS020276462024,"MM Court,Kolkata",West Bengal,CS,Civil Suit,2024-02-15,2024-11-22,281,281.0,5.641907070938114,district,2,15,3,0,0
WBCS020302022024,"MM Court,Kolkata",West Bengal,CS,Civil Suit,2024-02-21,2024-06-27,127,127.0,4.852030263919617,district,2,21,2,0,0
WBCS020302032024,"MM Court,Kolkata",West Bengal,CS,Civil Suit,2024-02-21,2024-03-21,29,29.0,3.4011973816621555,district,2,21,2,0,0
WBCS020276442024,"MM Court,Kolkata",West Bengal,CS,Civil Suit,2024-02-16,2024-08-05,171,171.0,5.147494476813453,district,2,16,4,0,0
WBCS020314842024,"MM Court,Kolkata",West Bengal,CS,Civil Suit,2024-02-22,2024-09-19,210,210.0,5.351858133476067,district,2,22,3,0,0
WBCS020338052024,"MM Court,Kolkata",West Bengal,CS,Civil Suit,2024-02-26,2024-08-07,163,163.0,5.099866427824199,district,2,26,0,0,0
WBCS020338082024,"MM Court,Kolkata",West Bengal,CS,Civil Suit,2024-02-26,2024-12-18,296,296.0,5.6937321388027,district,2,26,0,0,0
WBCS020338062024,"MM Court,Kolkata",West Bengal,CS,Civil Suit,2024-02-26,2024-06-19,114,114.0,4.74493212836325,district,2,26,0,0,0
WBCS020338072024,"MM Court,Kolkata",West Bengal,CS,Civil Suit,2024-02-26,2024-10-05,222,222.0,5.407171771460119,district,2,26,0,0,0
WBCS020338092024,"MM Court,Kolkata",West Bengal,CS,Civil Suit,2024-02-26,2024-07-05,130,130.0,4.875197323201151,district,2,26,0,0,0
WBCS020301982024,"MM Court,Kolkata",West Bengal,CS,Civil Suit,2024-02-21,2024-06-29,129,129.0,4.867534450455582,district,2,21,2,0,0
WBCS020338112024,"MM Court,Kolkata",West Bengal,CS,Civil Suit,2024-02-26,2024-05-09,73,73.0,4.304065093204169,district,2,26,0,0,0
WBCS020392852024,"MM Court,Kolkata",West Bengal,CS,Civil Suit,2024-03-02,2024-07-16,136,136.0,4.919980925828125,district,3,2,5,0,0
WBCS020405042024,"MM Court,Kolkata",West Bengal,CS,Civil Suit,2024-03-08,2024-09-23,199,199.0,5.298317366548036,district,3,8,4,0,0
WBCS020405062024,"MM Court,Kolkata",West Bengal,CS,Civil Suit,2024-03-08,2024-11-13,250,250.0,5.5254529391317835,district,3,8,4,0,0
WBCS020392892024,"MM Court,Kolkata",West Bengal,CS,Civil Suit,2024-03-02,2024-05-04,63,63.0,4.1588830833596715,district,3,2,5,0,0
WBCS020405082024,"MM Court,Kolkata",West Bengal,CS,Civil Suit,2024-03-08,2024-09-23,199,199.0,5.298317366548036,district,3,8,4,0,0
WBCHCO0022492023,Calcutta HC (Original Civil),West Bengal,CS,Civil Suit,2023-04-19,2024-09-27,527,527.0,6.269096283706261,hc,4,19,2,1,0
WBND100001782023,Civil Judge Jr. Div,West Bengal,CS,Civil Suit,2023-06-05,2024-06-05,366,366.0,5.905361848054571,district,6,5,0,1,0
WBCS020305602024,"MM Court,Kolkata",West Bengal,CS,Civil Suit,2024-02-21,2024-04-30,69,69.0,4.248495242049359,district,2,21,2,0,0
WBCS020289402024,"MM Court,Kolkata",West Bengal,CS,Civil Suit,2024-03-02,2024-12-24,297,297.0,5.697093486505405,district,3,2,5,0,0
WBCS020297612024,"MM Court,Kolkata",West Bengal,CS,Civil Suit,2024-03-04,2024-08-14,163,163.0,5.099866427824199,district,3,4,0,0,0
WBCS020322112024,"MM Court,Kolkata",West Bengal,CS,Civil Suit,2024-02-23,2024-12-04,285,285.0,5.655991810819852,district,2,23,4,0,0
WBCS020339822024,"MM Court,Kolkata",West Bengal,CS,Civil Suit,2024-02-26,2024-06-07,102,102.0,4.634728988229636,district,2,26,0,0,0
WBCS020339782024,"MM Court,Kolkata",West Bengal,CS,Civil Suit,2024-02-26,2024-07-05,130,130.0,4.875197323201151,district,2,26,0,0,0
WBCS020388632024,"MM Court,Kolkata",West Bengal,CS,Civil Suit,2024-03-02,2024-07-16,136,136.0,4.919980925828125,district,3,2,5,0,0
WBCHCO0006972021,Calcutta HC (Original Civil),West Bengal,CS,Civil Suit,2021-03-15,2024-11-11,1337,1337.0,7.198931240688173,hc,3,15,0,1,0
WBCHCO0004562022,Calcutta HC (Original Civil),West Bengal,CS,Civil Suit,2022-01-14,2024-01-30,746,746.0,6.616065185132817,hc,1,14,4,1,0
WBCS020268782024,"MM Court,Kolkata",West Bengal,CS,Civil Suit,2024-02-16,2024-09-21,218,218.0,5.389071729816501,district,2,16,4,0,0
WBCS020342812024,"MM Court,Kolkata",West Bengal,CS,Civil Suit,2024-02-27,2024-09-25,211,211.0,5.356586274672012,district,2,27,1,0,0
WBCS020342842024,"MM Court,Kolkata",West Bengal,CS,Civil Suit,2024-02-26,2024-12-18,296,296.0,5.6937321388027,district,2,26,0,0,0
WBCS020342822024,"MM Court,Kolkata",West Bengal,CS,Civil Suit,2024-02-26,2024-06-14,109,109.0,4.700480365792417,district,2,26,0,0,0
WBDJ110002082024,Civil Judge (Sr. Div),West Bengal,CS,Civil Suit,2024-05-15,2024-11-14,183,183.0,5.214935757608986,district,5,15,2,0,0
WBNP030003302016,Barasat Civil Judge Sr. Div,West Bengal,CS,Civil Suit,2016-02-29,2024-07-30,3074,3074.0,8.031060180240619,district,2,29,0,1,1
WBNP030000482010,Barasat Civil Judge Sr. Div,West Bengal,CS,Civil Suit,2010-11-26,2024-05-31,4935,4935.0,8.504310565585223,district,11,26,4,1,1
WBCB060000102021,"Civil Judge (Sr. Divn.) , Dinhata",West Bengal,CS,Civil Suit,2021-03-01,2024-12-13,1383,1383.0,7.232733136177615,district,3,1,0,1,0
WBCB060000122023,"Civil Judge (Sr. Divn.) , Dinhata",West Bengal,CS,Civil Suit,2023-01-11,2024-06-11,517,517.0,6.249975242259483,district,1,11,2,1,0
WBCB060000112023,"Civil Judge (Sr. Divn.) , Dinhata",West Bengal,CS,Civil Suit,2023-01-11,2024-06-03,509,509.0,6.234410725718371,district,1,11,2,1,0
WBCB060000092023,"Civil Judge (Sr. Divn.) , Dinhata",West Bengal,CS,Civil Suit,2023-01-10,2024-05-18,494,494.0,6.20455776256869,district,1,10,1,1,0
WBCB060000102023,"Civil Judge (Sr. Divn.) , Dinhata",West Bengal,CS,Civil Suit,2023-01-10,2024-06-03,510,510.0,6.236369590203704,district,1,10,1,1,0
WBCB060000082023,"Civil Judge (Sr. Divn.) , Dinhata",West Bengal,CS,Civil Suit,2023-01-10,2024-02-23,409,409.0,6.016157159698354,district,1,10,1,1,0
WBCS020405362024,"MM Court,Kolkata",West Bengal,CS,Civil Suit,2024-03-06,2024-12-12,281,281.0,5.641907070938114,district,3,6,2,0,0
WBCS020405422024,"MM Court,Kolkata",West Bengal,CS,Civil Suit,2024-03-06,2024-12-18,287,287.0,5.662960480135946,district,3,6,2,0,0
WBCS020282342024,"MM Court,Kolkata",West Bengal,CS,Civil Suit,2024-02-17,2024-06-04,108,108.0,4.6913478822291435,district,2,17,5,0,0
WBCS020348042024,"MM Court,Kolkata",West Bengal,CS,Civil Suit,2024-02-28,2024-05-06,68,68.0,4.23410650459726,district,2,28,2,0,0
WBCS020366252024,"MM Court,Kolkata",West Bengal,CS,Civil Suit,2024-02-29,2024-07-04,126,126.0,4.844187086458591,district,2,29,3,0,0
WBCS020405392024,"MM Court,Kolkata",West Bengal,CS,Civil Suit,2024-03-06,2024-12-12,281,281.0,5.641907070938114,district,3,6,2,0,0
WBCS020268752024,"MM Court,Kolkata",West Bengal,CS,Civil Suit,2024-02-16,2024-09-19,216,216.0,5.37989735354046,district,2,16,4,0,0
WBCS020371662024,"MM Court,Kolkata",West Bengal,CS,Civil Suit,2024-03-01,2024-07-06,127,127.0,4.852030263919617,district,3,1,4,0,0
WBCS020157052024,"MM Court,Kolkata",West Bengal,CS,Civil Suit,2024-01-25,2024-02-22,28,28.0,3.367295829986474,district,1,25,3,0,0
WBCS020157062024,"MM Court,Kolkata",West Bengal,CS,Civil Suit,2024-01-25,2024-09-17,236,236.0,5.4680601411351315,district,1,25,3,0,0
WBCS020157082024,"MM Court,Kolkata",West Bengal,CS,Civil Suit,2024-01-25,2024-03-21,56,56.0,4.04305126783455,district,1,25,3,0,0
WBCS020163832024,"MM Court,Kolkata",West Bengal,CS,Civil Suit,2024-01-29,2024-04-09,71,71.0,4.276666119016055,district,1,29,0,0,0
WBCHCO0030912023,Calcutta HC (Original Civil),West Bengal,CS,Civil Suit,2023-05-20,2024-08-09,447,447.0,6.104793232414985,hc,5,20,5,1,0
WBCS020163912024,"MM Court,Kolkata",West Bengal,CS,Civil Suit,2024-01-29,2024-03-15,46,46.0,3.8501476017100584,district,1,29,0,0,0
WBCS020163952024,"MM Court,Kolkata",West Bengal,CS,Civil Suit,2024-01-29,2024-12-05,311,311.0,5.7430031878094825,district,1,29,0,0,0
WBCS020169902024,"MM Court,Kolkata",West Bengal,CS,Civil Suit,2024-01-30,2024-11-25,300,300.0,5.707110264748875,district,1,30,1,0,0
WBCS020256092024,"MM Court,Kolkata",West Bengal,CS,Civil Suit,2024-02-12,2024-09-26,227,227.0,5.429345628954441,district,2,12,0,0,0
WBCHCO0017602019,Calcutta HC (Original Civil),West Bengal,CS,Civil Suit,2019-07-10,2024-12-10,1980,1980.0,7.591357046698551,hc,7,10,2,1,1
WBCS020066052024,"MM Court,Kolkata",West Bengal,CS,Civil Suit,2024-01-15,2024-02-09,25,25.0,3.258096538021482,district,1,15,0,0,0
WBCS020066082024,"MM Court,Kolkata",West Bengal,CS,Civil Suit,2024-01-15,2024-11-18,308,308.0,5.733341276897746,district,1,15,0,0,0
WBCS020121792024,"MM Court,Kolkata",West Bengal,CS,Civil Suit,2024-01-20,2024-06-07,139,139.0,4.941642422609304,district,1,20,5,0,0
WBCS020254562024,"MM Court,Kolkata",West Bengal,CS,Civil Suit,2024-02-12,2024-09-26,227,227.0,5.429345628954441,district,2,12,0,0,0
WBND0F0000082023,Civil Judge Sr. Div,West Bengal,CS,Civil Suit,2023-01-20,2024-04-30,466,466.0,6.1463292576688975,district,1,20,4,1,0
WBCS020236312024,"MM Court,Kolkata",West Bengal,CS,Civil Suit,2024-02-06,2024-12-19,317,317.0,5.762051382780177,district,2,6,1,0,0
WBCS020248162024,"MM Court,Kolkata",West Bengal,CS,Civil Suit,2024-02-12,2024-04-01,49,49.0,3.912023005428146,district,2,12,0,0,0
WBCS020071472024,"MM Court,Kolkata",West Bengal,CS,Civil Suit,2024-02-01,2024-07-09,159,159.0,5.075173815233827,district,2,1,3,0,0
WBCS020071482024,"MM Court,Kolkata",West Bengal,CS,Civil Suit,2024-01-15,2024-10-30,289,289.0,5.66988092298052,district,1,15,0,0,0
WBCS020071532024,"MM Court,Kolkata",West Bengal,CS,Civil Suit,2024-02-01,2024-09-26,238,238.0,5.476463551931511,district,2,1,3,0,0
WBCS020090632024,"MM Court,Kolkata",West Bengal,CS,Civil Suit,2024-01-17,2024-07-30,195,195.0,5.278114659230518,district,1,17,2,0,0
WBCS020090652024,"MM Court,Kolkata",West Bengal,CS,Civil Suit,2024-01-16,2024-02-17,32,32.0,3.4965075614664802,district,1,16,1,0,0
WBCS020083892024,"MM Court,Kolkata",West Bengal,CS,Civil Suit,2024-01-16,2024-10-22,280,280.0,5.638354669333745,district,1,16,1,0,0
WBCS020090622024,"MM Court,Kolkata",West Bengal,CS,Civil Suit,2024-01-16,2024-02-17,32,32.0,3.4965075614664802,district,1,16,1,0,0
WBCS020090712024,"MM Court,Kolkata",West Bengal,CS,Civil Suit,2024-01-16,2024-02-17,32,32.0,3.4965075614664802,district,1,16,1,0,0
WBCS020161802024,"MM Court,Kolkata",West Bengal,CS,Civil Suit,2024-01-25,2024-09-17,236,236.0,5.4680601411351315,district,1,25,3,0,0
WBCS020101832024,"MM Court,Kolkata",West Bengal,CS,Civil Suit,2024-02-05,2024-05-14,99,99.0,4.605170185988092,district,2,5,0,0,0
WBCS020210972024,"MM Court,Kolkata",West Bengal,CS,Civil Suit,2024-02-06,2024-06-27,142,142.0,4.962844630259907,district,2,6,1,0,0
WBCS020101912024,"MM Court,Kolkata",West Bengal,CS,Civil Suit,2024-01-18,2024-03-27,69,69.0,4.248495242049359,district,1,18,3,0,0
WBCS020236272024,"MM Court,Kolkata",West Bengal,CS,Civil Suit,2024-02-06,2024-07-04,149,149.0,5.0106352940962555,district,2,6,1,0,0
WBCS020236282024,"MM Court,Kolkata",West Bengal,CS,Civil Suit,2024-02-06,2024-12-19,317,317.0,5.762051382780177,district,2,6,1,0,0
WBCS020236302024,"MM Court,Kolkata",West Bengal,CS,Civil Suit,2024-02-06,2024-12-19,317,317.0,5.762051382780177,district,2,6,1,0,0
WBCS020210962024,"MM Court,Kolkata",West Bengal,CS,Civil Suit,2024-02-05,2024-07-22,168,168.0,5.1298987149230735,district,2,5,0,0,0
WBCS020248242024,"MM Court,Kolkata",West Bengal,CS,Civil Suit,2024-02-12,2024-09-05,206,206.0,5.332718793265369,district,2,12,0,0,0
WBCS020211052024,"MM Court,Kolkata",West Bengal,CS,Civil Suit,2024-02-06,2024-10-28,265,265.0,5.583496308781699,district,2,6,1,0,0
GJDH050008442019,jhalod_taluka Court,Gujarat,CS,Civil Suit,2019-07-05,2024-10-15,1929,1929.0,7.5652752818989315,district,7,5,4,1,1
GJSK030013122016,"PRINCIPAL SENIOR CIVIL COURT, PRANTIJ",Gujarat,CS,Civil Suit,2016-10-27,2024-08-06,2840,2840.0,7.951911381854188,district,10,27,3,1,1
GJGS060016552020,kodinar_taluka Court,Gujarat,CS,Civil Suit,2020-09-17,2024-03-14,1274,1274.0,7.150701457592526,district,9,17,3,1,0
GJGS060016552020,kodinar_taluka Court,Gujarat,CS,Civil Suit,2020-09-17,2024-03-14,1274,1274.0,7.150701457592526,district,9,17,3,1,0
GJGS060035852019,kodinar_taluka Court,Gujarat,CS,Civil Suit,2019-07-26,2024-07-31,1832,1832.0,7.513709247839705,district,7,26,4,1,1
GJGS060029922023,kodinar_taluka Court,Gujarat,CS,Civil Suit,2023-10-12,2024-05-03,204,204.0,5.3230099791384085,district,10,12,3,1,0
GJGS060020342023,kodinar_taluka Court,Gujarat,CS,Civil Suit,2023-08-08,2024-04-30,266,266.0,5.58724865840025,district,8,8,1,1,0
GJGS060020382024,kodinar_taluka Court,Gujarat,CS,Civil Suit,2016-07-12,2024-12-06,3069,3069.0,8.029432840581244,district,7,12,1,1,1
GJGS060016632020,kodinar_taluka Court,Gujarat,CS,Civil Suit,2020-09-17,2024-01-31,1231,1231.0,7.116394144093465,district,9,17,3,1,0
GJGS060016632020,kodinar_taluka Court,Gujarat,CS,Civil Suit,2020-09-17,2024-01-31,1231,1231.0,7.116394144093465,district,9,17,3,1,0
GJGS060016632016,kodinar_taluka Court,Gujarat,CS,Civil Suit,2016-10-18,2024-01-08,2638,2638.0,7.878155336503324,district,10,18,1,1,1
GJGS060016622020,kodinar_taluka Court,Gujarat,CS,Civil Suit,2020-09-17,2024-04-08,1299,1299.0,7.170119543449628,district,9,17,3,1,0
GJGS060016622020,kodinar_taluka Court,Gujarat,CS,Civil Suit,2020-09-17,2024-04-08,1299,1299.0,7.170119543449628,district,9,17,3,1,0
GJGS060025122023,kodinar_taluka Court,Gujarat,CS,Civil Suit,2023-09-15,2024-07-29,318,318.0,5.765191102784844,district,9,15,4,1,0
GJGS060025132022,kodinar_taluka Court,Gujarat,CS,Civil Suit,2022-09-28,2024-02-09,499,499.0,6.214608098422191,district,9,28,2,1,0
GJGS060020412023,kodinar_taluka Court,Gujarat,CS,Civil Suit,2023-08-08,2024-07-30,357,357.0,5.8805329864007,district,8,8,1,1,0
GJGS060020382021,kodinar_taluka Court,Gujarat,CS,Civil Suit,2021-06-23,2024-04-25,1037,1037.0,6.945051063725834,district,6,23,2,1,0
GJGS060025112023,kodinar_taluka Court,Gujarat,CS,Civil Suit,2023-09-15,2024-09-14,365,365.0,5.902633333401366,district,9,15,4,1,0
GJGS060025172023,kodinar_taluka Court,Gujarat,CS,Civil Suit,2023-09-15,2024-09-21,372,372.0,5.921578419643816,district,9,15,4,1,0
GJGS060029902023,kodinar_taluka Court,Gujarat,CS,Civil Suit,2023-10-12,2024-10-14,368,368.0,5.910796644040527,district,10,12,3,1,0
GJGS060029882023,kodinar_taluka Court,Gujarat,CS,Civil Suit,2023-10-12,2024-04-12,183,183.0,5.214935757608986,district,10,12,3,1,0
GJGS060029912023,kodinar_taluka Court,Gujarat,CS,Civil Suit,2023-10-12,2024-08-13,306,306.0,5.726847747587197,district,10,12,3,1,0
GJGS060029882021,kodinar_taluka Court,Gujarat,CS,Civil Suit,2021-09-16,2024-01-20,856,856.0,6.75343791859778,district,9,16,3,1,0
GJGS060029922021,kodinar_taluka Court,Gujarat,CS,Civil Suit,2021-09-16,2024-04-01,928,928.0,6.834108738813838,district,9,16,3,1,0
GJGS070003362023,Taluka Court - Talala,Gujarat,CS,Civil Suit,2023-05-02,2024-04-02,336,336.0,5.820082930352362,district,5,2,1,1,0
GJGS070005272023,Taluka Court - Talala,Gujarat,CS,Civil Suit,2023-06-13,2024-04-01,293,293.0,5.683579767338681,district,6,13,1,1,0
GJGS070005262023,Taluka Court - Talala,Gujarat,CS,Civil Suit,2023-06-13,2024-04-01,293,293.0,5.683579767338681,district,6,13,1,1,0
GJGS070005262020,Taluka Court - Talala,Gujarat,CS,Civil Suit,2020-12-16,2024-06-22,1284,1284.0,7.158513997329321,district,12,16,2,1,0
GJGS070005262020,Taluka Court - Talala,Gujarat,CS,Civil Suit,2020-12-16,2024-06-22,1284,1284.0,7.158513997329321,district,12,16,2,1,0
GJGS070005282023,Taluka Court - Talala,Gujarat,CS,Civil Suit,2023-06-13,2024-04-01,293,293.0,5.683579767338681,district,6,13,1,1,0
GJGS070005292023,Taluka Court - Talala,Gujarat,CS,Civil Suit,2023-06-13,2024-04-01,293,293.0,5.683579767338681,district,6,13,1,1,0
GJVD020265722022,vadodara_civil Court,Gujarat,CS,Civil Suit,2022-08-05,2024-07-03,698,698.0,6.54965074223381,district,8,5,4,1,0
GJSK030006442024,"PRINCIPAL SENIOR CIVIL COURT, PRANTIJ",Gujarat,CS,Civil Suit,2024-03-16,2024-12-14,273,273.0,5.6131281063880705,district,3,16,5,0,0
GJKT120004152024,PRINCIPAL SENIOR CIVIL JUDGE COURT,Gujarat,CS,Civil Suit,2024-03-28,2024-12-27,274,274.0,5.616771097666572,district,3,28,3,0,0
GJKT120004132024,PRINCIPAL SENIOR CIVIL JUDGE COURT,Gujarat,CS,Civil Suit,2024-03-28,2024-12-14,261,261.0,5.568344503761097,district,3,28,3,0,0
GJKT120004142024,PRINCIPAL SENIOR CIVIL JUDGE COURT,Gujarat,CS,Civil Suit,2024-03-28,2024-10-09,195,195.0,5.278114659230518,district,3,28,3,0,0
GJKT120004172024,PRINCIPAL SENIOR CIVIL JUDGE COURT,Gujarat,CS,Civil Suit,2024-03-28,2024-09-14,170,170.0,5.14166355650266,district,3,28,3,0,0
GJKT120004182023,PRINCIPAL SENIOR CIVIL JUDGE COURT,Gujarat,CS,Civil Suit,2023-03-07,2024-03-09,368,368.0,5.910796644040527,district,3,7,1,1,0
GJGS060020362023,kodinar_taluka Court,Gujarat,CS,Civil Suit,2023-08-08,2024-06-27,324,324.0,5.783825182329737,district,8,8,1,1,0
GJJM020102062016,CIVIL COURT JAMNAGAR,Gujarat,CS,Civil Suit,2016-11-30,2024-07-06,2775,2775.0,7.9287663216266955,district,11,30,2,1,1
GJJM020102152018,CIVIL COURT JAMNAGAR,Gujarat,CS,Civil Suit,2018-10-26,2024-12-19,2246,2246.0,7.717351272185329,district,10,26,4,1,1
GJMH170003352023,mahesana_family,Gujarat,CS,Civil Suit,2023-09-14,2024-04-30,229,229.0,5.438079308923196,district,9,14,3,1,0
GJAN040011162024,Borsad Taluka Court,Gujarat,CS,Civil Suit,2024-04-16,2024-07-06,81,81.0,4.406719247264253,district,4,16,1,0,0
GJAN040011162023,Borsad Taluka Court,Gujarat,CS,Civil Suit,2023-04-15,2024-07-19,461,461.0,6.135564891081739,district,4,15,5,1,0
GJAH020067262022,CITY CIVIL AND SESSIONS COURT,Gujarat,CS,Civil Suit,2022-05-13,2024-06-22,771,771.0,6.648984550024776,district,5,13,4,1,0
GJAH020067292022,CITY CIVIL AND SESSIONS COURT,Gujarat,CS,Civil Suit,2022-05-13,2024-06-22,771,771.0,6.648984550024776,district,5,13,4,1,0
GJAH020067362022,CITY CIVIL AND SESSIONS COURT,Gujarat,CS,Civil Suit,2022-05-13,2024-09-14,855,855.0,6.752270376141742,district,5,13,4,1,0
GJAH020067382022,CITY CIVIL AND SESSIONS COURT,Gujarat,CS,Civil Suit,2022-05-13,2024-06-22,771,771.0,6.648984550024776,district,5,13,4,1,0
GJAH020067402022,CITY CIVIL AND SESSIONS COURT,Gujarat,CS,Civil Suit,2022-05-13,2024-06-22,771,771.0,6.648984550024776,district,5,13,4,1,0
GJAH020067442022,CITY CIVIL AND SESSIONS COURT,Gujarat,CS,Civil Suit,2022-05-13,2024-06-22,771,771.0,6.648984550024776,district,5,13,4,1,0
GJAH020067262024,CITY CIVIL AND SESSIONS COURT,Gujarat,CS,Civil Suit,2024-05-03,2024-05-08,5,5.0,1.791759469228055,district,5,3,4,0,0
GJAH020067422022,CITY CIVIL AND SESSIONS COURT,Gujarat,CS,Civil Suit,2022-05-13,2024-06-22,771,771.0,6.648984550024776,district,5,13,4,1,0
GJAH020074852022,CITY CIVIL AND SESSIONS COURT,Gujarat,CS,Civil Suit,2022-06-01,2024-02-15,624,624.0,6.437751649736401,district,6,1,2,1,0
GJBN120000052012,vallabhipur_taluka Court,Gujarat,CS,Civil Suit,2012-04-12,2024-01-24,4304,4304.0,8.367532416861831,district,4,12,3,1,1
GJGN020108782023,Gandhinagar Civil Court,Gujarat,CS,Civil Suit,2023-09-21,2024-06-22,275,275.0,5.62040086571715,district,9,21,3,1,0
GJBN030013992024,ghogha_taluka Court,Gujarat,CS,Civil Suit,2024-10-21,2024-12-24,64,64.0,4.174387269895637,district,10,21,0,0,0
GJRJ140016842024,Taluka Court - Jasdan,Gujarat,CS,Civil Suit,2024-10-03,2024-11-11,39,39.0,3.6888794541139363,district,10,3,3,0,0
GJRJ140016812024,Taluka Court - Jasdan,Gujarat,CS,Civil Suit,2024-10-03,2024-12-14,72,72.0,4.290459441148391,district,10,3,3,0,0
GJRJ140016822024,Taluka Court - Jasdan,Gujarat,CS,Civil Suit,2024-10-03,2024-11-11,39,39.0,3.6888794541139363,district,10,3,3,0,0
GJKT170003972016,Family Court Bhuj,Gujarat,CS,Civil Suit,2016-08-16,2024-12-06,3034,3034.0,8.017966703493599,district,8,16,1,1,1
GJKT170003962022,Family Court Bhuj,Gujarat,CS,Civil Suit,2022-11-21,2024-06-10,567,567.0,6.342121418721152,district,11,21,0,1,0
GJGN030000572010,Dehgam Taluka Court,Gujarat,CS,Civil Suit,2010-04-03,2024-02-29,5080,5080.0,8.533263371593732,district,4,3,5,1,1
GJGN030003682019,Dehgam Taluka Court,Gujarat,CS,Civil Suit,2019-04-02,2024-07-18,1934,1934.0,7.5678626054638825,district,4,2,1,1,1
GJBN040007662024,talaja_taluka Courtt,Gujarat,CS,Civil Suit,2024-03-01,2024-07-02,123,123.0,4.820281565605037,district,3,1,4,0,0
GJAH070001382010,"CIVIL COURT, DHOLKA",Gujarat,CS,Civil Suit,2010-05-06,2024-03-21,5068,5068.0,8.53089883847235,district,5,6,3,1,1
GJDH060006502022,dhanpur_taluka court,Gujarat,CS,Civil Suit,2022-06-15,2024-10-09,847,847.0,6.742880635791903,district,6,15,2,1,0
GJDH070000182013,fatepura_taluka Court,Gujarat,CS,Civil Suit,2013-01-28,2024-03-09,4058,4058.0,8.308691916838898,district,1,28,0,1,1
GJBN030013892021,ghogha_taluka Court,Gujarat,CS,Civil Suit,2021-12-07,2024-03-16,830,830.0,6.7226297948554485,district,12,7,1,1,0
GJBN030013902023,ghogha_taluka Court,Gujarat,CS,Civil Suit,2023-07-11,2024-03-15,248,248.0,5.517452896464707,district,7,11,1,1,0
GJBN030013912023,ghogha_taluka Court,Gujarat,CS,Civil Suit,2023-07-11,2024-03-26,259,259.0,5.560681631015528,district,7,11,1,1,0
GJBN030013892023,ghogha_taluka Court,Gujarat,CS,Civil Suit,2023-07-11,2024-03-15,248,248.0,5.517452896464707,district,7,11,1,1,0
GJBN030013912021,ghogha_taluka Court,Gujarat,CS,Civil Suit,2021-12-07,2024-03-16,830,830.0,6.7226297948554485,district,12,7,1,1,0
GJMH190004882024,"FAMILY COURT-VISNAGAR, MAHESANA",Gujarat,CS,Civil Suit,2023-05-03,2024-11-06,553,553.0,6.317164686747284,district,5,3,2,1,0
GJMH190005002024,"FAMILY COURT-VISNAGAR, MAHESANA",Gujarat,CS,Civil Suit,2023-06-23,2024-12-31,557,557.0,6.324358962381311,district,6,23,4,1,0
GJMH190005842024,"FAMILY COURT-VISNAGAR, MAHESANA",Gujarat,CS,Civil Suit,2023-11-08,2024-07-12,247,247.0,5.5134287461649825,district,11,8,2,1,0
GJMH190005042024,"FAMILY COURT-VISNAGAR, MAHESANA",Gujarat,CS,Civil Suit,2023-06-27,2024-12-31,553,553.0,6.317164686747284,district,6,27,1,1,0
GJMH190005902024,"FAMILY COURT-VISNAGAR, MAHESANA",Gujarat,CS,Civil Suit,2023-12-04,2024-09-18,289,289.0,5.66988092298052,district,12,4,0,1,0
GJBN020054742019,bhavnagar_civil Court,Gujarat,CS,Civil Suit,2019-05-23,2024-01-10,1693,1693.0,7.434847875211999,district,5,23,3,1,1
GJGS060025142022,kodinar_taluka Court,Gujarat,CS,Civil Suit,2022-09-28,2024-04-05,555,555.0,6.320768294250582,district,9,28,2,1,0
GJGS060025162023,kodinar_taluka Court,Gujarat,CS,Civil Suit,2023-09-15,2024-05-03,231,231.0,5.44673737166631,district,9,15,4,1,0
GJGS060025142023,kodinar_taluka Court,Gujarat,CS,Civil Suit,2023-09-15,2024-05-03,231,231.0,5.44673737166631,district,9,15,4,1,0
GJKT110110652023,Gandhidham Taluka Court,Gujarat,CS,Civil Suit,2023-11-25,2024-06-22,210,210.0,5.351858133476067,district,11,25,5,1,0
GJKT110110662023,Gandhidham Taluka Court,Gujarat,CS,Civil Suit,2023-11-25,2024-06-14,202,202.0,5.313205979041787,district,11,25,5,1,0
GJKT110110642023,Gandhidham Taluka Court,Gujarat,CS,Civil Suit,2023-11-25,2024-10-09,319,319.0,5.768320995793772,district,11,25,5,1,0
GJMH170000342023,mahesana_family,Gujarat,CS,Civil Suit,2023-01-30,2024-08-08,556,556.0,6.322565239927284,district,1,30,0,1,0
GJMH170000382024,mahesana_family,Gujarat,CS,Civil Suit,2024-01-20,2024-03-27,67,67.0,4.219507705176107,district,1,20,5,0,0
GJMH170000342024,mahesana_family,Gujarat,CS,Civil Suit,2024-01-19,2024-03-28,69,69.0,4.248495242049359,district,1,19,4,0,0
GJAH090008322018,"CIVIL COURT, SANAND",Gujarat,CS,Civil Suit,2018-06-18,2024-10-15,2311,2311.0,7.7458682297922685,district,6,18,0,1,1
GJAH090008302020,"CIVIL COURT, SANAND",Gujarat,CS,Civil Suit,2020-12-09,2024-03-09,1186,1186.0,7.079184394609668,district,12,9,2,1,0
GJAH090008302020,"CIVIL COURT, SANAND",Gujarat,CS,Civil Suit,2020-12-09,2024-03-09,1186,1186.0,7.079184394609668,district,12,9,2,1,0
GJAH020016852024,CITY CIVIL AND SESSIONS COURT,Gujarat,CS,Civil Suit,2024-01-31,2024-06-22,143,143.0,4.969813299576001,district,1,31,2,0,0
GJAH020067322022,CITY CIVIL AND SESSIONS COURT,Gujarat,CS,Civil Suit,2022-05-13,2024-06-22,771,771.0,6.648984550024776,district,5,13,4,1,0
GJAH020067342022,CITY CIVIL AND SESSIONS COURT,Gujarat,CS,Civil Suit,2022-05-13,2024-06-22,771,771.0,6.648984550024776,district,5,13,4,1,0
GJKT120004162024,PRINCIPAL SENIOR CIVIL JUDGE COURT,Gujarat,CS,Civil Suit,2024-03-28,2024-12-14,261,261.0,5.568344503761097,district,3,28,3,0,0
GJAN050006182022,Khambhat Taluka,Gujarat,CS,Civil Suit,2022-03-23,2024-03-12,720,720.0,6.580639137284949,district,3,23,2,1,0
GJAN070000062022,Tarapur_Taluka Court,Gujarat,CS,Civil Suit,2022-01-07,2024-12-30,1088,1088.0,6.9930151229329605,district,1,7,4,1,0
GJAN070005982023,Tarapur_Taluka Court,Gujarat,CS,Civil Suit,2023-08-24,2024-06-22,303,303.0,5.717027701406222,district,8,24,3,1,0
GJAN090007762018,ANKLAV TALUKA COURT,Gujarat,CS,Civil Suit,2018-11-28,2024-03-16,1935,1935.0,7.568379267836522,district,11,28,2,1,1
GJKH150008622023,"FAMILY COURT, NADIAD",Gujarat,CS,Civil Suit,2023-12-29,2024-02-13,46,46.0,3.8501476017100584,district,12,29,4,1,0
GJKH150008632023,"FAMILY COURT, NADIAD",Gujarat,CS,Civil Suit,2023-12-29,2024-12-03,340,340.0,5.831882477283517,district,12,29,4,1,0
RJJD0C0000572016,CJ SD Shahpura,Rajasthan,CS,Civil Suit,2016-11-28,2024-11-18,2912,2912.0,7.976938756959434,district,11,28,0,1,1
RJHC010514952023,High Court of Rajasthan (Jodhpur),Rajasthan,CS,Civil Suit,2023-07-27,2024-04-18,266,266.0,5.58724865840025,hc,7,27,3,1,0
RJJD0A0004902016,ADJ Shahpura,Rajasthan,CS,Civil Suit,2016-01-23,2024-12-18,3252,3252.0,8.087332926473351,district,1,23,5,1,1
RJJD0A0004912012,ADJ Shahpura,Rajasthan,CS,Civil Suit,2012-10-30,2024-12-18,4432,4432.0,8.396831834745054,district,10,30,1,1,1
RJJD0A0004932024,ADJ Shahpura,Rajasthan,CS,Civil Suit,2024-05-28,2024-09-28,123,123.0,4.820281565605037,district,5,28,1,0,0
RJSK130000972021,SENIOR CIVIL JUDGE REENGUS TALUKA HQ,Rajasthan,CS,Civil Suit,2021-07-26,2024-09-28,1160,1160.0,7.057036981697891,district,7,26,0,1,0
RJSK130000982020,SENIOR CIVIL JUDGE REENGUS TALUKA HQ,Rajasthan,CS,Civil Suit,2020-08-14,2024-03-09,1303,1303.0,7.1731917424865985,district,8,14,4,1,0
RJSK130000982020,SENIOR CIVIL JUDGE REENGUS TALUKA HQ,Rajasthan,CS,Civil Suit,2020-08-14,2024-03-09,1303,1303.0,7.1731917424865985,district,8,14,4,1,0
RJSM0C0000392015,CJ JD - Khandar Taluka,Rajasthan,CS,Civil Suit,2015-07-29,2024-09-23,3344,3344.0,8.11522197256233,district,7,29,2,1,1
RJJM2B0022332020,Junior Civil Judge sanganer Court Complex,Rajasthan,CS,Civil Suit,2011-02-02,2024-04-30,4836,4836.0,8.484049972822984,district,2,2,2,1,1
RJJM2B0018692020,Junior Civil Judge sanganer Court Complex,Rajasthan,CS,Civil Suit,2019-08-27,2024-11-21,1913,1913.0,7.5569505720129,district,8,27,1,1,1
RJKT040002962016,CJ JD - Kota HQ,Rajasthan,CS,Civil Suit,2016-03-17,2024-12-06,3186,3186.0,8.066835314417336,district,3,17,3,1,1
RJKT040002972022,CJ JD - Kota HQ,Rajasthan,CS,Civil Suit,2022-03-11,2024-12-17,1012,1012.0,6.920671504248683,district,3,11,4,1,0
RJKT040002982016,CJ JD - Kota HQ,Rajasthan,CS,Civil Suit,2016-02-12,2024-09-02,3125,3125.0,8.047509510981422,district,2,12,4,1,1
RJKT040002972024,CJ JD - Kota HQ,Rajasthan,CS,Civil Suit,2024-03-21,2024-07-13,114,114.0,4.74493212836325,district,3,21,3,0,0
RJJR1B0000012018,Bhopalgarh Civil Cases,Rajasthan,CS,Civil Suit,2018-08-14,2024-09-20,2229,2229.0,7.709756864454165,district,8,14,1,1,1
RJJS010004362024,DJ ADJ-Jaisalmer District HQ,Rajasthan,CS,Civil Suit,2013-07-17,2024-12-09,4163,4163.0,8.33423142973486,district,7,17,2,1,1
RJJS010004342024,DJ ADJ-Jaisalmer District HQ,Rajasthan,CS,Civil Suit,2013-07-12,2024-08-16,4053,4053.0,8.307459327011946,district,7,12,4,1,1
RJKT040007972017,CJ JD - Kota HQ,Rajasthan,CS,Civil Suit,2017-06-13,2024-05-09,2522,2522.0,7.833203948641057,district,6,13,1,1,1
RJKT040007972020,CJ JD - Kota HQ,Rajasthan,CS,Civil Suit,2020-11-04,2024-05-20,1293,1293.0,7.165493475060845,district,11,4,2,1,0
RJKT040007972020,CJ JD - Kota HQ,Rajasthan,CS,Civil Suit,2020-11-04,2024-05-20,1293,1293.0,7.165493475060845,district,11,4,2,1,0
RJKT040007992013,CJ JD - Kota HQ,Rajasthan,CS,Civil Suit,2013-10-31,2024-09-04,3961,3961.0,8.284504227258497,district,10,31,3,1,1
RJKT040007992024,CJ JD - Kota HQ,Rajasthan,CS,Civil Suit,2024-08-08,2024-09-28,51,51.0,3.9512437185814275,district,8,8,3,0,0
RJKT040008022017,CJ JD - Kota HQ,Rajasthan,CS,Civil Suit,2017-06-14,2024-05-30,2542,2542.0,7.841099765422119,district,6,14,2,1,1
RJSM0E0000772016,CJ JD - Bamanwas Taluka,Rajasthan,CS,Civil Suit,2016-12-09,2024-01-31,2609,2609.0,7.867105500316739,district,12,9,4,1,1
RJSM0E0000652023,CJ JD - Bamanwas Taluka,Rajasthan,CS,Civil Suit,2023-05-24,2024-08-03,437,437.0,6.082218910376446,district,5,24,2,1,0
RJSG280000132024,CJ JD Sadulsahar Taluka,Rajasthan,CS,Civil Suit,2024-03-12,2024-12-10,273,273.0,5.6131281063880705,district,3,12,1,0,0
RJSG280000052024,CJ JD Sadulsahar Taluka,Rajasthan,CS,Civil Suit,2024-02-16,2024-07-19,154,154.0,5.043425116919247,district,2,16,4,0,0
RJSG280000102024,CJ JD Sadulsahar Taluka,Rajasthan,CS,Civil Suit,2024-03-01,2024-07-15,136,136.0,4.919980925828125,district,3,1,4,0,0
RJSG280000222024,CJ JD Sadulsahar Taluka,Rajasthan,CS,Civil Suit,2024-04-08,2024-07-13,96,96.0,4.574710978503383,district,4,8,0,0,0
RJSG280000212024,CJ JD Sadulsahar Taluka,Rajasthan,CS,Civil Suit,2024-03-30,2024-11-25,240,240.0,5.484796933490655,district,3,30,5,0,0
RJSG280000032023,CJ JD Sadulsahar Taluka,Rajasthan,CS,Civil Suit,2023-07-19,2024-07-13,360,360.0,5.8888779583328805,district,7,19,2,1,0
RJSM110003062024,FAMILY Sawai Madhopur HQ,Rajasthan,CS,Civil Suit,2024-04-25,2024-12-22,241,241.0,5.488937726156687,district,4,25,3,0,0
RJJM2B0007412024,Junior Civil Judge sanganer Court Complex,Rajasthan,CS,Civil Suit,2024-03-15,2024-07-11,118,118.0,4.77912349311153,district,3,15,4,0,0
RJJM2B0007612020,Junior Civil Judge sanganer Court Complex,Rajasthan,CS,Civil Suit,2014-09-17,2024-07-04,3578,3578.0,8.182838710766026,district,9,17,2,1,1
RJJM2B0007632020,Junior Civil Judge sanganer Court Complex,Rajasthan,CS,Civil Suit,2013-07-06,2024-02-21,3882,3882.0,8.264363329731667,district,7,6,5,1,1
RJJM2B0022502020,Junior Civil Judge sanganer Court Complex,Rajasthan,CS,Civil Suit,2014-04-30,2024-07-04,3718,3718.0,8.22121009392507,district,4,30,2,1,1
RJJM2B0022542020,Junior Civil Judge sanganer Court Complex,Rajasthan,CS,Civil Suit,2015-05-11,2024-07-02,3340,3340.0,8.114025442356757,district,5,11,0,1,1
RJJM2B0007572021,Junior Civil Judge sanganer Court Complex,Rajasthan,CS,Civil Suit,2021-08-18,2024-07-25,1072,1072.0,6.9782137426306985,district,8,18,2,1,0
RJJR060001642020,JM Civil - Pipar,Rajasthan,CS,Civil Suit,2020-12-21,2024-03-05,1170,1170.0,7.065613363597717,district,12,21,0,1,0
RJJR060001642020,JM Civil - Pipar,Rajasthan,CS,Civil Suit,2020-12-21,2024-03-05,1170,1170.0,7.065613363597717,district,12,21,0,1,0
RJJR060001632020,JM Civil - Pipar,Rajasthan,CS,Civil Suit,2020-12-18,2024-01-12,1120,1120.0,7.02197642307216,district,12,18,4,1,0
RJJR060001632020,JM Civil - Pipar,Rajasthan,CS,Civil Suit,2020-12-18,2024-01-12,1120,1120.0,7.02197642307216,district,12,18,4,1,0
RJAJ160000212015,JM-KEKRI TALUKA (CIVIL),Rajasthan,CS,Civil Suit,2015-01-05,2024-09-30,3556,3556.0,8.176672771948455,district,1,5,0,1,1
RJAJ160000222023,JM-KEKRI TALUKA (CIVIL),Rajasthan,CS,Civil Suit,2023-01-10,2024-03-18,433,433.0,6.073044534100405,district,1,10,1,1,0
RJJM2A0000402024,Senior Civil Judge Sanganer Court Complex,Rajasthan,CS,Civil Suit,2024-02-01,2024-09-28,240,240.0,5.484796933490655,district,2,1,3,0,0
RJJR030000692021,CJ SD -Jodhpur District HQ,Rajasthan,CS,Civil Suit,2020-10-27,2024-09-28,1432,1432.0,7.267525427828172,district,10,27,1,1,0
RJJR030000692021,CJ SD -Jodhpur District HQ,Rajasthan,CS,Civil Suit,2020-10-27,2024-09-28,1432,1432.0,7.267525427828172,district,10,27,1,1,0
RJDS110004122024,ADJ - Mahwa Court Complex,Rajasthan,CS,Civil Suit,2024-07-16,2024-12-22,159,159.0,5.075173815233827,district,7,16,1,0,0
RJDS110004182023,ADJ - Mahwa Court Complex,Rajasthan,CS,Civil Suit,2023-08-01,2024-01-11,163,163.0,5.099866427824199,district,8,1,1,1,0
RJDS110004232023,ADJ - Mahwa Court Complex,Rajasthan,CS,Civil Suit,2023-08-02,2024-03-09,220,220.0,5.3981627015177525,district,8,2,2,1,0
RJSG0B0000082024,CJ SD - ANUPGARH TALUKA,Rajasthan,CS,Civil Suit,2024-03-01,2024-09-28,211,211.0,5.356586274672012,district,3,1,4,0,0
RJBH270011932022,Family-Bharatpur District HQ,Rajasthan,CS,Civil Suit,2022-10-11,2024-03-04,510,510.0,6.236369590203704,district,10,11,1,1,0
RJSM070001082023,ADJ - Gangapur City Taluka,Rajasthan,CS,Civil Suit,2023-01-31,2024-03-09,403,403.0,6.0014148779611505,district,1,31,1,1,0
RJSM070007652015,ADJ - Gangapur City Taluka,Rajasthan,CS,Civil Suit,2015-08-03,2024-12-09,3416,3416.0,8.136518252115291,district,8,3,0,1,1
RJSK1E0004942024,ADJ DANTARAMGARH TALUKA HQ,Rajasthan,CS,Civil Suit,2024-09-27,2024-09-28,1,1.0,0.6931471805599453,district,9,27,4,0,0
RJSK1E0004912023,ADJ DANTARAMGARH TALUKA HQ,Rajasthan,CS,Civil Suit,2023-11-09,2024-11-05,362,362.0,5.8944028342648505,district,11,9,3,1,0
RJKR040000052022,CJ JD-Karauli District HQ,Rajasthan,CS,Civil Suit,2022-01-15,2024-08-20,948,948.0,6.855408798609928,district,1,15,5,1,0
RJDS080000172024,CJ SD-Bandikui Court Complex,Rajasthan,CS,Civil Suit,2024-04-02,2024-09-28,179,179.0,5.19295685089021,district,4,2,1,0,0
RJDS090001632022,CJ JD-Bandikui Court Complex,Rajasthan,CS,Civil Suit,2022-10-11,2024-07-26,654,654.0,6.484635235635252,district,10,11,1,1,0
RJJM280012252021,DJ ADJ Sanganer Court Complex,Rajasthan,CS,Civil Suit,2021-09-01,2024-01-29,880,880.0,6.78105762593618,district,9,1,2,1,0
RJKR080002242018,CJ SD- TALUKA HINDAUN,Rajasthan,CS,Civil Suit,2018-12-24,2024-07-09,2024,2024.0,7.613324979540639,district,12,24,0,1,1
RJJU0E0007542023,Commercial-Jodhpur Metro HQ,Rajasthan,CS,Civil Suit,2023-08-08,2024-12-10,490,490.0,6.19644412779452,district,8,8,1,1,0
RJJU0E0007552023,Commercial-Jodhpur Metro HQ,Rajasthan,CS,Civil Suit,2023-08-08,2024-10-10,429,429.0,6.063785208687608,district,8,8,1,1,0
RJJU0E0007522023,Commercial-Jodhpur Metro HQ,Rajasthan,CS,Civil Suit,2023-08-10,2024-09-25,412,412.0,6.023447592961033,district,8,10,3,1,0
RJHC020088562014,High Court of Rajasthan (Jaipur),Rajasthan,CS,Civil Suit,2014-07-02,2024-10-09,3752,3752.0,8.23031079913502,hc,7,2,2,1,1
RJHC020128452015,High Court of Rajasthan (Jaipur),Rajasthan,CS,Civil Suit,2015-04-20,2024-04-20,3288,3288.0,8.098338846189057,hc,4,20,0,1,1
RJHG040000262022,MJM AMJM-Hanumangarh District HQ,Rajasthan,CS,Civil Suit,2022-02-11,2024-12-05,1028,1028.0,6.9363427358340495,district,2,11,4,1,0
RJJU040012682017,CJ JD Jodhpur Metro HQ,Rajasthan,CS,Civil Suit,2017-09-15,2024-01-09,2307,2307.0,7.744136627627991,district,9,15,4,1,1
RJHC020175962015,High Court of Rajasthan (Jaipur),Rajasthan,CS,Civil Suit,2015-11-30,2024-04-23,3067,3067.0,8.028781162487146,hc,11,30,0,1,1
RJHG0E0001272023,MJM-BHADRA TALUKA HQ,Rajasthan,CS,Civil Suit,2023-05-12,2024-07-13,428,428.0,6.061456918928017,district,5,12,4,1,0
RJHG0E0001312019,MJM-BHADRA TALUKA HQ,Rajasthan,CS,Civil Suit,2019-12-21,2024-07-13,1666,1666.0,7.418780882750794,district,12,21,5,1,1
RJHG0E0001312024,MJM-BHADRA TALUKA HQ,Rajasthan,CS,Civil Suit,2024-07-30,2024-09-28,60,60.0,4.110873864173311,district,7,30,1,0,0
RJHG0E0001312018,MJM-BHADRA TALUKA HQ,Rajasthan,CS,Civil Suit,2018-08-04,2024-07-18,2175,2175.0,7.685243607975833,district,8,4,5,1,1
RJBR030000332022,CJ SD - Baran HQ,Rajasthan,CS,Civil Suit,2022-08-05,2024-03-09,582,582.0,6.368187186350492,district,8,5,4,1,0
RJAL190009212021,ADJ - Laxmangarh HQ,Rajasthan,CS,Civil Suit,2021-11-08,2024-12-07,1125,1125.0,7.026426808699636,district,11,8,0,1,0
RJRS0D0000332020,CJ SD-Deogarh Taluka,Rajasthan,CS,Civil Suit,2020-07-17,2024-09-28,1534,1534.0,7.336285660021297,district,7,17,4,1,0
RJRS0D0000332020,CJ SD-Deogarh Taluka,Rajasthan,CS,Civil Suit,2020-07-17,2024-09-28,1534,1534.0,7.336285660021297,district,7,17,4,1,0
RJAL1B0000142021,CJ SD - Laxmangarh HQ,Rajasthan,CS,Civil Suit,2021-04-23,2024-01-04,986,986.0,6.894670039433482,district,4,23,4,1,0
RJRS0D0000312017,CJ SD-Deogarh Taluka,Rajasthan,CS,Civil Suit,2017-12-01,2024-12-09,2565,2565.0,7.850103545175582,district,12,1,4,1,1
RJRS0D0000312023,CJ SD-Deogarh Taluka,Rajasthan,CS,Civil Suit,2023-08-05,2024-08-03,364,364.0,5.8998973535824915,district,8,5,5,1,0
RJTK010006692017,DJ ADJ - Tonk HQ,Rajasthan,CS,Civil Suit,2017-04-28,2024-07-22,2642,2642.0,7.879669914604289,district,4,28,4,1,1
RJBD0D0000102024,CJ JD - Nainwan Taluka,Rajasthan,CS,Civil Suit,2024-02-01,2024-05-29,118,118.0,4.77912349311153,district,2,1,3,0,0
RJBD110000052024,CJ JD - Lakheri Taluka,Rajasthan,CS,Civil Suit,2024-02-23,2024-07-13,141,141.0,4.955827057601261,district,2,23,4,0,0
RJBD110000072024,CJ JD - Lakheri Taluka,Rajasthan,CS,Civil Suit,2024-04-24,2024-09-28,157,157.0,5.062595033026967,district,4,24,2,0,0
RJAJ170008362023,ADJ-KISHANGARH TALUKA (CRIMINAL AND CIVIL),Rajasthan,CS,Civil Suit,2023-06-28,2024-07-13,381,381.0,5.945420608606575,district,6,28,2,1,0
RJAJ170008392017,ADJ-KISHANGARH TALUKA (CRIMINAL AND CIVIL),Rajasthan,CS,Civil Suit,2017-10-31,2024-12-02,2589,2589.0,7.859413154693583,district,10,31,1,1,1
RJJW0D0000022020,CJ SD - Bhawanimandi Jhalawar District,Rajasthan,CS,Civil Suit,2020-02-29,2024-01-03,1404,1404.0,7.247792581767846,district,2,29,5,1,0
RJJW0D0000022020,CJ SD - Bhawanimandi Jhalawar District,Rajasthan,CS,Civil Suit,2020-02-29,2024-01-03,1404,1404.0,7.247792581767846,district,2,29,5,1,0
RJJW0D0000052024,CJ SD - Bhawanimandi Jhalawar District,Rajasthan,CS,Civil Suit,2024-07-08,2024-12-22,167,167.0,5.123963979403259,district,7,8,0,0,0
RJAJ130001662022,ADJ-KEKRI TALUKA,Rajasthan,CS,Civil Suit,2022-02-17,2024-06-01,835,835.0,6.728628613084702,district,2,17,3,1,0
RJBD0C0000072024,CJ SD - Nainwan Taluka,Rajasthan,CS,Civil Suit,2024-05-17,2024-09-28,134,134.0,4.90527477843843,district,5,17,4,0,0
RJJT260000422019,JUNIOR CIVIL JUDGE CHOMU COURT COMPLEX II,Rajasthan,CS,Civil Suit,2017-07-19,2024-03-19,2435,2435.0,7.798112628829788,district,7,19,2,1,1
RJJH0D0000012022,MJM-Chirawa Taluka HQ (CIV.),Rajasthan,CS,Civil Suit,2022-01-27,2024-03-26,789,789.0,6.672032945461067,district,1,27,3,1,0
RJJH0D0000012024,MJM-Chirawa Taluka HQ (CIV.),Rajasthan,CS,Civil Suit,2024-01-10,2024-03-09,59,59.0,4.0943445622221,district,1,10,2,0,0
RJJR150000152022,CJ JD Bilara,Rajasthan,CS,Civil Suit,2001-01-05,2024-07-05,8582,6561.850000000007,9.05753878171822,district,1,5,4,1,1
RJJR150000212022,CJ JD Bilara,Rajasthan,CS,Civil Suit,2010-06-16,2024-05-30,5097,5097.0,8.53660358493606,district,6,16,2,1,1
RJHC020694582013,High Court of Rajasthan (Jaipur),Rajasthan,CS,Civil Suit,2013-05-15,2024-09-09,4135,4135.0,8.327484416188264,hc,5,15,2,1,1
RJHC020692572019,High Court of Rajasthan (Jaipur),Rajasthan,CS,Civil Suit,2019-08-05,2024-04-20,1720,1720.0,7.450660796211539,hc,8,5,0,1,1
RJKT040006552020,CJ JD - Kota HQ,Rajasthan,CS,Civil Suit,2020-09-16,2024-04-02,1294,1294.0,7.166265974133638,district,9,16,2,1,0
RJKT040006552020,CJ JD - Kota HQ,Rajasthan,CS,Civil Suit,2020-09-16,2024-04-02,1294,1294.0,7.166265974133638,district,9,16,2,1,0
RJJH030000432019,CJ SD -Jhunjhunu District HQ,Rajasthan,CS,Civil Suit,2017-09-06,2024-07-20,2509,2509.0,7.828038032125829,district,9,6,2,1,1
RJKT040006572014,CJ JD - Kota HQ,Rajasthan,CS,Civil Suit,2014-02-28,2024-10-19,3886,3886.0,8.265392930852224,district,2,28,4,1,1
RJKT040008892020,CJ JD - Kota HQ,Rajasthan,CS,Civil Suit,2020-11-25,2024-07-13,1326,1326.0,7.190676034332207,district,11,25,2,1,0
RJKT040008892020,CJ JD - Kota HQ,Rajasthan,CS,Civil Suit,2020-11-25,2024-07-13,1326,1326.0,7.190676034332207,district,11,25,2,1,0
RJKT040008862022,CJ JD - Kota HQ,Rajasthan,CS,Civil Suit,2022-07-25,2024-07-18,724,724.0,6.586171654854675,district,7,25,0,1,0
RJKT040008862014,CJ JD - Kota HQ,Rajasthan,CS,Civil Suit,2014-09-12,2024-07-20,3599,3599.0,8.1886891244442,district,9,12,4,1,1
RJKT040008902022,CJ JD - Kota HQ,Rajasthan,CS,Civil Suit,2022-07-25,2024-02-20,575,575.0,6.3561076606958915,district,7,25,0,1,0
MLHC010010422024,High Court of Meghalaya,Meghalaya,BA,Bail Application,2024-09-19,2024-11-07,49,49.0,3.912023005428146,hc,9,19,3,0,0
MLHC010010432024,High Court of Meghalaya,Meghalaya,BA,Bail Application,2024-09-19,2024-11-07,49,49.0,3.912023005428146,hc,9,19,3,0,0
MLHC010010442024,High Court of Meghalaya,Meghalaya,BA,Bail Application,2024-09-19,2024-11-07,49,49.0,3.912023005428146,hc,9,19,3,0,0
MLHC010007572024,High Court of Meghalaya,Meghalaya,BA,Bail Application,2024-07-15,2024-09-02,49,49.0,3.912023005428146,hc,7,15,0,0,0
MLHC010009692024,High Court of Meghalaya,Meghalaya,BA,Bail Application,2024-08-30,2024-09-17,18,18.0,2.9444389791664403,hc,8,30,4,0,0
MLHC010009702024,High Court of Meghalaya,Meghalaya,BA,Bail Application,2024-08-30,2024-09-17,18,18.0,2.9444389791664403,hc,8,30,4,0,0
MLHC010007562024,High Court of Meghalaya,Meghalaya,BA,Bail Application,2024-07-15,2024-09-02,49,49.0,3.912023005428146,hc,7,15,0,0,0
MLHC010003772024,High Court of Meghalaya,Meghalaya,BA,Bail Application,2024-04-25,2024-05-17,22,22.0,3.1354942159291497,hc,4,25,3,0,0
MLHC010007672024,High Court of Meghalaya,Meghalaya,BA,Bail Application,2024-07-18,2024-09-02,46,46.0,3.8501476017100584,hc,7,18,3,0,0
MLHC010007782024,High Court of Meghalaya,Meghalaya,BA,Bail Application,2024-07-19,2024-09-13,56,56.0,4.04305126783455,hc,7,19,4,0,0
MLHC010007792024,High Court of Meghalaya,Meghalaya,BA,Bail Application,2024-07-19,2024-09-19,62,62.0,4.143134726391533,hc,7,19,4,0,0
MLHC010007832024,High Court of Meghalaya,Meghalaya,BA,Bail Application,2024-07-19,2024-09-26,69,69.0,4.248495242049359,hc,7,19,4,0,0
MLHC010002792024,High Court of Meghalaya,Meghalaya,BA,Bail Application,2024-04-01,2024-04-03,2,2.0,1.0986122886681096,hc,4,1,0,0,0
MLHC010002702024,High Court of Meghalaya,Meghalaya,BA,Bail Application,2024-04-01,2024-06-12,72,72.0,4.290459441148391,hc,4,1,0,0,0
MLHC010003872024,High Court of Meghalaya,Meghalaya,BA,Bail Application,2024-04-29,2024-05-31,32,32.0,3.4965075614664802,hc,4,29,0,0,0
MLHC010009722024,High Court of Meghalaya,Meghalaya,BA,Bail Application,2024-08-30,2024-11-14,76,76.0,4.343805421853684,hc,8,30,4,0,0
MLHC010009732024,High Court of Meghalaya,Meghalaya,BA,Bail Application,2024-08-30,2024-11-14,76,76.0,4.343805421853684,hc,8,30,4,0,0
MLHC010009712024,High Court of Meghalaya,Meghalaya,BA,Bail Application,2024-08-30,2024-09-17,18,18.0,2.9444389791664403,hc,8,30,4,0,0
MLHC010009432024,High Court of Meghalaya,Meghalaya,BA,Bail Application,2024-08-22,2024-08-27,5,5.0,1.791759469228055,hc,8,22,3,0,0
MLHC010014222023,High Court of Meghalaya,Meghalaya,BA,Bail Application,2023-12-14,2024-01-29,46,46.0,3.8501476017100584,hc,12,14,3,1,0
MLHC010003762024,High Court of Meghalaya,Meghalaya,BA,Bail Application,2024-04-25,2024-05-17,22,22.0,3.1354942159291497,hc,4,25,3,0,0
MLHC010010072024,High Court of Meghalaya,Meghalaya,BA,Bail Application,2024-09-11,2024-10-28,47,47.0,3.8712010109078907,hc,9,11,2,0,0
MLHC010004182024,High Court of Meghalaya,Meghalaya,BA,Bail Application,2024-05-03,2024-05-22,19,19.0,2.995732273553991,hc,5,3,4,0,0
MLHC010010352024,High Court of Meghalaya,Meghalaya,BA,Bail Application,2024-09-17,2024-10-30,43,43.0,3.784189633918261,hc,9,17,1,0,0
MLHC010002862024,High Court of Meghalaya,Meghalaya,BA,Bail Application,2024-04-03,2024-04-05,2,2.0,1.0986122886681096,hc,4,3,2,0,0
MLHC010002852024,High Court of Meghalaya,Meghalaya,BA,Bail Application,2024-04-02,2024-04-08,6,6.0,1.9459101490553132,hc,4,2,1,0,0
MLHC010010102024,High Court of Meghalaya,Meghalaya,BA,Bail Application,2024-09-12,2024-11-18,67,67.0,4.219507705176107,hc,9,12,3,0,0
MLHC010009422024,High Court of Meghalaya,Meghalaya,BA,Bail Application,2024-08-22,2024-08-27,5,5.0,1.791759469228055,hc,8,22,3,0,0
MLHC010009972024,High Court of Meghalaya,Meghalaya,BA,Bail Application,2024-09-06,2024-09-19,13,13.0,2.639057329615259,hc,9,6,4,0,0
MLHC010000872024,High Court of Meghalaya,Meghalaya,BA,Bail Application,2024-02-09,2024-02-14,5,5.0,1.791759469228055,hc,2,9,4,0,0
MLHC010002432024,High Court of Meghalaya,Meghalaya,BA,Bail Application,2024-03-18,2024-06-12,86,86.0,4.465908118654584,hc,3,18,0,0,0
MLHC010011292024,High Court of Meghalaya,Meghalaya,BA,Bail Application,2024-09-23,2024-11-04,42,42.0,3.7612001156935624,hc,9,23,0,0,0
MLHC010005152024,High Court of Meghalaya,Meghalaya,BA,Bail Application,2024-05-23,2024-06-10,18,18.0,2.9444389791664403,hc,5,23,3,0,0
MLHC010012332024,High Court of Meghalaya,Meghalaya,BA,Bail Application,2024-10-24,2024-11-28,35,35.0,3.58351893845611,hc,10,24,3,0,0
MLHC010004482024,High Court of Meghalaya,Meghalaya,BA,Bail Application,2024-05-09,2024-05-13,4,4.0,1.6094379124341003,hc,5,9,3,0,0
MLHC010004502024,High Court of Meghalaya,Meghalaya,BA,Bail Application,2024-05-09,2024-06-05,27,27.0,3.332204510175204,hc,5,9,3,0,0
MLHC010010482024,High Court of Meghalaya,Meghalaya,BA,Bail Application,2024-09-19,2024-11-07,49,49.0,3.912023005428146,hc,9,19,3,0,0
MLHC010010452024,High Court of Meghalaya,Meghalaya,BA,Bail Application,2024-09-19,2024-11-07,49,49.0,3.912023005428146,hc,9,19,3,0,0
MLHC010010462024,High Court of Meghalaya,Meghalaya,BA,Bail Application,2024-09-19,2024-11-07,49,49.0,3.912023005428146,hc,9,19,3,0,0
MLHC010010472024,High Court of Meghalaya,Meghalaya,BA,Bail Application,2024-09-19,2024-11-07,49,49.0,3.912023005428146,hc,9,19,3,0,0
MLHC010004552024,High Court of Meghalaya,Meghalaya,BA,Bail Application,2024-05-10,2024-06-11,32,32.0,3.4965075614664802,hc,5,10,4,0,0
MLHC010001002024,High Court of Meghalaya,Meghalaya,BA,Bail Application,2024-02-14,2024-02-16,2,2.0,1.0986122886681096,hc,2,14,2,0,0
MLHC010005002024,High Court of Meghalaya,Meghalaya,BA,Bail Application,2024-05-20,2024-07-09,50,50.0,3.9318256327243257,hc,5,20,0,0,0
MLHC010003332024,High Court of Meghalaya,Meghalaya,BA,Bail Application,2024-04-12,2024-04-24,12,12.0,2.5649493574615367,hc,4,12,4,0,0
MLHC010012822024,High Court of Meghalaya,Meghalaya,BA,Bail Application,2024-11-05,2024-11-28,23,23.0,3.1780538303479458,hc,11,5,1,0,0
MLHC010011382024,High Court of Meghalaya,Meghalaya,BA,Bail Application,2024-09-25,2024-11-05,41,41.0,3.7376696182833684,hc,9,25,2,0,0
MLHC010014782023,High Court of Meghalaya,Meghalaya,BA,Bail Application,2023-12-20,2024-02-22,64,64.0,4.174387269895637,hc,12,20,2,1,0
MLHC010014792023,High Court of Meghalaya,Meghalaya,BA,Bail Application,2023-12-20,2024-02-22,64,64.0,4.174387269895637,hc,12,20,2,1,0
MLHC010007372024,High Court of Meghalaya,Meghalaya,BA,Bail Application,2024-07-11,2024-07-15,4,4.0,1.6094379124341003,hc,7,11,3,0,0
MLHC010009282024,High Court of Meghalaya,Meghalaya,BA,Bail Application,2024-08-16,2024-09-12,27,27.0,3.332204510175204,hc,8,16,4,0,0
MLHC010004272024,High Court of Meghalaya,Meghalaya,BA,Bail Application,2024-05-07,2024-05-10,3,3.0,1.3862943611198906,hc,5,7,1,0,0
MLHC010010572024,High Court of Meghalaya,Meghalaya,BA,Bail Application,2024-09-19,2024-09-27,8,8.0,2.1972245773362196,hc,9,19,3,0,0
MLHC010010552024,High Court of Meghalaya,Meghalaya,BA,Bail Application,2024-09-19,2024-11-07,49,49.0,3.912023005428146,hc,9,19,3,0,0
MLHC010010542024,High Court of Meghalaya,Meghalaya,BA,Bail Application,2024-09-19,2024-11-07,49,49.0,3.912023005428146,hc,9,19,3,0,0
MLHC010009472024,High Court of Meghalaya,Meghalaya,BA,Bail Application,2024-08-22,2024-08-27,5,5.0,1.791759469228055,hc,8,22,3,0,0
MLHC010009452024,High Court of Meghalaya,Meghalaya,BA,Bail Application,2024-08-22,2024-08-27,5,5.0,1.791759469228055,hc,8,22,3,0,0
MLHC010009482024,High Court of Meghalaya,Meghalaya,BA,Bail Application,2024-08-22,2024-08-27,5,5.0,1.791759469228055,hc,8,22,3,0,0
MLHC010001012024,High Court of Meghalaya,Meghalaya,BA,Bail Application,2024-02-14,2024-02-16,2,2.0,1.0986122886681096,hc,2,14,2,0,0
MLHC010001032024,High Court of Meghalaya,Meghalaya,BA,Bail Application,2024-02-14,2024-02-16,2,2.0,1.0986122886681096,hc,2,14,2,0,0
MLHC010001022024,High Court of Meghalaya,Meghalaya,BA,Bail Application,2024-02-14,2024-02-16,2,2.0,1.0986122886681096,hc,2,14,2,0,0
MLHC010004312024,High Court of Meghalaya,Meghalaya,BA,Bail Application,2024-05-07,2024-05-13,6,6.0,1.9459101490553132,hc,5,7,1,0,0
MLHC010009442024,High Court of Meghalaya,Meghalaya,BA,Bail Application,2024-08-22,2024-08-27,5,5.0,1.791759469228055,hc,8,22,3,0,0
MLHC010009462024,High Court of Meghalaya,Meghalaya,BA,Bail Application,2024-08-22,2024-08-27,5,5.0,1.791759469228055,hc,8,22,3,0,0
MLHC010010412024,High Court of Meghalaya,Meghalaya,BA,Bail Application,2024-09-19,2024-11-07,49,49.0,3.912023005428146,hc,9,19,3,0,0
MLHC010010532024,High Court of Meghalaya,Meghalaya,BA,Bail Application,2024-09-19,2024-11-07,49,49.0,3.912023005428146,hc,9,19,3,0,0
MLHC010010492024,High Court of Meghalaya,Meghalaya,BA,Bail Application,2024-09-19,2024-11-07,49,49.0,3.912023005428146,hc,9,19,3,0,0
MLHC010010502024,High Court of Meghalaya,Meghalaya,BA,Bail Application,2024-09-19,2024-09-26,7,7.0,2.0794415416798357,hc,9,19,3,0,0
MLHC010010512024,High Court of Meghalaya,Meghalaya,BA,Bail Application,2024-09-19,2024-11-07,49,49.0,3.912023005428146,hc,9,19,3,0,0
MLHC010010522024,High Court of Meghalaya,Meghalaya,BA,Bail Application,2024-09-19,2024-11-07,49,49.0,3.912023005428146,hc,9,19,3,0,0
MLHC010003562024,High Court of Meghalaya,Meghalaya,BA,Bail Application,2024-04-23,2024-05-01,8,8.0,2.1972245773362196,hc,4,23,1,0,0
MLHC010009232024,High Court of Meghalaya,Meghalaya,BA,Bail Application,2024-08-16,2024-10-30,75,75.0,4.330733340286331,hc,8,16,4,0,0
MLHC010009952024,High Court of Meghalaya,Meghalaya,BA,Bail Application,2024-09-06,2024-09-19,13,13.0,2.639057329615259,hc,9,6,4,0,0
MLHC010011872024,High Court of Meghalaya,Meghalaya,BA,Bail Application,2024-10-15,2024-10-17,2,2.0,1.0986122886681096,hc,10,15,1,0,0
MLHC010011942024,High Court of Meghalaya,Meghalaya,BA,Bail Application,2024-10-16,2024-10-18,2,2.0,1.0986122886681096,hc,10,16,2,0,0
MLHC010009492024,High Court of Meghalaya,Meghalaya,BA,Bail Application,2024-08-22,2024-08-27,5,5.0,1.791759469228055,hc,8,22,3,0,0
MLHC010006822024,High Court of Meghalaya,Meghalaya,BA,Bail Application,2024-06-27,2024-07-05,8,8.0,2.1972245773362196,hc,6,27,3,0,0
MLHC010006832024,High Court of Meghalaya,Meghalaya,BA,Bail Application,2024-06-27,2024-07-09,12,12.0,2.5649493574615367,hc,6,27,3,0,0
WBJP010020852024,District and Session Judge,West Bengal,BA,Bail Application,2024-05-24,2024-06-04,11,11.0,2.4849066497880004,district,5,24,4,0,0
WBJP010020862024,District and Session Judge,West Bengal,BA,Bail Application,2024-05-24,2024-06-06,13,13.0,2.639057329615259,district,5,24,4,0,0
WBNP140039232024,Barrackpore Addl. District & Sessions Judge,West Bengal,BA,Bail Application,2024-08-16,2024-08-21,5,5.0,1.791759469228055,district,8,16,4,0,0
WBNP140054652023,Barrackpore Addl. District & Sessions Judge,West Bengal,BA,Bail Application,2023-12-22,2024-01-03,12,12.0,2.5649493574615367,district,12,22,4,1,0
WBNP140054642023,Barrackpore Addl. District & Sessions Judge,West Bengal,BA,Bail Application,2023-12-22,2024-01-08,17,17.0,2.8903717578961645,district,12,22,4,1,0
WBML010017252024,"District and Sessions Judge, Malda",West Bengal,BA,Bail Application,2024-03-13,2024-05-13,61,61.0,4.127134385045092,district,3,13,2,0,0
WBNP140039242024,Barrackpore Addl. District & Sessions Judge,West Bengal,BA,Bail Application,2024-08-16,2024-08-20,4,4.0,1.6094379124341003,district,8,16,4,0,0
WBNP140036972024,Barrackpore Addl. District & Sessions Judge,West Bengal,BA,Bail Application,2024-08-05,2024-08-09,4,4.0,1.6094379124341003,district,8,5,0,0,0
WBNP140036952024,Barrackpore Addl. District & Sessions Judge,West Bengal,BA,Bail Application,2024-08-05,2024-08-06,1,1.0,0.6931471805599453,district,8,5,0,0,0
WBNP140037022024,Barrackpore Addl. District & Sessions Judge,West Bengal,BA,Bail Application,2024-08-05,2024-08-12,7,7.0,2.0794415416798357,district,8,5,0,0,0
WBNP140037012024,Barrackpore Addl. District & Sessions Judge,West Bengal,BA,Bail Application,2024-08-05,2024-08-09,4,4.0,1.6094379124341003,district,8,5,0,0,0
WBNP140036992024,Barrackpore Addl. District & Sessions Judge,West Bengal,BA,Bail Application,2024-08-05,2024-08-08,3,3.0,1.3862943611198906,district,8,5,0,0,0
WBNP140036962024,Barrackpore Addl. District & Sessions Judge,West Bengal,BA,Bail Application,2024-08-05,2024-08-06,1,1.0,0.6931471805599453,district,8,5,0,0,0
WBNP010053492024,Barasat District Judge,West Bengal,BA,Bail Application,2024-06-21,2024-08-01,41,41.0,3.7376696182833684,district,6,21,4,0,0
WBNP010053472024,Barasat District Judge,West Bengal,BA,Bail Application,2024-06-21,2024-07-01,10,10.0,2.3978952727983707,district,6,21,4,0,0
WBNP010053482024,Barasat District Judge,West Bengal,BA,Bail Application,2024-06-21,2024-07-04,13,13.0,2.639057329615259,district,6,21,4,0,0
WBNP140054862024,Barrackpore Addl. District & Sessions Judge,West Bengal,BA,Bail Application,2024-11-26,2024-12-11,15,15.0,2.772588722239781,district,11,26,1,0,0
WBNP140054902024,Barrackpore Addl. District & Sessions Judge,West Bengal,BA,Bail Application,2024-11-30,2024-12-05,5,5.0,1.791759469228055,district,11,30,5,0,0
WBNP140054872024,Barrackpore Addl. District & Sessions Judge,West Bengal,BA,Bail Application,2024-11-28,2024-12-11,13,13.0,2.639057329615259,district,11,28,3,0,0
WBNP140054832024,Barrackpore Addl. District & Sessions Judge,West Bengal,BA,Bail Application,2024-11-22,2024-12-02,10,10.0,2.3978952727983707,district,11,22,4,0,0
WBNP140054882024,Barrackpore Addl. District & Sessions Judge,West Bengal,BA,Bail Application,2024-11-28,2024-12-06,8,8.0,2.1972245773362196,district,11,28,3,0,0
WBNP140054892024,Barrackpore Addl. District & Sessions Judge,West Bengal,BA,Bail Application,2024-11-29,2024-12-05,6,6.0,1.9459101490553132,district,11,29,4,0,0
WBNP140043072024,Barrackpore Addl. District & Sessions Judge,West Bengal,BA,Bail Application,2024-09-13,2024-09-21,8,8.0,2.1972245773362196,district,9,13,4,0,0
WBNP140043082024,Barrackpore Addl. District & Sessions Judge,West Bengal,BA,Bail Application,2024-09-13,2024-09-23,10,10.0,2.3978952727983707,district,9,13,4,0,0
WBNP010116842023,Barasat District Judge,West Bengal,BA,Bail Application,2023-12-05,2024-01-18,44,44.0,3.8066624897703196,district,12,5,1,1,0
WBCB050004182024,"Addl. District and Sessions Judge , Dinhata",West Bengal,BA,Bail Application,2024-06-27,2024-07-19,22,22.0,3.1354942159291497,district,6,27,3,0,0
WBCB050004192024,"Addl. District and Sessions Judge , Dinhata",West Bengal,BA,Bail Application,2024-06-27,2024-07-08,11,11.0,2.4849066497880004,district,6,27,3,0,0
WBCB050004222024,"Addl. District and Sessions Judge , Dinhata",West Bengal,BA,Bail Application,2024-06-28,2024-07-09,11,11.0,2.4849066497880004,district,6,28,4,0,0
WBNP010095792024,Barasat District Judge,West Bengal,BA,Bail Application,2024-10-23,2024-11-05,13,13.0,2.639057329615259,district,10,23,2,0,0
WBNP010095802023,Barasat District Judge,West Bengal,BA,Bail Application,2023-09-20,2024-01-03,105,105.0,4.663439094112067,district,9,20,2,1,0
WBNP010095802024,Barasat District Judge,West Bengal,BA,Bail Application,2024-10-23,2024-10-28,5,5.0,1.791759469228055,district,10,23,2,0,0
WBNP010095812024,Barasat District Judge,West Bengal,BA,Bail Application,2024-10-23,2024-11-28,36,36.0,3.6109179126442243,district,10,23,2,0,0
WBNP010095832024,Barasat District Judge,West Bengal,BA,Bail Application,2024-10-23,2024-10-28,5,5.0,1.791759469228055,district,10,23,2,0,0
WBNP010095852024,Barasat District Judge,West Bengal,BA,Bail Application,2024-10-23,2024-10-28,5,5.0,1.791759469228055,district,10,23,2,0,0
WBNP010095842024,Barasat District Judge,West Bengal,BA,Bail Application,2024-10-23,2024-11-11,19,19.0,2.995732273553991,district,10,23,2,0,0
WBNP010095862024,Barasat District Judge,West Bengal,BA,Bail Application,2024-10-23,2024-10-28,5,5.0,1.791759469228055,district,10,23,2,0,0
WBNP010095822024,Barasat District Judge,West Bengal,BA,Bail Application,2024-10-23,2024-11-28,36,36.0,3.6109179126442243,district,10,23,2,0,0
WBJP010020422024,District and Session Judge,West Bengal,BA,Bail Application,2024-05-24,2024-06-10,17,17.0,2.8903717578961645,district,5,24,4,0,0
WBJP010020432024,District and Session Judge,West Bengal,BA,Bail Application,2024-05-24,2024-06-11,18,18.0,2.9444389791664403,district,5,24,4,0,0
WBJP010039372024,District and Session Judge,West Bengal,BA,Bail Application,2024-09-23,2024-09-27,4,4.0,1.6094379124341003,district,9,23,0,0,0
WBNP010004702024,Barasat District Judge,West Bengal,BA,Bail Application,2024-01-16,2024-01-29,13,13.0,2.639057329615259,district,1,16,1,0,0
WBNP010004692024,Barasat District Judge,West Bengal,BA,Bail Application,2024-01-16,2024-02-23,38,38.0,3.6635616461296463,district,1,16,1,0,0
WBNP010004712024,Barasat District Judge,West Bengal,BA,Bail Application,2024-01-16,2024-03-07,51,51.0,3.9512437185814275,district,1,16,1,0,0
WBNP010012872024,Barasat District Judge,West Bengal,BA,Bail Application,2024-02-12,2024-02-26,14,14.0,2.70805020110221,district,2,12,0,0,0
WBNP010012892024,Barasat District Judge,West Bengal,BA,Bail Application,2024-02-12,2024-03-18,35,35.0,3.58351893845611,district,2,12,0,0,0
WBNP010012862024,Barasat District Judge,West Bengal,BA,Bail Application,2024-02-12,2024-02-26,14,14.0,2.70805020110221,district,2,12,0,0,0
WBNP010012882024,Barasat District Judge,West Bengal,BA,Bail Application,2024-02-12,2024-05-10,88,88.0,4.48863636973214,district,2,12,0,0,0
WBNP010012912024,Barasat District Judge,West Bengal,BA,Bail Application,2024-02-12,2024-04-23,71,71.0,4.276666119016055,district,2,12,0,0,0
WBNP010012922024,Barasat District Judge,West Bengal,BA,Bail Application,2024-02-12,2024-04-01,49,49.0,3.912023005428146,district,2,12,0,0,0
WBNP010012942024,Barasat District Judge,West Bengal,BA,Bail Application,2024-02-12,2024-06-28,137,137.0,4.927253685157205,district,2,12,0,0,0
WBNP010012932024,Barasat District Judge,West Bengal,BA,Bail Application,2024-02-12,2024-04-23,71,71.0,4.276666119016055,district,2,12,0,0,0
WBNP010012952024,Barasat District Judge,West Bengal,BA,Bail Application,2024-02-12,2024-02-28,16,16.0,2.833213344056216,district,2,12,0,0,0
WBNP010012902024,Barasat District Judge,West Bengal,BA,Bail Application,2024-02-12,2024-03-05,22,22.0,3.1354942159291497,district,2,12,0,0,0
WBNP060005122024,ADJ Bongaon,West Bengal,BA,Bail Application,2024-03-01,2024-03-04,3,3.0,1.3862943611198906,district,3,1,4,0,0
WBNP060005132024,ADJ Bongaon,West Bengal,BA,Bail Application,2024-03-02,2024-03-15,13,13.0,2.639057329615259,district,3,2,5,0,0
WBNP060005202024,ADJ Bongaon,West Bengal,BA,Bail Application,2024-03-02,2024-03-05,3,3.0,1.3862943611198906,district,3,2,5,0,0
WBNP140042872024,Barrackpore Addl. District & Sessions Judge,West Bengal,BA,Bail Application,2024-09-09,2024-09-18,9,9.0,2.302585092994046,district,9,9,0,0,0
WBNP140042852024,Barrackpore Addl. District & Sessions Judge,West Bengal,BA,Bail Application,2024-09-09,2024-09-19,10,10.0,2.3978952727983707,district,9,9,0,0,0
WBNP140042862024,Barrackpore Addl. District & Sessions Judge,West Bengal,BA,Bail Application,2024-09-09,2024-09-20,11,11.0,2.4849066497880004,district,9,9,0,0,0
WBNP140042882024,Barrackpore Addl. District & Sessions Judge,West Bengal,BA,Bail Application,2024-09-09,2024-09-19,10,10.0,2.3978952727983707,district,9,9,0,0,0
WBML010023902024,"District and Sessions Judge, Malda",West Bengal,BA,Bail Application,2024-04-16,2024-05-14,28,28.0,3.367295829986474,district,4,16,1,0,0
WBML010015072024,"District and Sessions Judge, Malda",West Bengal,BA,Bail Application,2024-03-05,2024-05-15,71,71.0,4.276666119016055,district,3,5,1,0,0
WBML010015082024,"District and Sessions Judge, Malda",West Bengal,BA,Bail Application,2024-03-05,2024-03-18,13,13.0,2.639057329615259,district,3,5,1,0,0
WBML010015092024,"District and Sessions Judge, Malda",West Bengal,BA,Bail Application,2024-03-05,2024-03-18,13,13.0,2.639057329615259,district,3,5,1,0,0
WBML010015102024,"District and Sessions Judge, Malda",West Bengal,BA,Bail Application,2024-03-05,2024-03-18,13,13.0,2.639057329615259,district,3,5,1,0,0
WBML010023702024,"District and Sessions Judge, Malda",West Bengal,BA,Bail Application,2024-04-15,2024-04-25,10,10.0,2.3978952727983707,district,4,15,0,0,0
WBML010023802024,"District and Sessions Judge, Malda",West Bengal,BA,Bail Application,2024-04-16,2024-04-26,10,10.0,2.3978952727983707,district,4,16,1,0,0
WBML010023792024,"District and Sessions Judge, Malda",West Bengal,BA,Bail Application,2024-04-16,2024-04-26,10,10.0,2.3978952727983707,district,4,16,1,0,0
WBML010023782024,"District and Sessions Judge, Malda",West Bengal,BA,Bail Application,2024-04-16,2024-05-03,17,17.0,2.8903717578961645,district,4,16,1,0,0
WBML010023752024,"District and Sessions Judge, Malda",West Bengal,BA,Bail Application,2024-04-16,2024-04-26,10,10.0,2.3978952727983707,district,4,16,1,0,0
WBML010023812024,"District and Sessions Judge, Malda",West Bengal,BA,Bail Application,2024-04-16,2024-05-14,28,28.0,3.367295829986474,district,4,16,1,0,0
WBML010015182024,"District and Sessions Judge, Malda",West Bengal,BA,Bail Application,2024-03-05,2024-03-18,13,13.0,2.639057329615259,district,3,5,1,0,0
WBML010023772024,"District and Sessions Judge, Malda",West Bengal,BA,Bail Application,2024-04-16,2024-05-17,31,31.0,3.4657359027997265,district,4,16,1,0,0
WBML010023822024,"District and Sessions Judge, Malda",West Bengal,BA,Bail Application,2024-04-16,2024-04-26,10,10.0,2.3978952727983707,district,4,16,1,0,0
WBML010023842024,"District and Sessions Judge, Malda",West Bengal,BA,Bail Application,2024-04-16,2024-05-03,17,17.0,2.8903717578961645,district,4,16,1,0,0
WBML010023852024,"District and Sessions Judge, Malda",West Bengal,BA,Bail Application,2024-04-16,2024-05-03,17,17.0,2.8903717578961645,district,4,16,1,0,0
WBML010023872024,"District and Sessions Judge, Malda",West Bengal,BA,Bail Application,2024-04-16,2024-05-04,18,18.0,2.9444389791664403,district,4,16,1,0,0
WBML010023882024,"District and Sessions Judge, Malda",West Bengal,BA,Bail Application,2024-04-16,2024-05-04,18,18.0,2.9444389791664403,district,4,16,1,0,0
WBML010015172024,"District and Sessions Judge, Malda",West Bengal,BA,Bail Application,2024-03-05,2024-03-18,13,13.0,2.639057329615259,district,3,5,1,0,0
WBML010023832024,"District and Sessions Judge, Malda",West Bengal,BA,Bail Application,2024-04-16,2024-05-10,24,24.0,3.2188758248682006,district,4,16,1,0,0
WBML010023892024,"District and Sessions Judge, Malda",West Bengal,BA,Bail Application,2024-04-16,2024-05-02,16,16.0,2.833213344056216,district,4,16,1,0,0
WBML010023862024,"District and Sessions Judge, Malda",West Bengal,BA,Bail Application,2024-04-16,2024-05-03,17,17.0,2.8903717578961645,district,4,16,1,0,0
WBML010023762024,"District and Sessions Judge, Malda",West Bengal,BA,Bail Application,2024-04-16,2024-05-14,28,28.0,3.367295829986474,district,4,16,1,0,0
WBPU010008422024,District and Session Judge Purulia,West Bengal,BA,Bail Application,2024-04-01,2024-04-08,7,7.0,2.0794415416798357,district,4,1,0,0,0
WBPU010008432024,District and Session Judge Purulia,West Bengal,BA,Bail Application,2024-04-01,2024-04-08,7,7.0,2.0794415416798357,district,4,1,0,0,0
WBPU010015122024,District and Session Judge Purulia,West Bengal,BA,Bail Application,2024-06-26,2024-07-04,8,8.0,2.1972245773362196,district,6,26,2,0,0
WBPU010015132024,District and Session Judge Purulia,West Bengal,BA,Bail Application,2024-06-26,2024-07-05,9,9.0,2.302585092994046,district,6,26,2,0,0
WBPU010015142024,District and Session Judge Purulia,West Bengal,BA,Bail Application,2024-06-26,2024-07-05,9,9.0,2.302585092994046,district,6,26,2,0,0
WBNP140010522024,Barrackpore Addl. District & Sessions Judge,West Bengal,BA,Bail Application,2024-03-13,2024-03-14,1,1.0,0.6931471805599453,district,3,13,2,0,0
WBNP100011362024,basirhat ADJ,West Bengal,BA,Bail Application,2024-06-15,2024-06-20,5,5.0,1.791759469228055,district,6,15,5,0,0
WBNP010000542024,Barasat District Judge,West Bengal,BA,Bail Application,2024-01-03,2024-02-28,56,56.0,4.04305126783455,district,1,3,2,0,0
WBNP010000532024,Barasat District Judge,West Bengal,BA,Bail Application,2024-01-03,2024-02-28,56,56.0,4.04305126783455,district,1,3,2,0,0
WBNP010032122024,Barasat District Judge,West Bengal,BA,Bail Application,2024-04-09,2024-05-24,45,45.0,3.828641396489095,district,4,9,1,0,0
WBNP010032132024,Barasat District Judge,West Bengal,BA,Bail Application,2024-04-09,2024-04-26,17,17.0,2.8903717578961645,district,4,9,1,0,0
WBNP010032152024,Barasat District Judge,West Bengal,BA,Bail Application,2024-04-09,2024-04-25,16,16.0,2.833213344056216,district,4,9,1,0,0
WBNP010032142024,Barasat District Judge,West Bengal,BA,Bail Application,2024-04-09,2024-04-26,17,17.0,2.8903717578961645,district,4,9,1,0,0
MP17020002382023,FAMILY COURT DISTRICT REWA MP,Madhya Pradesh,CS,Civil Suit,2023-04-27,2024-11-25,578,578.0,6.361302477572996,district,4,27,3,1,0
MP43020001822024,FAMILY COURT DISTRICT RATLAM MP,Madhya Pradesh,CS,Civil Suit,2024-03-23,2024-12-16,268,268.0,5.594711379601839,district,3,23,5,0,0
MP43020001862021,FAMILY COURT DISTRICT RATLAM MP,Madhya Pradesh,CS,Civil Suit,2021-03-09,2024-05-07,1155,1155.0,7.052721049232323,district,3,9,1,1,0
MP18010050442022,DISTRICT AND SESSIONS COURT SHAHDOL MP,Madhya Pradesh,CS,Civil Suit,2022-11-09,2024-09-17,678,678.0,6.520621127558696,district,11,9,2,1,0
MP18020002632023,FAMILY COURT DISTRICT SHAHDOL MP,Madhya Pradesh,CS,Civil Suit,2023-09-11,2024-04-18,220,220.0,5.3981627015177525,district,9,11,0,1,0
MP43010095932023,DISTRICT AND SESSIONS COURT RATLAM MP,Madhya Pradesh,CS,Civil Suit,2023-10-27,2024-05-09,195,195.0,5.278114659230518,district,10,27,4,1,0
MP18020002642024,FAMILY COURT DISTRICT SHAHDOL MP,Madhya Pradesh,CS,Civil Suit,2024-09-02,2024-11-19,78,78.0,4.3694478524670215,district,9,2,0,0,0
MP18020002642022,FAMILY COURT DISTRICT SHAHDOL MP,Madhya Pradesh,CS,Civil Suit,2022-09-14,2024-02-06,510,510.0,6.236369590203704,district,9,14,2,1,0
MP18050005902024,CIVIL COURT BEOHARI DISTRICT SHAHDOL,Madhya Pradesh,CS,Civil Suit,2024-03-04,2024-09-10,190,190.0,5.25227342804663,district,3,4,0,0,0
MP18020000162022,FAMILY COURT DISTRICT SHAHDOL MP,Madhya Pradesh,CS,Civil Suit,2022-01-06,2024-02-01,756,756.0,6.6293632534374485,district,1,6,3,1,0
MP18020000162023,FAMILY COURT DISTRICT SHAHDOL MP,Madhya Pradesh,CS,Civil Suit,2023-01-05,2024-05-28,509,509.0,6.234410725718371,district,1,5,3,1,0
MP18020000172023,FAMILY COURT DISTRICT SHAHDOL MP,Madhya Pradesh,CS,Civil Suit,2023-01-06,2024-01-04,363,363.0,5.8971538676367405,district,1,6,4,1,0
MP50050016882024,CIVIL COURT BAIHAR DISTRICT BALAGHAT,Madhya Pradesh,CS,Civil Suit,2024-09-24,2024-12-14,81,81.0,4.406719247264253,district,9,24,1,0,0
MP15050014952021,CIVIL COURT BINA DISTRICT SAGAR,Madhya Pradesh,CS,Civil Suit,2021-08-12,2024-03-15,946,946.0,6.853299093186078,district,8,12,3,1,0
MP38080002902024,CIVIL COURT GOHARGANJ DISTRICT RAISEN,Madhya Pradesh,CS,Civil Suit,2024-02-07,2024-08-31,206,206.0,5.332718793265369,district,2,7,2,0,0
MP37020000522023,FAMILY COURT DISTRICT SEHORE MP,Madhya Pradesh,CS,Civil Suit,2023-02-03,2024-04-05,427,427.0,6.059123195581797,district,2,3,4,1,0
MP16020001292024,FAMILY COURT DISTRICT CHHATARPUR MP,Madhya Pradesh,CS,Civil Suit,2024-02-28,2024-09-03,188,188.0,5.241747015059643,district,2,28,2,0,0
MP16020001282020,FAMILY COURT DISTRICT CHHATARPUR MP,Madhya Pradesh,CS,Civil Suit,2020-03-06,2024-03-11,1466,1466.0,7.2909747781429814,district,3,6,4,1,0
MP16020001282020,FAMILY COURT DISTRICT CHHATARPUR MP,Madhya Pradesh,CS,Civil Suit,2020-03-06,2024-03-11,1466,1466.0,7.2909747781429814,district,3,6,4,1,0
MP16020001302024,FAMILY COURT DISTRICT CHHATARPUR MP,Madhya Pradesh,CS,Civil Suit,2024-02-28,2024-05-14,76,76.0,4.343805421853684,district,2,28,2,0,0
MP16020001332024,FAMILY COURT DISTRICT CHHATARPUR MP,Madhya Pradesh,CS,Civil Suit,2024-02-29,2024-09-11,195,195.0,5.278114659230518,district,2,29,3,0,0
MP16020001362022,FAMILY COURT DISTRICT CHHATARPUR MP,Madhya Pradesh,CS,Civil Suit,2022-03-11,2024-08-23,896,896.0,6.799055862058796,district,3,11,4,1,0
MP16020001312023,FAMILY COURT DISTRICT CHHATARPUR MP,Madhya Pradesh,CS,Civil Suit,2023-02-28,2024-02-26,363,363.0,5.8971538676367405,district,2,28,1,1,0
MP16020001372021,FAMILY COURT DISTRICT CHHATARPUR MP,Madhya Pradesh,CS,Civil Suit,2021-03-08,2024-05-11,1160,1160.0,7.057036981697891,district,3,8,0,1,0
MP39020002552022,FAIMILY COURT DISTRICT RAJGARH,Madhya Pradesh,CS,Civil Suit,2022-09-30,2024-12-17,809,809.0,6.697034247666484,district,9,30,4,1,0
MP32050031582024,CIVIL COURT SEODHA DISTRICT DATIA,Madhya Pradesh,CS,Civil Suit,2024-11-06,2024-12-19,43,43.0,3.784189633918261,district,11,6,2,0,0
MP14080010182024,CIVIL COURT GAROTH DISTRICT MANDSAUR,Madhya Pradesh,CS,Civil Suit,2024-07-10,2024-12-06,149,149.0,5.0106352940962555,district,7,10,2,0,0
MP19070016452021,CIVIL COURT NAGOD DISTRICT SATNA,Madhya Pradesh,CS,Civil Suit,2021-06-25,2024-01-10,929,929.0,6.835184586147301,district,6,25,4,1,0
MP19070016452022,CIVIL COURT NAGOD DISTRICT SATNA,Madhya Pradesh,CS,Civil Suit,2022-05-13,2024-11-14,916,916.0,6.821107472256465,district,5,13,4,1,0
MP70050003282021,CIVIL COURT SUSNER DISTRICT AGAR MALWA,Madhya Pradesh,CS,Civil Suit,2021-03-25,2024-09-14,1269,1269.0,7.146772179452637,district,3,25,3,1,0
MP09020011592024,FAMILY COURT DISTRICT INDORE MP,Madhya Pradesh,CS,Civil Suit,2024-03-14,2024-11-27,258,258.0,5.556828061699537,district,3,14,3,0,0
MP09020011612024,FAMILY COURT DISTRICT INDORE MP,Madhya Pradesh,CS,Civil Suit,2024-03-14,2024-09-27,197,197.0,5.288267030694535,district,3,14,3,0,0
MP05050015742023,CIVIL COURT PIPARIYA DISTRICT HOSHANGABAD,Madhya Pradesh,CS,Civil Suit,2023-07-01,2024-02-13,227,227.0,5.429345628954441,district,7,1,5,1,0
MP70050003292021,CIVIL COURT SUSNER DISTRICT AGAR MALWA,Madhya Pradesh,CS,Civil Suit,2021-03-25,2024-05-11,1143,1143.0,7.042286171939743,district,3,25,3,1,0
MP13050000152023,CIVIL COURT KHACHROD DISTRICT UJJAIN,Madhya Pradesh,CS,Civil Suit,2023-01-03,2024-01-29,391,391.0,5.971261839790462,district,1,3,1,1,0
MP19070001942022,CIVIL COURT NAGOD DISTRICT SATNA,Madhya Pradesh,CS,Civil Suit,2022-01-13,2024-07-25,924,924.0,6.829793737512425,district,1,13,3,1,0
MP15010118102023,DISTRICT AND SESSIONS COURT SAGAR MP,Madhya Pradesh,CS,Civil Suit,2023-08-22,2024-12-14,480,480.0,6.175867270105761,district,8,22,1,1,0
MP36070017812022,CIVIL COURT NIWARI DISTRICT TIKAMGARH,Madhya Pradesh,CS,Civil Suit,2022-08-02,2024-11-21,842,842.0,6.736966958001855,district,8,2,1,1,0
MP36070017782023,CIVIL COURT NIWARI DISTRICT TIKAMGARH,Madhya Pradesh,CS,Civil Suit,2023-07-05,2024-12-14,528,528.0,6.270988431858299,district,7,5,2,1,0
MP32050004732022,CIVIL COURT SEODHA DISTRICT DATIA,Madhya Pradesh,CS,Civil Suit,2022-02-25,2024-05-11,806,806.0,6.693323668269949,district,2,25,4,1,0
MP28020002622022,FAMILY COURT DISTRICT CHHINDWARA MP,Madhya Pradesh,CS,Civil Suit,2022-04-12,2024-03-09,697,697.0,6.548219102762372,district,4,12,1,1,0
MP28020002632022,FAMILY COURT DISTRICT CHHINDWARA MP,Madhya Pradesh,CS,Civil Suit,2022-04-12,2024-03-13,701,701.0,6.553933404025811,district,4,12,1,1,0
MP28020002602022,FAMILY COURT DISTRICT CHHINDWARA MP,Madhya Pradesh,CS,Civil Suit,2022-04-12,2024-05-11,760,760.0,6.634633357861686,district,4,12,1,1,0
MP28020002602023,FAMILY COURT DISTRICT CHHINDWARA MP,Madhya Pradesh,CS,Civil Suit,2023-04-18,2024-09-03,504,504.0,6.22455842927536,district,4,18,1,1,0
MP28020002612023,FAMILY COURT DISTRICT CHHINDWARA MP,Madhya Pradesh,CS,Civil Suit,2023-04-18,2024-09-13,514,514.0,6.244166900663736,district,4,18,1,1,0
MP28020002662020,FAMILY COURT DISTRICT CHHINDWARA MP,Madhya Pradesh,CS,Civil Suit,2020-08-18,2024-05-31,1382,1382.0,7.232010331664759,district,8,18,1,1,0
MP28020002662020,FAMILY COURT DISTRICT CHHINDWARA MP,Madhya Pradesh,CS,Civil Suit,2020-08-18,2024-05-31,1382,1382.0,7.232010331664759,district,8,18,1,1,0
MP05050020612023,CIVIL COURT PIPARIYA DISTRICT HOSHANGABAD,Madhya Pradesh,CS,Civil Suit,2023-08-09,2024-07-11,337,337.0,5.823045895483019,district,8,9,2,1,0
MP05060001682024,CIVIL COURT ITARSI DISTRICT HOSHANGABAD,Madhya Pradesh,CS,Civil Suit,2024-01-22,2024-03-11,49,49.0,3.912023005428146,district,1,22,0,0,0
MP05060003342024,CIVIL COURT ITARSI DISTRICT HOSHANGABAD,Madhya Pradesh,CS,Civil Suit,2024-02-13,2024-12-14,305,305.0,5.723585101952381,district,2,13,1,0,0
MP14080006922024,CIVIL COURT GAROTH DISTRICT MANDSAUR,Madhya Pradesh,CS,Civil Suit,2024-05-28,2024-12-10,196,196.0,5.2832037287379885,district,5,28,1,0,0
MP14080008942024,CIVIL COURT GAROTH DISTRICT MANDSAUR,Madhya Pradesh,CS,Civil Suit,2024-06-29,2024-08-13,45,45.0,3.828641396489095,district,6,29,5,0,0
MP15010050262024,DISTRICT AND SESSIONS COURT SAGAR MP,Madhya Pradesh,CS,Civil Suit,2024-04-27,2024-05-13,16,16.0,2.833213344056216,district,4,27,5,0,0
MP08020000172024,FAMILY COURT DISTRICT GUNA MP,Madhya Pradesh,CS,Civil Suit,2024-01-08,2024-07-15,189,189.0,5.247024072160486,district,1,8,0,0,0
MP28060014692021,"CIVIL COURT SAUSAR, DISTRICT CHHINDWARA",Madhya Pradesh,CS,Civil Suit,2021-08-05,2024-01-18,896,896.0,6.799055862058796,district,8,5,3,1,0
MP28060014692023,"CIVIL COURT SAUSAR, DISTRICT CHHINDWARA",Madhya Pradesh,CS,Civil Suit,2023-08-03,2024-12-09,494,494.0,6.20455776256869,district,8,3,3,1,0
MP28060021292022,"CIVIL COURT SAUSAR, DISTRICT CHHINDWARA",Madhya Pradesh,CS,Civil Suit,2022-12-03,2024-05-25,539,539.0,6.29156913955832,district,12,3,5,1,0
MP28070001952022,CIVIL COURT AMARWARA DISTRICT CHHINDWARA,Madhya Pradesh,CS,Civil Suit,2022-02-03,2024-02-09,736,736.0,6.602587892189336,district,2,3,3,1,0
MP52020001772023,FAMILY COURT DISTRCIT DINDORI MP,Madhya Pradesh,CS,Civil Suit,2023-05-10,2024-01-16,251,251.0,5.529429087511423,district,5,10,2,1,0
MP52020001782023,FAMILY COURT DISTRCIT DINDORI MP,Madhya Pradesh,CS,Civil Suit,2023-05-10,2024-02-05,271,271.0,5.605802066295998,district,5,10,2,1,0
MP52020001862023,FAMILY COURT DISTRCIT DINDORI MP,Madhya Pradesh,CS,Civil Suit,2023-05-12,2024-07-04,419,419.0,6.040254711277414,district,5,12,4,1,0
MP36070010502024,CIVIL COURT NIWARI DISTRICT TIKAMGARH,Madhya Pradesh,CS,Civil Suit,2024-05-01,2024-11-11,194,194.0,5.272999558563747,district,5,1,2,0,0
MP37060016272024,CIVIL COURT NASRULLAGANJ DISTRICT SEHORE,Madhya Pradesh,CS,Civil Suit,2024-08-28,2024-12-11,105,105.0,4.663439094112067,district,8,28,2,0,0
MP37050012482024,CIVIL COURT BUDHNI DISTRICT SEHORE,Madhya Pradesh,CS,Civil Suit,2024-08-05,2024-09-27,53,53.0,3.9889840465642745,district,8,5,0,0,0
MP15010037792023,DISTRICT AND SESSIONS COURT SAGAR MP,Madhya Pradesh,CS,Civil Suit,2023-03-21,2024-07-25,492,492.0,6.20050917404269,district,3,21,1,1,0
MP05060006762024,CIVIL COURT ITARSI DISTRICT HOSHANGABAD,Madhya Pradesh,CS,Civil Suit,2024-03-18,2024-06-19,93,93.0,4.543294782270004,district,3,18,0,0,0
MP05060009372024,CIVIL COURT ITARSI DISTRICT HOSHANGABAD,Madhya Pradesh,CS,Civil Suit,2024-04-29,2024-09-25,149,149.0,5.0106352940962555,district,4,29,0,0,0
MP39020000472023,FAIMILY COURT DISTRICT RAJGARH,Madhya Pradesh,CS,Civil Suit,2023-02-28,2024-05-11,438,438.0,6.0844994130751715,district,2,28,1,1,0
MP39020000482022,FAIMILY COURT DISTRICT RAJGARH,Madhya Pradesh,CS,Civil Suit,2022-02-04,2024-02-09,735,735.0,6.601230118728877,district,2,4,4,1,0
MP28020003142021,FAMILY COURT DISTRICT CHHINDWARA MP,Madhya Pradesh,CS,Civil Suit,2021-07-15,2024-11-27,1231,1231.0,7.116394144093465,district,7,15,3,1,0
MP07060005932024,CIVIL COURT DABRA DISTRICT GWALIOR,Madhya Pradesh,CS,Civil Suit,2024-02-06,2024-09-14,221,221.0,5.402677381872279,district,2,6,1,0,0
MP44020005592023,FAMILY COURT DISTRICT NEEMUCH MP,Madhya Pradesh,CS,Civil Suit,2023-12-20,2024-07-04,197,197.0,5.288267030694535,district,12,20,2,1,0
MP44020005662023,FAMILY COURT DISTRICT NEEMUCH MP,Madhya Pradesh,CS,Civil Suit,2023-12-23,2024-05-04,133,133.0,4.897839799950911,district,12,23,5,1,0
MP44020005612023,FAMILY COURT DISTRICT NEEMUCH MP,Madhya Pradesh,CS,Civil Suit,2023-12-21,2024-07-01,193,193.0,5.267858159063328,district,12,21,3,1,0
MP15010054822024,DISTRICT AND SESSIONS COURT SAGAR MP,Madhya Pradesh,CS,Civil Suit,2024-05-09,2024-05-29,20,20.0,3.044522437723423,district,5,9,3,0,0
MP07020006502019,FAMILY COURT DISTRICT GWALIOR MP,Madhya Pradesh,CS,Civil Suit,2019-06-25,2024-02-12,1693,1693.0,7.434847875211999,district,6,25,1,1,1
MP07020012182022,FAMILY COURT DISTRICT GWALIOR MP,Madhya Pradesh,CS,Civil Suit,2019-07-17,2024-12-14,1977,1977.0,7.589841512182657,district,7,17,2,1,1
MP07020024922023,FAMILY COURT DISTRICT GWALIOR MP,Madhya Pradesh,CS,Civil Suit,2023-10-17,2024-03-21,156,156.0,5.056245805348308,district,10,17,1,1,0
MP07020012172023,FAMILY COURT DISTRICT GWALIOR MP,Madhya Pradesh,CS,Civil Suit,2023-06-12,2024-02-23,256,256.0,5.54907608489522,district,6,12,0,1,0
MP42060004112024,CIVIL COURT SHUJALPUR DISTRICT SHAJAPUR,Madhya Pradesh,CS,Civil Suit,2024-02-06,2024-08-21,197,197.0,5.288267030694535,district,2,6,1,0,0
MP44020005472023,FAMILY COURT DISTRICT NEEMUCH MP,Madhya Pradesh,CS,Civil Suit,2023-12-12,2024-04-05,115,115.0,4.7535901911063645,district,12,12,1,1,0
MP70050000972021,CIVIL COURT SUSNER DISTRICT AGAR MALWA,Madhya Pradesh,CS,Civil Suit,2021-01-27,2024-03-09,1137,1137.0,7.037027614686276,district,1,27,2,1,0
MP13050006492023,CIVIL COURT KHACHROD DISTRICT UJJAIN,Madhya Pradesh,CS,Civil Suit,2023-07-18,2024-03-09,235,235.0,5.4638318050256105,district,7,18,1,1,0
MP13050006472024,CIVIL COURT KHACHROD DISTRICT UJJAIN,Madhya Pradesh,CS,Civil Suit,2024-07-09,2024-12-14,158,158.0,5.0689042022202315,district,7,9,1,0,0
MP13070001682024,CIVIL COURT TARANA DISTRICT UJJIAN,Madhya Pradesh,CS,Civil Suit,2024-01-20,2024-05-11,112,112.0,4.727387818712341,district,1,20,5,0,0
MP07020004772019,FAMILY COURT DISTRICT GWALIOR MP,Madhya Pradesh,CS,Civil Suit,2018-08-29,2024-02-19,2000,2000.0,7.601402334583733,district,8,29,2,1,1
MP07020004782024,FAMILY COURT DISTRICT GWALIOR MP,Madhya Pradesh,CS,Civil Suit,2024-02-23,2024-09-14,204,204.0,5.3230099791384085,district,2,23,4,0,0
MP15010064092024,DISTRICT AND SESSIONS COURT SAGAR MP,Madhya Pradesh,CS,Civil Suit,2024-05-27,2024-12-07,194,194.0,5.272999558563747,district,5,27,0,0,0
MP15010064082024,DISTRICT AND SESSIONS COURT SAGAR MP,Madhya Pradesh,CS,Civil Suit,2024-05-27,2024-11-04,161,161.0,5.087596335232384,district,5,27,0,0,0
MP44020005442023,FAMILY COURT DISTRICT NEEMUCH MP,Madhya Pradesh,CS,Civil Suit,2023-12-11,2024-07-04,206,206.0,5.332718793265369,district,12,11,0,1,0
MP44020005402023,FAMILY COURT DISTRICT NEEMUCH MP,Madhya Pradesh,CS,Civil Suit,2023-12-07,2024-09-14,282,282.0,5.645446897643238,district,12,7,3,1,0
MP13060015862023,CIVIL COURT BADNAGAR DISTRICT UJJAIN,Madhya Pradesh,CS,Civil Suit,2023-07-22,2024-07-05,349,349.0,5.857933154483459,district,7,22,5,1,0
MP15010002232024,DISTRICT AND SESSIONS COURT SAGAR MP,Madhya Pradesh,CS,Civil Suit,2024-01-06,2024-11-25,324,324.0,5.783825182329737,district,1,6,5,0,0
MP07020004542019,FAMILY COURT DISTRICT GWALIOR MP,Madhya Pradesh,CS,Civil Suit,2019-07-26,2024-02-10,1660,1660.0,7.415175109613295,district,7,26,4,1,1
MP07020009732024,FAMILY COURT DISTRICT GWALIOR MP,Madhya Pradesh,CS,Civil Suit,2024-04-22,2024-12-03,225,225.0,5.420534999272286,district,4,22,0,0,0
MP07020004482022,FAMILY COURT DISTRICT GWALIOR MP,Madhya Pradesh,CS,Civil Suit,2022-04-20,2024-01-04,624,624.0,6.437751649736401,district,4,20,2,1,0
MP07020004522024,FAMILY COURT DISTRICT GWALIOR MP,Madhya Pradesh,CS,Civil Suit,2024-02-21,2024-09-12,204,204.0,5.3230099791384085,district,2,21,2,0,0
MP07020004492024,FAMILY COURT DISTRICT GWALIOR MP,Madhya Pradesh,CS,Civil Suit,2024-02-21,2024-09-06,198,198.0,5.293304824724492,district,2,21,2,0,0
MP07020009682024,FAMILY COURT DISTRICT GWALIOR MP,Madhya Pradesh,CS,Civil Suit,2024-04-22,2024-10-25,186,186.0,5.231108616854587,district,4,22,0,0,0
MP07020009712024,FAMILY COURT DISTRICT GWALIOR MP,Madhya Pradesh,CS,Civil Suit,2024-04-22,2024-09-10,141,141.0,4.955827057601261,district,4,22,0,0,0
MP07020009752023,FAMILY COURT DISTRICT GWALIOR MP,Madhya Pradesh,CS,Civil Suit,2023-04-27,2024-10-22,544,544.0,6.300785794663244,district,4,27,3,1,0
MP07020016192024,FAMILY COURT DISTRICT GWALIOR MP,Madhya Pradesh,CS,Civil Suit,2024-07-05,2024-12-06,154,154.0,5.043425116919247,district,7,5,4,0,0
ODMA030000972008,Civil Judge Senior Division,Odisha,CS,Civil Suit,2008-11-04,2024-02-12,5578,5578.0,8.626764827845529,district,11,4,1,1,1
ODKP060007452023,"Civil Judge Senior Division, Koraput",Odisha,CS,Civil Suit,2023-10-12,2024-11-08,393,393.0,5.976350909297934,district,10,12,3,1,0
ODKP060007442023,"Civil Judge Senior Division, Koraput",Odisha,CS,Civil Suit,2023-10-12,2024-01-12,92,92.0,4.532599493153256,district,10,12,3,1,0
ODSU0A0003312022,JMFC Court Rajgangpur,Odisha,CS,Civil Suit,2022-05-21,2024-01-16,605,605.0,6.406879986069314,district,5,21,5,1,0
ODSU060001322015,cjsd court rourkela,Odisha,CS,Civil Suit,2015-04-16,2024-09-21,3446,3446.0,8.145259566516865,district,4,16,3,1,1
ODSU060001312021,cjsd court rourkela,Odisha,CS,Civil Suit,2021-03-19,2024-12-14,1366,1366.0,7.220373836723949,district,3,19,4,1,0
ODSU060001322023,cjsd court rourkela,Odisha,CS,Civil Suit,2023-02-22,2024-07-24,518,518.0,6.251903883165888,district,2,22,2,1,0
ODSU060003472020,cjsd court rourkela,Odisha,CS,Civil Suit,2020-12-16,2024-11-04,1419,1419.0,7.258412150595307,district,12,16,2,1,0
ODSU060003472020,cjsd court rourkela,Odisha,CS,Civil Suit,2020-12-16,2024-11-04,1419,1419.0,7.258412150595307,district,12,16,2,1,0
ODSU0A0003302017,JMFC Court Rajgangpur,Odisha,CS,Civil Suit,2017-05-19,2024-03-23,2500,2500.0,7.824445930877619,district,5,19,4,1,1
ODSU0A0003322022,JMFC Court Rajgangpur,Odisha,CS,Civil Suit,2022-05-21,2024-12-14,938,938.0,6.844815479208263,district,5,21,5,1,0
ODGM0D0005772022,"Senior Civil Judge, Aska",Odisha,CS,Civil Suit,2022-08-26,2024-02-07,530,530.0,6.274762021241939,district,8,26,4,1,0
ODSU020002862024,Civil Judge Senior Division Court Sundargarh,Odisha,CS,Civil Suit,2024-08-05,2024-09-14,40,40.0,3.713572066704308,district,8,5,0,0,0
ODSU020002872018,Civil Judge Senior Division Court Sundargarh,Odisha,CS,Civil Suit,2018-07-10,2024-03-22,2082,2082.0,7.641564441260972,district,7,10,1,1,1
ODSU020002882017,Civil Judge Senior Division Court Sundargarh,Odisha,CS,Civil Suit,2017-06-27,2024-09-14,2636,2636.0,7.877397186353287,district,6,27,1,1,1
ODSU020002852017,Civil Judge Senior Division Court Sundargarh,Odisha,CS,Civil Suit,2017-06-27,2024-05-11,2510,2510.0,7.828436359157585,district,6,27,1,1,1
ODBK030023862018,"Civil Judge Senior Division,Bhadrak",Odisha,CS,Civil Suit,2018-12-24,2024-06-18,2003,2003.0,7.602900462204755,district,12,24,0,1,1
ODBK030023862017,"Civil Judge Senior Division,Bhadrak",Odisha,CS,Civil Suit,2017-12-27,2024-10-21,2490,2490.0,7.820439515262181,district,12,27,2,1,1
ODBK030023832018,"Civil Judge Senior Division,Bhadrak",Odisha,CS,Civil Suit,2018-12-24,2024-06-18,2003,2003.0,7.602900462204755,district,12,24,0,1,1
ODBK030020222019,"Civil Judge Senior Division,Bhadrak",Odisha,CS,Civil Suit,2019-10-14,2024-01-06,1545,1545.0,7.343426229147367,district,10,14,0,1,1
ODBK030020232023,"Civil Judge Senior Division,Bhadrak",Odisha,CS,Civil Suit,2023-09-27,2024-05-11,227,227.0,5.429345628954441,district,9,27,2,1,0
ODBK030020252021,"Civil Judge Senior Division,Bhadrak",Odisha,CS,Civil Suit,2021-10-26,2024-02-16,843,843.0,6.738152494595957,district,10,26,1,1,0
ODBK030020272024,"Civil Judge Senior Division,Bhadrak",Odisha,CS,Civil Suit,2024-11-14,2024-12-14,30,30.0,3.4339872044851463,district,11,14,3,0,0
ODBK030020242017,"Civil Judge Senior Division,Bhadrak",Odisha,CS,Civil Suit,2017-11-01,2024-07-29,2462,2462.0,7.809135398120538,district,11,1,2,1,1
ODBK030020262018,"Civil Judge Senior Division,Bhadrak",Odisha,CS,Civil Suit,2018-11-22,2024-06-18,2035,2035.0,7.618742377670413,district,11,22,3,1,1
ODBK030023852023,"Civil Judge Senior Division,Bhadrak",Odisha,CS,Civil Suit,2023-12-04,2024-03-09,96,96.0,4.574710978503383,district,12,4,0,1,0
ODBK030020272018,"Civil Judge Senior Division,Bhadrak",Odisha,CS,Civil Suit,2018-11-22,2024-06-18,2035,2035.0,7.618742377670413,district,11,22,3,1,1
ODBK030023852017,"Civil Judge Senior Division,Bhadrak",Odisha,CS,Civil Suit,2017-12-27,2024-04-12,2298,2298.0,7.740229524763182,district,12,27,2,1,1
ODBK030023872017,"Civil Judge Senior Division,Bhadrak",Odisha,CS,Civil Suit,2017-12-27,2024-02-06,2232,2232.0,7.711101251840158,district,12,27,2,1,1
ODBK030023852022,"Civil Judge Senior Division,Bhadrak",Odisha,CS,Civil Suit,2022-12-22,2024-12-09,718,718.0,6.577861357721047,district,12,22,3,1,0
ODBK030020272017,"Civil Judge Senior Division,Bhadrak",Odisha,CS,Civil Suit,2017-11-01,2024-06-18,2421,2421.0,7.792348924113037,district,11,1,2,1,1
ODBK030023822022,"Civil Judge Senior Division,Bhadrak",Odisha,CS,Civil Suit,2022-12-21,2024-11-28,708,708.0,6.5638555265321274,district,12,21,2,1,0
ODCU070000612020,"Civil Judge Sr. Division,Athagarh",Odisha,CS,Civil Suit,2020-02-29,2024-02-29,1461,1461.0,7.2875606403097235,district,2,29,5,1,0
ODCU070000612020,"Civil Judge Sr. Division,Athagarh",Odisha,CS,Civil Suit,2020-02-29,2024-02-29,1461,1461.0,7.2875606403097235,district,2,29,5,1,0
ODCU070000632012,"Civil Judge Sr. Division,Athagarh",Odisha,CS,Civil Suit,2012-11-07,2024-07-09,4262,4262.0,8.35772841676521,district,11,7,2,1,1
ODCU070000622021,"Civil Judge Sr. Division,Athagarh",Odisha,CS,Civil Suit,2021-02-10,2024-07-11,1247,1247.0,7.129297548929373,district,2,10,2,1,0
ODMA060000462012,Senior Civil Judge,Odisha,CS,Civil Suit,2012-06-27,2024-09-23,4471,4471.0,8.405591014834934,district,6,27,2,1,1
ODSU020001722018,Civil Judge Senior Division Court Sundargarh,Odisha,CS,Civil Suit,2018-04-23,2024-09-11,2333,2333.0,7.755338812846501,district,4,23,0,1,1
ODSU020003412016,Civil Judge Senior Division Court Sundargarh,Odisha,CS,Civil Suit,2016-08-10,2024-04-09,2799,2799.0,7.937374696163295,district,8,10,2,1,1
ODSU020003412022,Civil Judge Senior Division Court Sundargarh,Odisha,CS,Civil Suit,2022-08-08,2024-11-05,820,820.0,6.710523109452428,district,8,8,0,1,0
ODSU020001752023,Civil Judge Senior Division Court Sundargarh,Odisha,CS,Civil Suit,2023-03-27,2024-04-10,380,380.0,5.942799375126701,district,3,27,0,1,0
ODSU030022992017,Chief Judicial Magistrate Court Sundargarh,Odisha,CS,Civil Suit,2017-11-01,2024-05-13,2385,2385.0,7.777373602657861,district,11,1,2,1,1
ODJG030008102023,"Civil Judge (Sr.Divn), Jagatsinghpur",Odisha,CS,Civil Suit,2023-08-14,2024-02-03,173,173.0,5.159055299214529,district,8,14,0,1,0
ODKJ090002752016,Civil Judge Sr. Divn. Anandpur,Odisha,CS,Civil Suit,2016-08-11,2024-07-31,2911,2911.0,7.976595409316577,district,8,11,3,1,1
ODKJ090002752017,Civil Judge Sr. Divn. Anandpur,Odisha,CS,Civil Suit,2017-07-25,2024-02-15,2396,2396.0,7.781973234434385,district,7,25,1,1,1
ODKJ090000902022,Civil Judge Sr. Divn. Anandpur,Odisha,CS,Civil Suit,2022-04-26,2024-05-18,753,753.0,6.625392368007956,district,4,26,1,1,0
ODBU030000862018,"Civil Judge(Senior Division),Boudh",Odisha,CS,Civil Suit,2018-07-09,2024-09-18,2263,2263.0,7.724888439323074,district,7,9,0,1,1
ODBU030000902023,"Civil Judge(Senior Division),Boudh",Odisha,CS,Civil Suit,2023-05-20,2024-09-13,482,482.0,6.180016653652572,district,5,20,5,1,0
ODBU030000902022,"Civil Judge(Senior Division),Boudh",Odisha,CS,Civil Suit,2022-06-21,2024-07-31,771,771.0,6.648984550024776,district,6,21,1,1,0
ODBU030000892022,"Civil Judge(Senior Division),Boudh",Odisha,CS,Civil Suit,2022-06-20,2024-07-12,753,753.0,6.625392368007956,district,6,20,0,1,0
ODSU020007722017,Civil Judge Senior Division Court Sundargarh,Odisha,CS,Civil Suit,2017-11-01,2024-03-09,2320,2320.0,7.749753406274437,district,11,1,2,1,1
ODSU020007692015,Civil Judge Senior Division Court Sundargarh,Odisha,CS,Civil Suit,2015-10-08,2024-01-03,3009,3009.0,8.009695357742922,district,10,8,3,1,1
ODSU020007692017,Civil Judge Senior Division Court Sundargarh,Odisha,CS,Civil Suit,2017-11-01,2024-09-14,2509,2509.0,7.828038032125829,district,11,1,2,1,1
ODSU030006212014,Chief Judicial Magistrate Court Sundargarh,Odisha,CS,Civil Suit,2014-11-18,2024-10-05,3609,3609.0,8.191463051326927,district,11,18,1,1,1
ODSU020007982017,Civil Judge Senior Division Court Sundargarh,Odisha,CS,Civil Suit,2017-11-08,2024-03-09,2313,2313.0,7.746732907753622,district,11,8,2,1,1
ODSU020007992017,Civil Judge Senior Division Court Sundargarh,Odisha,CS,Civil Suit,2017-11-08,2024-03-09,2313,2313.0,7.746732907753622,district,11,8,2,1,1
ODSU020007962017,Civil Judge Senior Division Court Sundargarh,Odisha,CS,Civil Suit,2017-11-08,2024-12-14,2593,2593.0,7.860956364876389,district,11,8,2,1,1
ODCU070000022014,"Civil Judge Sr. Division,Athagarh",Odisha,CS,Civil Suit,2014-01-07,2024-08-16,3874,3874.0,8.262300941787448,district,1,7,1,1,1
ODCU070000022013,"Civil Judge Sr. Division,Athagarh",Odisha,CS,Civil Suit,2013-02-02,2024-01-31,4015,4015.0,8.298041661371565,district,2,2,5,1,1
ODCU070000032008,"Civil Judge Sr. Division,Athagarh",Odisha,CS,Civil Suit,2008-09-23,2024-07-02,5761,5761.0,8.659039915644474,district,9,23,1,1,1
ODCU070000032006,"Civil Judge Sr. Division,Athagarh",Odisha,CS,Civil Suit,2006-03-27,2024-01-22,6510,6510.0,8.781248333236862,district,3,27,0,1,1
ODCU070000012024,"Civil Judge Sr. Division,Athagarh",Odisha,CS,Civil Suit,2024-01-02,2024-08-29,240,240.0,5.484796933490655,district,1,2,1,0,0
ODCU070000012021,"Civil Judge Sr. Division,Athagarh",Odisha,CS,Civil Suit,2021-01-04,2024-07-09,1282,1282.0,7.1569563646156364,district,1,4,0,1,0
ODCU070000012007,"Civil Judge Sr. Division,Athagarh",Odisha,CS,Civil Suit,2007-02-28,2024-06-27,6329,6329.0,8.753055515138222,district,2,28,2,1,1
ODCU070000042014,"Civil Judge Sr. Division,Athagarh",Odisha,CS,Civil Suit,2014-04-02,2024-06-21,3733,3733.0,8.225235324101668,district,4,2,2,1,1
ODCU070001832019,"Civil Judge Sr. Division,Athagarh",Odisha,CS,Civil Suit,2019-04-10,2024-02-29,1786,1786.0,7.488293515159428,district,4,10,2,1,1
ODCU070000032003,"Civil Judge Sr. Division,Athagarh",Odisha,CS,Civil Suit,2003-03-26,2024-07-02,7769,6561.850000000007,8.958025443361693,district,3,26,2,1,1
ODCU070000042023,"Civil Judge Sr. Division,Athagarh",Odisha,CS,Civil Suit,2023-01-02,2024-06-21,536,536.0,6.285998094508865,district,1,2,0,1,0
ODCU070000042019,"Civil Judge Sr. Division,Athagarh",Odisha,CS,Civil Suit,2019-01-03,2024-03-11,1894,1894.0,7.546974117516527,district,1,3,3,1,1
ODCU070001832018,"Civil Judge Sr. Division,Athagarh",Odisha,CS,Civil Suit,2018-08-21,2024-07-01,2141,2141.0,7.669495251007694,district,8,21,1,1,1
ODMK030001132021,"Civil Judge Senior Division, Malkangiri",Odisha,CS,Civil Suit,2021-11-10,2024-10-05,1060,1060.0,6.966967138613983,district,11,10,2,1,0
ODJG030002872023,"Civil Judge (Sr.Divn), Jagatsinghpur",Odisha,CS,Civil Suit,2023-04-04,2024-03-09,340,340.0,5.831882477283517,district,4,4,1,1,0
ODJG040008822022,"Civil Judge Senior Division, Kujanga",Odisha,CS,Civil Suit,2022-10-28,2024-03-09,498,498.0,6.212606095751519,district,10,28,4,1,0
ODJG040008842023,"Civil Judge Senior Division, Kujanga",Odisha,CS,Civil Suit,2023-09-27,2024-12-06,436,436.0,6.07993319509559,district,9,27,2,1,0
ODJG040008902022,"Civil Judge Senior Division, Kujanga",Odisha,CS,Civil Suit,2022-10-31,2024-10-07,707,707.0,6.56244409369372,district,10,31,0,1,0
ODJG040008892022,"Civil Judge Senior Division, Kujanga",Odisha,CS,Civil Suit,2022-10-31,2024-10-01,701,701.0,6.553933404025811,district,10,31,0,1,0
ODJG040008892023,"Civil Judge Senior Division, Kujanga",Odisha,CS,Civil Suit,2023-10-03,2024-03-09,158,158.0,5.0689042022202315,district,10,3,1,1,0
ODJG040009002022,"Civil Judge Senior Division, Kujanga",Odisha,CS,Civil Suit,2022-11-01,2024-11-29,759,759.0,6.633318433280377,district,11,1,1,1,0
ODJG040008932022,"Civil Judge Senior Division, Kujanga",Odisha,CS,Civil Suit,2022-10-31,2024-12-17,778,778.0,6.658011045870748,district,10,31,0,1,0
ODJG040008912022,"Civil Judge Senior Division, Kujanga",Odisha,CS,Civil Suit,2022-10-31,2024-11-22,753,753.0,6.625392368007956,district,10,31,0,1,0
ODCU070000092022,"Civil Judge Sr. Division,Athagarh",Odisha,CS,Civil Suit,2022-01-05,2024-08-30,968,968.0,6.876264611890766,district,1,5,2,1,0
ODCU070000092010,"Civil Judge Sr. Division,Athagarh",Odisha,CS,Civil Suit,2010-10-29,2024-07-09,5002,5002.0,8.517793011488205,district,10,29,4,1,1
ODCU070000112003,"Civil Judge Sr. Division,Athagarh",Odisha,CS,Civil Suit,2003-08-21,2024-06-21,7610,6561.850000000007,8.937349848267392,district,8,21,3,1,1
ODBK030024082022,"Civil Judge Senior Division,Bhadrak",Odisha,CS,Civil Suit,2022-12-26,2024-06-18,540,540.0,6.293419278846481,district,12,26,0,1,0
ODBK030024062018,"Civil Judge Senior Division,Bhadrak",Odisha,CS,Civil Suit,2018-12-26,2024-06-18,2001,2001.0,7.601901959875166,district,12,26,2,1,1
ODGM0F0000022024,Civil Judge Sr Divison Khalikote,Odisha,CS,Civil Suit,2024-01-05,2024-02-12,38,38.0,3.6635616461296463,district,1,5,4,0,0
ODGM0F0000022023,Civil Judge Sr Divison Khalikote,Odisha,CS,Civil Suit,2023-01-04,2024-03-09,430,430.0,6.066108090103747,district,1,4,2,1,0
ODGM0F0000042024,Civil Judge Sr Divison Khalikote,Odisha,CS,Civil Suit,2024-01-05,2024-04-16,102,102.0,4.634728988229636,district,1,5,4,0,0
ODGM0F0000052024,Civil Judge Sr Divison Khalikote,Odisha,CS,Civil Suit,2024-01-05,2024-12-21,351,351.0,5.863631175598097,district,1,5,4,0,0
ODAN010009632024,"District and Sessions Judge, Anugul",Odisha,CS,Civil Suit,2024-06-26,2024-07-20,24,24.0,3.2188758248682006,district,6,26,2,0,0
ODGM0F0001962022,Civil Judge Sr Divison Khalikote,Odisha,CS,Civil Suit,2022-08-16,2024-03-14,576,576.0,6.3578422665081,district,8,16,1,1,0
ODBU030001072022,"Civil Judge(Senior Division),Boudh",Odisha,CS,Civil Suit,2022-07-30,2024-09-03,766,766.0,6.642486801367256,district,7,30,5,1,0
ODBU030001062021,"Civil Judge(Senior Division),Boudh",Odisha,CS,Civil Suit,2021-07-27,2024-06-27,1066,1066.0,6.9726062513017535,district,7,27,1,1,0
ODBU030001102023,"Civil Judge(Senior Division),Boudh",Odisha,CS,Civil Suit,2023-07-24,2024-08-07,380,380.0,5.942799375126701,district,7,24,0,1,0
ODBU030001102021,"Civil Judge(Senior Division),Boudh",Odisha,CS,Civil Suit,2021-07-29,2024-12-16,1236,1236.0,7.1204443723924875,district,7,29,3,1,0
ODAN030002622022,"Civil Judge Sr. Division, Anugul",Odisha,CS,Civil Suit,2022-04-12,2024-01-31,659,659.0,6.492239835020471,district,4,12,1,1,0
ODAN030002632023,"Civil Judge Sr. Division, Anugul",Odisha,CS,Civil Suit,2023-06-19,2024-04-11,297,297.0,5.697093486505405,district,6,19,0,1,0
ODAN030002652017,"Civil Judge Sr. Division, Anugul",Odisha,CS,Civil Suit,2017-07-12,2024-06-26,2541,2541.0,7.8407064517494,district,7,12,2,1,1
ODAN030002652022,"Civil Judge Sr. Division, Anugul",Odisha,CS,Civil Suit,2022-04-13,2024-01-08,635,635.0,6.455198563340122,district,4,13,2,1,0
ODAN030002642023,"Civil Judge Sr. Division, Anugul",Odisha,CS,Civil Suit,2023-06-19,2024-06-26,373,373.0,5.924255797414532,district,6,19,0,1,0
ODAN030002632024,"Civil Judge Sr. Division, Anugul",Odisha,CS,Civil Suit,2024-06-17,2024-08-12,56,56.0,4.04305126783455,district,6,17,0,0,0
ODAN030002632022,"Civil Judge Sr. Division, Anugul",Odisha,CS,Civil Suit,2022-04-12,2024-06-26,806,806.0,6.693323668269949,district,4,12,1,1,0
KLKK450000692023,Commercial Court Kozhikode,Kerala,CS,Civil Suit,2023-02-20,2024-10-30,618,618.0,6.428105272684596,district,2,20,0,1,0
KLKK450000702022,Commercial Court Kozhikode,Kerala,CS,Civil Suit,2022-01-25,2024-03-26,791,791.0,6.674561391814426,district,1,25,1,1,0
KLKK450000592024,Commercial Court Kozhikode,Kerala,CS,Civil Suit,2024-04-12,2024-07-12,91,91.0,4.5217885770490405,district,4,12,4,0,0
KLKK450000622024,Commercial Court Kozhikode,Kerala,CS,Civil Suit,2024-05-20,2024-11-18,182,182.0,5.209486152841421,district,5,20,0,0,0
KLKK450000612023,Commercial Court Kozhikode,Kerala,CS,Civil Suit,2023-02-14,2024-09-07,571,571.0,6.349138991379798,district,2,14,1,1,0
KLKK450000632024,Commercial Court Kozhikode,Kerala,CS,Civil Suit,2024-05-20,2024-07-26,67,67.0,4.219507705176107,district,5,20,0,0,0
KLKN270000242023,Commercial Court Thalassery,Kerala,CS,Civil Suit,2023-08-09,2024-09-10,398,398.0,5.988961416889864,district,8,9,2,1,0
KLID320000222023,Commercial Court Thodupuzha Idukki,Kerala,CS,Civil Suit,2023-02-14,2024-01-17,337,337.0,5.823045895483019,district,2,14,1,1,0
KLID320000322023,Commercial Court Thodupuzha Idukki,Kerala,CS,Civil Suit,2023-05-24,2024-03-22,303,303.0,5.717027701406222,district,5,24,2,1,0
KLID320000262023,Commercial Court Thodupuzha Idukki,Kerala,CS,Civil Suit,2023-03-21,2024-06-19,456,456.0,6.124683390894205,district,3,21,1,1,0
KLID320000352023,Commercial Court Thodupuzha Idukki,Kerala,CS,Civil Suit,2023-06-01,2024-04-05,309,309.0,5.736572297479192,district,6,1,3,1,0
KLID320000372023,Commercial Court Thodupuzha Idukki,Kerala,CS,Civil Suit,2023-06-16,2024-05-22,341,341.0,5.834810737062605,district,6,16,4,1,0
KLID320000312020,Commercial Court Thodupuzha Idukki,Kerala,CS,Civil Suit,2020-10-27,2024-07-20,1362,1362.0,7.217443431696533,district,10,27,1,1,0
KLID320000312020,Commercial Court Thodupuzha Idukki,Kerala,CS,Civil Suit,2020-10-27,2024-07-20,1362,1362.0,7.217443431696533,district,10,27,1,1,0
KLID320000382023,Commercial Court Thodupuzha Idukki,Kerala,CS,Civil Suit,2023-06-19,2024-08-08,416,416.0,6.0330862217988015,district,6,19,0,1,0
KLID320000392023,Commercial Court Thodupuzha Idukki,Kerala,CS,Civil Suit,2023-06-20,2024-03-01,255,255.0,5.545177444479562,district,6,20,1,1,0
KLID340000172023,"Commercial Court, Devikulam",Kerala,CS,Civil Suit,2023-08-10,2024-06-12,307,307.0,5.730099782973575,district,8,10,3,1,0
KLID340000142023,"Commercial Court, Devikulam",Kerala,CS,Civil Suit,2023-04-12,2024-12-05,603,603.0,6.403574197934815,district,4,12,2,1,0
KLKK450001542023,,Kerala,CS,Civil Suit,2023-08-09,2024-10-24,442,442.0,6.093569770045136,district,8,9,2,1,0
KLKK450001602023,,Kerala,CS,Civil Suit,2023-09-08,2024-09-26,384,384.0,5.953243334287785,district,9,8,4,1,0
KLKN260000012023,,Kerala,CS,Civil Suit,2023-01-04,2024-03-22,443,443.0,6.095824562432225,district,1,4,2,1,0
KLKK450000382023,Commercial Court Kozhikode,Kerala,CS,Civil Suit,2023-01-24,2024-01-10,351,351.0,5.863631175598097,district,1,24,1,1,0
KLKK450007552021,Commercial Court Kozhikode,Kerala,CS,Civil Suit,2021-07-27,2024-10-04,1165,1165.0,7.061334366910438,district,7,27,1,1,0
KLKK450000932020,Commercial Court Kozhikode,Kerala,CS,Civil Suit,2020-11-10,2024-09-26,1416,1416.0,7.256297239690681,district,11,10,1,1,0
KLKK450000932020,Commercial Court Kozhikode,Kerala,CS,Civil Suit,2020-11-10,2024-09-26,1416,1416.0,7.256297239690681,district,11,10,1,1,0
KLKK450000922023,Commercial Court Kozhikode,Kerala,CS,Civil Suit,2023-03-23,2024-07-01,466,466.0,6.1463292576688975,district,3,23,3,1,0
KLKK450000992023,Commercial Court Kozhikode,Kerala,CS,Civil Suit,2023-04-04,2024-08-24,508,508.0,6.2324480165505225,district,4,4,1,1,0
KLKK450000982024,Commercial Court Kozhikode,Kerala,CS,Civil Suit,2024-06-24,2024-11-08,137,137.0,4.927253685157205,district,6,24,0,0,0
KLKK450000972023,Commercial Court Kozhikode,Kerala,CS,Civil Suit,2023-03-31,2024-06-28,455,455.0,6.1224928095143865,district,3,31,4,1,0
KLKN260000242022,"Commercial Court, Kannur",Kerala,CS,Civil Suit,2022-08-29,2024-03-23,572,572.0,6.35088571671474,district,8,29,0,1,0
KLKN260000292023,"Commercial Court, Kannur",Kerala,CS,Civil Suit,2023-08-05,2024-10-30,452,452.0,6.115892125483034,district,8,5,5,1,0
KLKN260000282022,"Commercial Court, Kannur",Kerala,CS,Civil Suit,2022-08-29,2024-02-09,529,529.0,6.272877006546167,district,8,29,0,1,0
KLKN260000332023,"Commercial Court, Kannur",Kerala,CS,Civil Suit,2023-10-20,2024-06-29,253,253.0,5.537334267018537,district,10,20,4,1,0
KLKN260000352023,"Commercial Court, Kannur",Kerala,CS,Civil Suit,2023-11-09,2024-02-26,109,109.0,4.700480365792417,district,11,9,3,1,0
KLKN260000392023,"Commercial Court, Kannur",Kerala,CS,Civil Suit,2023-12-13,2024-03-11,89,89.0,4.499809670330265,district,12,13,2,1,0
KLKN260000322023,"Commercial Court, Kannur",Kerala,CS,Civil Suit,2023-09-29,2024-07-01,276,276.0,5.6240175061873385,district,9,29,4,1,0
KLKN260000262023,"Commercial Court, Kannur",Kerala,CS,Civil Suit,2023-07-11,2024-06-29,354,354.0,5.872117789475416,district,7,11,1,1,0
KLKN260000362023,"Commercial Court, Kannur",Kerala,CS,Civil Suit,2023-12-04,2024-07-26,235,235.0,5.4638318050256105,district,12,4,0,1,0
KLAL430000032023,"Commercial Court, Chengannur",Kerala,CS,Civil Suit,2023-11-29,2024-06-28,212,212.0,5.3612921657094255,district,11,29,2,1,0
KLID320000012023,Commercial Court Thodupuzha Idukki,Kerala,CS,Civil Suit,2023-01-06,2024-06-12,523,523.0,6.261491684321042,district,1,6,4,1,0
KLKK450001692023,Commercial Court Kozhikode,Kerala,CS,Civil Suit,2023-09-30,2024-01-06,98,98.0,4.59511985013459,district,9,30,5,1,0
KLKK450001782023,Commercial Court Kozhikode,Kerala,CS,Civil Suit,2023-10-26,2024-11-28,399,399.0,5.991464547107982,district,10,26,3,1,0
KLKK450001752023,Commercial Court Kozhikode,Kerala,CS,Civil Suit,2023-10-16,2024-12-18,429,429.0,6.063785208687608,district,10,16,0,1,0
KLID330000352022,"Commercial Court, Kattappana",Kerala,CS,Civil Suit,2022-10-18,2024-06-24,615,615.0,6.423246963533519,district,10,18,1,1,0
KLID330000452022,"Commercial Court, Kattappana",Kerala,CS,Civil Suit,2022-10-18,2024-09-06,689,689.0,6.536691597591305,district,10,18,1,1,0
KLID330000372022,"Commercial Court, Kattappana",Kerala,CS,Civil Suit,2022-10-18,2024-09-30,713,713.0,6.570882962339584,district,10,18,1,1,0
KLID330000382022,"Commercial Court, Kattappana",Kerala,CS,Civil Suit,2022-10-18,2024-11-20,764,764.0,6.639875833826536,district,10,18,1,1,0
KLID330000412023,"Commercial Court, Kattappana",Kerala,CS,Civil Suit,2023-07-01,2024-02-06,220,220.0,5.3981627015177525,district,7,1,5,1,0
KLID330000422023,"Commercial Court, Kattappana",Kerala,CS,Civil Suit,2023-07-06,2024-12-19,532,532.0,6.278521424165844,district,7,6,3,1,0
KLID330000482022,"Commercial Court, Kattappana",Kerala,CS,Civil Suit,2022-10-18,2024-08-30,682,682.0,6.52649485957079,district,10,18,1,1,0
KLID330000522022,"Commercial Court, Kattappana",Kerala,CS,Civil Suit,2022-10-26,2024-11-30,766,766.0,6.642486801367256,district,10,26,2,1,0
KLKN300000662022,"Commercial Court, Payyannur",Kerala,CS,Civil Suit,2022-10-31,2024-10-17,717,717.0,6.576469569048224,district,10,31,0,1,0
KLKN300000712022,"Commercial Court, Payyannur",Kerala,CS,Civil Suit,2022-12-07,2024-09-06,639,639.0,6.461468176353717,district,12,7,2,1,0
KLKN300000382022,"Commercial Court, Payyannur",Kerala,CS,Civil Suit,2022-10-11,2024-09-09,699,699.0,6.551080335043404,district,10,11,1,1,0
KLKK450000312022,Commercial Court Kozhikode,Kerala,CS,Civil Suit,2021-12-22,2024-06-22,913,913.0,6.81783057145415,district,12,22,2,1,0
KLKK450000322024,Commercial Court Kozhikode,Kerala,CS,Civil Suit,2024-02-27,2024-06-28,122,122.0,4.812184355372417,district,2,27,1,0,0
KLPT200000922021,"COMMERCIAL COURT , PATHANAMTHITTA",Kerala,CS,Civil Suit,2021-08-12,2024-01-24,895,895.0,6.79794041297493,district,8,12,3,1,0
KLKK450000092023,Commercial Court Kozhikode,Kerala,CS,Civil Suit,2023-01-19,2024-06-10,508,508.0,6.2324480165505225,district,1,19,3,1,0
KLID320002172022,Commercial Court Thodupuzha Idukki,Kerala,CS,Civil Suit,2022-08-23,2024-06-15,662,662.0,6.4967749901858625,district,8,23,1,1,0
KLID320002122022,Commercial Court Thodupuzha Idukki,Kerala,CS,Civil Suit,2022-08-16,2024-06-01,655,655.0,6.486160788944089,district,8,16,1,1,0
KLID320002492022,Commercial Court Thodupuzha Idukki,Kerala,CS,Civil Suit,2022-12-20,2024-10-23,673,673.0,6.513230110912307,district,12,20,1,1,0
KLID330000032024,"Commercial Court, Kattappana",Kerala,CS,Civil Suit,2024-01-10,2024-07-30,202,202.0,5.313205979041787,district,1,10,2,0,0
KLID330000042024,"Commercial Court, Kattappana",Kerala,CS,Civil Suit,2024-01-18,2024-08-31,226,226.0,5.424950017481403,district,1,18,3,0,0
KLID330000072024,"Commercial Court, Kattappana",Kerala,CS,Civil Suit,2024-02-20,2024-06-29,130,130.0,4.875197323201151,district,2,20,1,0,0
KLID330000112023,"Commercial Court, Kattappana",Kerala,CS,Civil Suit,2023-03-16,2024-11-14,609,609.0,6.413458957167357,district,3,16,3,1,0
KLID330000132023,"Commercial Court, Kattappana",Kerala,CS,Civil Suit,2023-03-28,2024-08-17,508,508.0,6.2324480165505225,district,3,28,1,1,0
KLID330000122023,"Commercial Court, Kattappana",Kerala,CS,Civil Suit,2023-03-17,2024-08-31,533,533.0,6.280395838960195,district,3,17,4,1,0
KLID330000062023,"Commercial Court, Kattappana",Kerala,CS,Civil Suit,2023-02-10,2024-12-19,678,678.0,6.520621127558696,district,2,10,4,1,0
KLID330000122022,"Commercial Court, Kattappana",Kerala,CS,Civil Suit,2022-10-18,2024-06-19,610,610.0,6.415096959171596,district,10,18,1,1,0
KLID330000102023,"Commercial Court, Kattappana",Kerala,CS,Civil Suit,2023-03-10,2024-07-30,508,508.0,6.2324480165505225,district,3,10,4,1,0
KLKK450000572020,Commercial Court Kozhikode,Kerala,CS,Civil Suit,2020-12-01,2024-07-20,1327,1327.0,7.191429330036379,district,12,1,1,1,0
KLKK450000572020,Commercial Court Kozhikode,Kerala,CS,Civil Suit,2020-12-01,2024-07-20,1327,1327.0,7.191429330036379,district,12,1,1,1,0
KLKK450002182020,Commercial Court Kozhikode,Kerala,CS,Civil Suit,2020-12-08,2024-08-29,1360,1360.0,7.215975002651466,district,12,8,1,1,0
KLKK450002182020,Commercial Court Kozhikode,Kerala,CS,Civil Suit,2020-12-08,2024-08-29,1360,1360.0,7.215975002651466,district,12,8,1,1,0
KLKN300000112022,"Commercial Court, Payyannur",Kerala,CS,Civil Suit,2022-09-01,2024-11-18,809,809.0,6.697034247666484,district,9,1,3,1,0
KLKN300000102022,"Commercial Court, Payyannur",Kerala,CS,Civil Suit,2022-09-01,2024-11-18,809,809.0,6.697034247666484,district,9,1,3,1,0
KLKN300000122022,"Commercial Court, Payyannur",Kerala,CS,Civil Suit,2022-09-01,2024-10-08,768,768.0,6.645090969505644,district,9,1,3,1,0
KLKN300000162022,"Commercial Court, Payyannur",Kerala,CS,Civil Suit,2022-09-01,2024-10-08,768,768.0,6.645090969505644,district,9,1,3,1,0
KLKN300000092023,"Commercial Court, Payyannur",Kerala,CS,Civil Suit,2023-05-20,2024-05-28,374,374.0,5.926926025970411,district,5,20,5,1,0
KLKK450002152022,Commercial Court Kozhikode,Kerala,CS,Civil Suit,2022-03-04,2024-11-14,986,986.0,6.894670039433482,district,3,4,4,1,0
KLKK500000222024,"Commercial Court, Koyilandy",Kerala,CS,Civil Suit,2024-04-11,2024-11-26,229,229.0,5.438079308923196,district,4,11,3,0,0
KLKK500000232023,"Commercial Court, Koyilandy",Kerala,CS,Civil Suit,2023-02-27,2024-06-22,481,481.0,6.1779441140506,district,2,27,0,1,0
KLKK500000272023,"Commercial Court, Koyilandy",Kerala,CS,Civil Suit,2023-02-27,2024-10-30,611,611.0,6.416732282512326,district,2,27,0,1,0
KLKK500000332022,"Commercial Court, Koyilandy",Kerala,CS,Civil Suit,2022-10-28,2024-10-30,733,733.0,6.598509028614515,district,10,28,4,1,0
KLKK500000312024,"Commercial Court, Koyilandy",Kerala,CS,Civil Suit,2024-05-27,2024-09-13,109,109.0,4.700480365792417,district,5,27,0,0,0
KLKK500000362023,"Commercial Court, Koyilandy",Kerala,CS,Civil Suit,2023-01-20,2024-02-07,383,383.0,5.950642552587727,district,1,20,4,1,0
KLKK500000372024,"Commercial Court, Koyilandy",Kerala,CS,Civil Suit,2024-07-27,2024-11-01,97,97.0,4.584967478670572,district,7,27,5,0,0
KLKK500000352023,"Commercial Court, Koyilandy",Kerala,CS,Civil Suit,2023-01-20,2024-04-04,440,440.0,6.089044875446846,district,1,20,4,1,0
KLKK500000412023,"Commercial Court, Koyilandy",Kerala,CS,Civil Suit,2023-03-27,2024-09-06,529,529.0,6.272877006546167,district,3,27,0,1,0
KLKK500000422024,"Commercial Court, Koyilandy",Kerala,CS,Civil Suit,2024-09-06,2024-11-15,70,70.0,4.2626798770413155,district,9,6,4,0,0
KLKK500000382024,"Commercial Court, Koyilandy",Kerala,CS,Civil Suit,2024-07-27,2024-12-20,146,146.0,4.990432586778736,district,7,27,5,0,0
KLID320000172023,Commercial Court Thodupuzha Idukki,Kerala,CS,Civil Suit,2023-02-02,2024-01-03,335,335.0,5.817111159963204,district,2,2,3,1,0
KLKN270000372023,Commercial Court Thalassery,Kerala,CS,Civil Suit,2023-11-27,2024-12-21,390,390.0,5.968707559985366,district,11,27,0,1,0
KLKK450001182022,,Kerala,CS,Civil Suit,2022-02-10,2024-10-25,988,988.0,6.8966943316227125,district,2,10,3,1,0
KLKK450001192024,,Kerala,CS,Civil Suit,2024-08-08,2024-09-13,36,36.0,3.6109179126442243,district,8,8,3,0,0
KLKK450001242023,,Kerala,CS,Civil Suit,2023-06-08,2024-01-05,211,211.0,5.356586274672012,district,6,8,3,1,0
KLKK450001252023,,Kerala,CS,Civil Suit,2023-06-08,2024-10-15,495,495.0,6.206575926724928,district,6,8,3,1,0
KLID320000572023,Commercial Court Thodupuzha Idukki,Kerala,CS,Civil Suit,2023-12-15,2024-09-13,273,273.0,5.6131281063880705,district,12,15,4,1,0
KLID320000612020,Commercial Court Thodupuzha Idukki,Kerala,CS,Civil Suit,2020-12-07,2024-07-27,1328,1328.0,7.192182058713246,district,12,7,0,1,0
KLID320000612020,Commercial Court Thodupuzha Idukki,Kerala,CS,Civil Suit,2020-12-07,2024-07-27,1328,1328.0,7.192182058713246,district,12,7,0,1,0
KLID320000662020,Commercial Court Thodupuzha Idukki,Kerala,CS,Civil Suit,2020-12-09,2024-07-02,1301,1301.0,7.171656822768514,district,12,9,2,1,0
KLID320000662020,Commercial Court Thodupuzha Idukki,Kerala,CS,Civil Suit,2020-12-09,2024-07-02,1301,1301.0,7.171656822768514,district,12,9,2,1,0
KLKK510000262022,Commercial Court Vatakara,Kerala,CS,Civil Suit,2022-11-03,2024-01-10,433,433.0,6.073044534100405,district,11,3,3,1,0
KLKK510000382022,Commercial Court Vatakara,Kerala,CS,Civil Suit,2022-10-01,2024-02-12,499,499.0,6.214608098422191,district,10,1,5,1,0
KLKK510000582022,Commercial Court Vatakara,Kerala,CS,Civil Suit,2022-09-30,2024-02-26,514,514.0,6.244166900663736,district,9,30,4,1,0
KLKK510000562022,Commercial Court Vatakara,Kerala,CS,Civil Suit,2022-10-15,2024-01-31,473,473.0,6.161207321695077,district,10,15,5,1,0
UPHC020038152024,Allahabad High Court (Lucknow),Uttar Pradesh,BA,Bail Application,2024-01-17,2024-01-24,7,7.0,2.0794415416798357,hc,1,17,2,0,0
UPHP010053782024,District and Session Court Hapur,Uttar Pradesh,BA,Bail Application,2024-09-10,2024-09-23,13,13.0,2.639057329615259,district,9,10,1,0,0
UPFT010001422024,District and Sessions Court,Uttar Pradesh,BA,Bail Application,2024-01-10,2024-01-16,6,6.0,1.9459101490553132,district,1,10,2,0,0
UPBL010038632024,District and Sessions Judge,Uttar Pradesh,BA,Bail Application,2024-08-08,2024-08-27,19,19.0,2.995732273553991,district,8,8,3,0,0
UPBL010038642024,District and Sessions Judge,Uttar Pradesh,BA,Bail Application,2024-08-08,2024-08-27,19,19.0,2.995732273553991,district,8,8,3,0,0
UPBL010032432024,District and Sessions Judge,Uttar Pradesh,BA,Bail Application,2024-07-09,2024-07-18,9,9.0,2.302585092994046,district,7,9,1,0,0
UPBU040003042024,Chief Judicial Magistrate,Uttar Pradesh,BA,Bail Application,2024-01-06,2024-01-10,4,4.0,1.6094379124341003,district,1,6,5,0,0
UPBU040031462024,Chief Judicial Magistrate,Uttar Pradesh,BA,Bail Application,2024-02-19,2024-02-20,1,1.0,0.6931471805599453,district,2,19,0,0,0
UPSD010041512024,District and Session Judge,Uttar Pradesh,BA,Bail Application,2024-11-22,2024-11-28,6,6.0,1.9459101490553132,district,11,22,4,0,0
UPSD010041542024,District and Session Judge,Uttar Pradesh,BA,Bail Application,2024-11-22,2024-11-29,7,7.0,2.0794415416798357,district,11,22,4,0,0
UPSD010041552024,District and Session Judge,Uttar Pradesh,BA,Bail Application,2024-11-22,2024-11-28,6,6.0,1.9459101490553132,district,11,22,4,0,0
UPSD010041522024,District and Session Judge,Uttar Pradesh,BA,Bail Application,2024-11-22,2024-11-27,5,5.0,1.791759469228055,district,11,22,4,0,0
UPSD010041532024,District and Session Judge,Uttar Pradesh,BA,Bail Application,2024-11-22,2024-11-28,6,6.0,1.9459101490553132,district,11,22,4,0,0
UPDE040119162023,Chief Judicial Magistrate,Uttar Pradesh,BA,Bail Application,2023-07-15,2024-06-29,350,350.0,5.860786223465865,district,7,15,5,1,0
UPDE040119152023,Chief Judicial Magistrate,Uttar Pradesh,BA,Bail Application,2023-07-15,2024-06-29,350,350.0,5.860786223465865,district,7,15,5,1,0
UPDE040119172023,Chief Judicial Magistrate,Uttar Pradesh,BA,Bail Application,2023-07-15,2024-06-29,350,350.0,5.860786223465865,district,7,15,5,1,0
UPHC020488542024,Allahabad High Court (Lucknow),Uttar Pradesh,BA,Bail Application,2024-07-18,2024-07-23,5,5.0,1.791759469228055,hc,7,18,3,0,0
UPSH010068222024,District and Sessions Judge,Uttar Pradesh,BA,Bail Application,2024-09-27,2024-10-09,12,12.0,2.5649493574615367,district,9,27,4,0,0
UPSH010068142024,District and Sessions Judge,Uttar Pradesh,BA,Bail Application,2024-09-27,2024-10-09,12,12.0,2.5649493574615367,district,9,27,4,0,0
UPSH010068152024,District and Sessions Judge,Uttar Pradesh,BA,Bail Application,2024-09-27,2024-10-18,21,21.0,3.091042453358316,district,9,27,4,0,0
UPSH010068132024,District and Sessions Judge,Uttar Pradesh,BA,Bail Application,2024-09-27,2024-10-23,26,26.0,3.295836866004329,district,9,27,4,0,0
UPSH010068172024,District and Sessions Judge,Uttar Pradesh,BA,Bail Application,2024-09-27,2024-10-08,11,11.0,2.4849066497880004,district,9,27,4,0,0
UPSH010068192024,District and Sessions Judge,Uttar Pradesh,BA,Bail Application,2024-09-27,2024-10-16,19,19.0,2.995732273553991,district,9,27,4,0,0
UPSH010068212024,District and Sessions Judge,Uttar Pradesh,BA,Bail Application,2024-09-27,2024-11-28,62,62.0,4.143134726391533,district,9,27,4,0,0
UPSH010068182024,District and Sessions Judge,Uttar Pradesh,BA,Bail Application,2024-09-27,2024-10-18,21,21.0,3.091042453358316,district,9,27,4,0,0
UPSH010068202024,District and Sessions Judge,Uttar Pradesh,BA,Bail Application,2024-09-27,2024-10-18,21,21.0,3.091042453358316,district,9,27,4,0,0
UPSH010068122024,District and Sessions Judge,Uttar Pradesh,BA,Bail Application,2024-09-27,2024-10-18,21,21.0,3.091042453358316,district,9,27,4,0,0
UPDE040119182024,Chief Judicial Magistrate,Uttar Pradesh,BA,Bail Application,2024-07-30,2024-09-14,46,46.0,3.8501476017100584,district,7,30,1,0,0
UPDE040119182023,Chief Judicial Magistrate,Uttar Pradesh,BA,Bail Application,2023-07-15,2024-06-29,350,350.0,5.860786223465865,district,7,15,5,1,0
UPFT010007132024,District and Sessions Court,Uttar Pradesh,BA,Bail Application,2024-02-08,2024-02-19,11,11.0,2.4849066497880004,district,2,8,3,0,0
UPLK040595472024,Chief Judicial Magistrate Lucknow,Uttar Pradesh,BA,Bail Application,2024-05-30,2024-06-04,5,5.0,1.791759469228055,district,5,30,3,0,0
UPLK040595492024,Chief Judicial Magistrate Lucknow,Uttar Pradesh,BA,Bail Application,2024-05-30,2024-06-04,5,5.0,1.791759469228055,district,5,30,3,0,0
UPSR010017192024,"District and Sessions Judge, Shravasti",Uttar Pradesh,BA,Bail Application,2024-09-30,2024-10-04,4,4.0,1.6094379124341003,district,9,30,0,0,0
UPSR010017122024,"District and Sessions Judge, Shravasti",Uttar Pradesh,BA,Bail Application,2024-09-30,2024-10-17,17,17.0,2.8903717578961645,district,9,30,0,0,0
MHNS230017072022,CIVIL AND CRIMINAL COURT IGATPURI.,Maharashtra,CS,Civil Suit,2022-11-16,2024-12-17,762,762.0,6.637258031284457,district,11,16,2,1,0
HCBM040189062022,Bombay HC (Nagpur Bench),Maharashtra,CS,Civil Suit,2022-08-04,2024-02-22,567,567.0,6.342121418721152,hc,8,4,3,1,0
MHST100000992024,CIVIL JUDGE JR. DN. J.M.F.C. Mahabaleshwar,Maharashtra,CS,Civil Suit,2024-02-16,2024-07-27,162,162.0,5.093750200806762,district,2,16,4,0,0
MHSO110002432024,"CJJD and JMFC, Malshiras",Maharashtra,CS,Civil Suit,2024-02-07,2024-02-27,20,20.0,3.044522437723423,district,2,7,2,0,0
MHAU070002132024,CIVIL AND CRIMINAL COURT GANGAPUR DIST. AURANGABAD,Maharashtra,CS,Civil Suit,2024-01-16,2024-04-16,91,91.0,4.5217885770490405,district,1,16,1,0,0
MHAU070006102009,CIVIL AND CRIMINAL COURT GANGAPUR DIST. AURANGABAD,Maharashtra,CS,Civil Suit,2009-07-15,2024-12-02,5619,5619.0,8.634086942887738,district,7,15,2,1,1
MHND190008982024,CIVIL JUDGE J.D. J.M.F.C. LOHA,Maharashtra,CS,Civil Suit,2024-07-24,2024-07-27,3,3.0,1.3862943611198906,district,7,24,2,0,0
MHAU070027582019,CIVIL AND CRIMINAL COURT GANGAPUR DIST. AURANGABAD,Maharashtra,CS,Civil Suit,2019-11-27,2024-07-24,1701,1701.0,7.43955930913332,district,11,27,2,1,1
MHBI140002572024,"CIVIL COURT Jr.Dn., ASHTI.",Maharashtra,CS,Civil Suit,2024-02-08,2024-03-03,24,24.0,3.2188758248682006,district,2,8,3,0,0
MHBI140028252023,"CIVIL COURT Jr.Dn., ASHTI.",Maharashtra,CS,Civil Suit,2023-12-15,2024-08-28,257,257.0,5.552959584921617,district,12,15,4,1,0
MHBI150007512024,CIVIL JUDGE J.D. J.M.F.C. PATODA.,Maharashtra,CS,Civil Suit,2024-06-18,2024-10-08,112,112.0,4.727387818712341,district,6,18,1,0,0
MHBI150007482024,CIVIL JUDGE J.D. J.M.F.C. PATODA.,Maharashtra,CS,Civil Suit,2024-06-18,2024-09-28,102,102.0,4.634728988229636,district,6,18,1,0,0
MHBU050005932012,CIVIL JUDGE SR.DN. KHAMGAON,Maharashtra,CS,Civil Suit,2012-09-18,2024-03-28,4209,4209.0,8.345217926676428,district,9,18,1,1,1
MHPU150000492022,CIVIL COURT SENIOR DIVISION BARAMATI DIST PUNE,Maharashtra,CS,Civil Suit,2022-01-06,2024-07-25,931,931.0,6.837332814685591,district,1,6,3,1,0
MHPU150000482024,CIVIL COURT SENIOR DIVISION BARAMATI DIST PUNE,Maharashtra,CS,Civil Suit,2024-01-05,2024-02-09,35,35.0,3.58351893845611,district,1,5,4,0,0
MHPU150000492024,CIVIL COURT SENIOR DIVISION BARAMATI DIST PUNE,Maharashtra,CS,Civil Suit,2024-01-05,2024-02-16,42,42.0,3.7612001156935624,district,1,5,4,0,0
MHPU150000502020,CIVIL COURT SENIOR DIVISION BARAMATI DIST PUNE,Maharashtra,CS,Civil Suit,2020-01-14,2024-01-20,1467,1467.0,7.291656209174461,district,1,14,1,1,0
MHPU150000502020,CIVIL COURT SENIOR DIVISION BARAMATI DIST PUNE,Maharashtra,CS,Civil Suit,2020-01-14,2024-01-20,1467,1467.0,7.291656209174461,district,1,14,1,1,0
MHPU150000492020,CIVIL COURT SENIOR DIVISION BARAMATI DIST PUNE,Maharashtra,CS,Civil Suit,2020-01-13,2024-01-20,1468,1468.0,7.292337176173877,district,1,13,0,1,0
MHPU150000492020,CIVIL COURT SENIOR DIVISION BARAMATI DIST PUNE,Maharashtra,CS,Civil Suit,2020-01-13,2024-01-20,1468,1468.0,7.292337176173877,district,1,13,0,1,0
MHPU150001712021,CIVIL COURT SENIOR DIVISION BARAMATI DIST PUNE,Maharashtra,CS,Civil Suit,2021-01-29,2024-01-20,1086,1086.0,6.99117688712121,district,1,29,4,1,0
MHPU150000502024,CIVIL COURT SENIOR DIVISION BARAMATI DIST PUNE,Maharashtra,CS,Civil Suit,2024-01-05,2024-02-09,35,35.0,3.58351893845611,district,1,5,4,0,0
MHPU150001722016,CIVIL COURT SENIOR DIVISION BARAMATI DIST PUNE,Maharashtra,CS,Civil Suit,2016-01-12,2024-01-20,2930,2930.0,7.983098940710892,district,1,12,1,1,1
MHPU150002812022,CIVIL COURT SENIOR DIVISION BARAMATI DIST PUNE,Maharashtra,CS,Civil Suit,2022-02-08,2024-01-20,711,711.0,6.568077911411976,district,2,8,1,1,0
MHTH080007122017,CIVIL COURT J.D. KALYAN,Maharashtra,CS,Civil Suit,2017-10-06,2024-07-08,2467,2467.0,7.811163385025279,district,10,6,4,1,1
MHTH080008772016,CIVIL COURT J.D. KALYAN,Maharashtra,CS,Civil Suit,2016-08-19,2024-03-03,2753,2753.0,7.9208096792886,district,8,19,4,1,1
MHJG050031792023,CIVIL COURT SENIOR DIVISION JALGAON,Maharashtra,CS,Civil Suit,2023-09-02,2024-05-08,249,249.0,5.521460917862246,district,9,2,5,1,0
MHJG050031782023,CIVIL COURT SENIOR DIVISION JALGAON,Maharashtra,CS,Civil Suit,2023-09-02,2024-05-07,248,248.0,5.517452896464707,district,9,2,5,1,0
MHJG050031812023,CIVIL COURT SENIOR DIVISION JALGAON,Maharashtra,CS,Civil Suit,2023-09-02,2024-05-09,250,250.0,5.5254529391317835,district,9,2,5,1,0
MHAU100008712018,"CIVIL AND CRIMINAL COURT, KHULTABAD DIST. AURANGABAD.",Maharashtra,CS,Civil Suit,2018-11-19,2024-08-30,2111,2111.0,7.655390644826152,district,11,19,0,1,1
MHPU020048652023,CIVIL COURT PUNE MAHARASHTRA,Maharashtra,CS,Civil Suit,2023-06-20,2024-07-16,392,392.0,5.973809611869261,district,6,20,1,1,0
MHAM020033482022,CIVIL JUDGE SENIOR DIVISION,Maharashtra,CS,Civil Suit,2022-03-29,2024-12-14,991,991.0,6.899723107284872,district,3,29,1,1,0
MHAM020033532022,CIVIL JUDGE SENIOR DIVISION,Maharashtra,CS,Civil Suit,2022-03-29,2024-04-03,736,736.0,6.602587892189336,district,3,29,1,1,0
MHDH020027042024,"CIVIL COURT SENIOR DIVISION, DHULE",Maharashtra,CS,Civil Suit,2024-06-12,2024-07-27,45,45.0,3.828641396489095,district,6,12,2,0,0
MHDH020027052024,"CIVIL COURT SENIOR DIVISION, DHULE",Maharashtra,CS,Civil Suit,2024-06-12,2024-07-27,45,45.0,3.828641396489095,district,6,12,2,0,0
MHAU120002352017,CIVIL CRIMINAL COURT SOYGAON DIST. AURANGABAD,Maharashtra,CS,Civil Suit,2017-06-05,2024-01-02,2402,2402.0,7.784473235736469,district,6,5,0,1,1
MHKO020021022022,CIVIL COURT SENIOR DIVISION KOLHAPUR.,Maharashtra,CS,Civil Suit,2022-06-23,2024-07-24,762,762.0,6.637258031284457,district,6,23,3,1,0
MHKO020006942024,CIVIL COURT SENIOR DIVISION KOLHAPUR.,Maharashtra,CS,Civil Suit,2024-02-22,2024-03-16,23,23.0,3.1780538303479458,district,2,22,3,0,0
MHPU020014282023,CIVIL COURT PUNE MAHARASHTRA,Maharashtra,CS,Civil Suit,2023-02-13,2024-02-12,364,364.0,5.8998973535824915,district,2,13,0,1,0
MHPU020033242024,CIVIL COURT PUNE MAHARASHTRA,Maharashtra,CS,Civil Suit,2024-04-20,2024-10-09,172,172.0,5.153291594497779,district,4,20,5,0,0
HCMA010077402009,Madras HC (Chennai),Tamil Nadu,CS,Civil Suit,2009-03-11,2024-09-06,5658,5658.0,8.641002477142523,hc,3,11,2,1,1
MHPU020024552023,CIVIL COURT PUNE MAHARASHTRA,Maharashtra,CS,Civil Suit,2023-03-18,2024-07-27,497,497.0,6.210600077024653,district,3,18,5,1,0
MHPU020024562020,CIVIL COURT PUNE MAHARASHTRA,Maharashtra,CS,Civil Suit,2020-07-10,2024-07-27,1478,1478.0,7.2991214627108,district,7,10,4,1,0
MHPU020024562020,CIVIL COURT PUNE MAHARASHTRA,Maharashtra,CS,Civil Suit,2020-07-10,2024-07-27,1478,1478.0,7.2991214627108,district,7,10,4,1,0
MHPU020024512023,CIVIL COURT PUNE MAHARASHTRA,Maharashtra,CS,Civil Suit,2023-03-18,2024-07-27,497,497.0,6.210600077024653,district,3,18,5,1,0
MHPU020024542021,CIVIL COURT PUNE MAHARASHTRA,Maharashtra,CS,Civil Suit,2021-03-12,2024-07-29,1235,1235.0,7.119635638017636,district,3,12,4,1,0
MHTH070020622023,CIVIL COURT S.D. KALYAN,Maharashtra,CS,Civil Suit,2023-04-25,2024-07-24,456,456.0,6.124683390894205,district,4,25,1,1,0
MHTH070020632020,CIVIL COURT S.D. KALYAN,Maharashtra,CS,Civil Suit,2020-12-01,2024-09-25,1394,1394.0,7.240649694255466,district,12,1,1,1,0
MHTH070020632020,CIVIL COURT S.D. KALYAN,Maharashtra,CS,Civil Suit,2020-12-01,2024-09-25,1394,1394.0,7.240649694255466,district,12,1,1,1,0
MHAU020036322022,CIVIL COURT SENIOR DIVISION AURANGABAD,Maharashtra,CS,Civil Suit,2022-04-25,2024-02-03,649,649.0,6.476972362889683,district,4,25,0,1,0
MHNS230014322016,CIVIL AND CRIMINAL COURT IGATPURI.,Maharashtra,CS,Civil Suit,2016-09-22,2024-04-01,2748,2748.0,7.918992488165245,district,9,22,3,1,1
MHKO050068862023,IN THE COURT OF SENIOR DIVISION ICHALKARANJI,Maharashtra,CS,Civil Suit,2023-12-19,2024-04-04,107,107.0,4.68213122712422,district,12,19,1,1,0
MHKO050068842023,IN THE COURT OF SENIOR DIVISION ICHALKARANJI,Maharashtra,CS,Civil Suit,2023-12-19,2024-04-04,107,107.0,4.68213122712422,district,12,19,1,1,0
MHKO050068872023,IN THE COURT OF SENIOR DIVISION ICHALKARANJI,Maharashtra,CS,Civil Suit,2023-12-19,2024-02-09,52,52.0,3.970291913552122,district,12,19,1,1,0
MHKO050068882023,IN THE COURT OF SENIOR DIVISION ICHALKARANJI,Maharashtra,CS,Civil Suit,2023-12-19,2024-02-09,52,52.0,3.970291913552122,district,12,19,1,1,0
MHBI020037022024,CIVIL COURT SENIOR DIVISION COURT BEED.,Maharashtra,CS,Civil Suit,2024-11-26,2024-12-14,18,18.0,2.9444389791664403,district,11,26,1,0,0
MHBI020037142024,CIVIL COURT SENIOR DIVISION COURT BEED.,Maharashtra,CS,Civil Suit,2024-11-27,2024-12-14,17,17.0,2.8903717578961645,district,11,27,2,0,0
MHKO090001192024,CIVIL COURT SENIOR DIVISION GADHINGLAJ,Maharashtra,CS,Civil Suit,2024-02-27,2024-03-03,5,5.0,1.791759469228055,district,2,27,1,0,0
MHKO090002822012,CIVIL COURT SENIOR DIVISION GADHINGLAJ,Maharashtra,CS,Civil Suit,2012-12-21,2024-05-06,4154,4154.0,8.332067707289548,district,12,21,4,1,1
MHTH200002782014,"CIVIL COURT, SHAHAPUR",Maharashtra,CS,Civil Suit,2014-04-25,2024-02-08,3576,3576.0,8.182279739259018,district,4,25,4,1,1
MHLA130011102024,IN THE COURT OF CJJD AND JMFC RENAPUR,Maharashtra,CS,Civil Suit,2024-12-13,2024-12-14,1,1.0,0.6931471805599453,district,12,13,4,0,0
MHLA130011112024,IN THE COURT OF CJJD AND JMFC RENAPUR,Maharashtra,CS,Civil Suit,2024-12-13,2024-12-14,1,1.0,0.6931471805599453,district,12,13,4,0,0
MHLA130011112019,IN THE COURT OF CJJD AND JMFC RENAPUR,Maharashtra,CS,Civil Suit,2019-12-04,2024-11-04,1797,1797.0,7.494430215031565,district,12,4,2,1,1
MHLA140002622024,Civil Judge Junior Division Ausa,Maharashtra,CS,Civil Suit,2024-01-24,2024-03-03,39,39.0,3.6888794541139363,district,1,24,2,0,0
MHLA140002642021,Civil Judge Junior Division Ausa,Maharashtra,CS,Civil Suit,2021-02-01,2024-07-27,1272,1272.0,7.149131598557407,district,2,1,0,1,0
MHLA140007712024,Civil Judge Junior Division Ausa,Maharashtra,CS,Civil Suit,2024-03-01,2024-03-03,2,2.0,1.0986122886681096,district,3,1,4,0,0
MHSO170029412023,CIVIL AND CRIMINAL COURT MADHA,Maharashtra,CS,Civil Suit,2023-09-26,2024-07-27,305,305.0,5.723585101952381,district,9,26,1,1,0
MHSO170029422023,CIVIL AND CRIMINAL COURT MADHA,Maharashtra,CS,Civil Suit,2023-09-26,2024-07-27,305,305.0,5.723585101952381,district,9,26,1,1,0
MHSO170029432023,CIVIL AND CRIMINAL COURT MADHA,Maharashtra,CS,Civil Suit,2023-09-26,2024-07-27,305,305.0,5.723585101952381,district,9,26,1,1,0
MHKO020006982024,CIVIL COURT SENIOR DIVISION KOLHAPUR.,Maharashtra,CS,Civil Suit,2024-02-22,2024-11-25,277,277.0,5.627621113690637,district,2,22,3,0,0
MHKO020021052024,CIVIL COURT SENIOR DIVISION KOLHAPUR.,Maharashtra,CS,Civil Suit,2024-06-13,2024-12-10,180,180.0,5.198497031265826,district,6,13,3,0,0
MHKO020044742023,CIVIL COURT SENIOR DIVISION KOLHAPUR.,Maharashtra,CS,Civil Suit,2023-12-07,2024-12-14,373,373.0,5.924255797414532,district,12,7,3,1,0
MHKO020044762022,CIVIL COURT SENIOR DIVISION KOLHAPUR.,Maharashtra,CS,Civil Suit,2022-11-22,2024-08-20,637,637.0,6.45833828334479,district,11,22,1,1,0
MHKO020044672022,CIVIL COURT SENIOR DIVISION KOLHAPUR.,Maharashtra,CS,Civil Suit,2022-11-22,2024-03-20,484,484.0,6.184148890937483,district,11,22,1,1,0
MHKO020044682022,CIVIL COURT SENIOR DIVISION KOLHAPUR.,Maharashtra,CS,Civil Suit,2022-11-22,2024-03-20,484,484.0,6.184148890937483,district,11,22,1,1,0
MHKO020021082024,CIVIL COURT SENIOR DIVISION KOLHAPUR.,Maharashtra,CS,Civil Suit,2024-06-13,2024-09-28,107,107.0,4.68213122712422,district,6,13,3,0,0
MHKO020044732022,CIVIL COURT SENIOR DIVISION KOLHAPUR.,Maharashtra,CS,Civil Suit,2022-11-22,2024-03-14,478,478.0,6.171700597410915,district,11,22,1,1,0
MHKO020044832022,CIVIL COURT SENIOR DIVISION KOLHAPUR.,Maharashtra,CS,Civil Suit,2022-11-22,2024-10-18,696,696.0,6.546785410760524,district,11,22,1,1,0
MHKO020044772022,CIVIL COURT SENIOR DIVISION KOLHAPUR.,Maharashtra,CS,Civil Suit,2022-11-22,2024-10-11,689,689.0,6.536691597591305,district,11,22,1,1,0
MHKO020044802023,CIVIL COURT SENIOR DIVISION KOLHAPUR.,Maharashtra,CS,Civil Suit,2023-12-08,2024-12-11,369,369.0,5.91350300563827,district,12,8,4,1,0
MHDH020009662022,"CIVIL COURT SENIOR DIVISION, DHULE",Maharashtra,CS,Civil Suit,2022-04-04,2024-08-02,851,851.0,6.747586526829315,district,4,4,0,1,0
MHDH020027082024,"CIVIL COURT SENIOR DIVISION, DHULE",Maharashtra,CS,Civil Suit,2024-06-12,2024-11-15,156,156.0,5.056245805348308,district,6,12,2,0,0
MHBU070004052013,CIVIL JUDGE JR.DN. SHEGAON,Maharashtra,CS,Civil Suit,2013-05-04,2024-08-12,4118,4118.0,8.323365694436081,district,5,4,5,1,1
MHBU070002852011,CIVIL JUDGE JR.DN. SHEGAON,Maharashtra,CS,Civil Suit,2011-05-11,2024-07-18,4817,4817.0,8.480114183174816,district,5,11,2,1,1
MHAK010010012024,"Principal District and Sessions Judge, Akola",Maharashtra,BA,Bail Application,2024-03-28,2024-04-10,13,13.0,2.639057329615259,district,3,28,3,0,0
MHAK010038622023,"Principal District and Sessions Judge, Akola",Maharashtra,BA,Bail Application,2023-12-20,2024-01-01,12,12.0,2.5649493574615367,district,12,20,2,1,0
MHAK010030972024,"Principal District and Sessions Judge, Akola",Maharashtra,BA,Bail Application,2024-09-13,2024-09-24,11,11.0,2.4849066497880004,district,9,13,4,0,0
MHBI180002392024,"District Judge and Additional Sessions Judge, Kaij",Maharashtra,BA,Bail Application,2024-05-02,2024-05-04,2,2.0,1.0986122886681096,district,5,2,3,0,0
MHBI180002402024,"District Judge and Additional Sessions Judge, Kaij",Maharashtra,BA,Bail Application,2024-05-02,2024-05-04,2,2.0,1.0986122886681096,district,5,2,3,0,0
MHBI180002432024,"District Judge and Additional Sessions Judge, Kaij",Maharashtra,BA,Bail Application,2024-05-03,2024-05-17,14,14.0,2.70805020110221,district,5,3,4,0,0
MHNS010017622024,DISTRICT AND SESSIONS COURT NASHIK,Maharashtra,BA,Bail Application,2024-03-04,2024-03-30,26,26.0,3.295836866004329,district,3,4,0,0,0
MHNS010011062024,DISTRICT AND SESSIONS COURT NASHIK,Maharashtra,BA,Bail Application,2024-02-13,2024-02-16,3,3.0,1.3862943611198906,district,2,13,1,0,0
MHND210002832024,District Judge -1 And Additional Session Judge Mukhed,Maharashtra,BA,Bail Application,2024-10-10,2024-10-21,11,11.0,2.4849066497880004,district,10,10,3,0,0
MHND210002842024,District Judge -1 And Additional Session Judge Mukhed,Maharashtra,BA,Bail Application,2024-10-14,2024-10-25,11,11.0,2.4849066497880004,district,10,14,0,0,0
MHND210002852024,District Judge -1 And Additional Session Judge Mukhed,Maharashtra,BA,Bail Application,2024-10-14,2024-10-24,10,10.0,2.3978952727983707,district,10,14,0,0,0
MHAK050002312024,"District Judge - 1, Akot",Maharashtra,BA,Bail Application,2024-04-05,2024-04-16,11,11.0,2.4849066497880004,district,4,5,4,0,0
MHBU040007022024,"District Judge-1, Khamgaon, Dist.Buldana,(M.S.)",Maharashtra,BA,Bail Application,2024-06-14,2024-06-28,14,14.0,2.70805020110221,district,6,14,4,0,0
MHBU040002422024,"District Judge-1, Khamgaon, Dist.Buldana,(M.S.)",Maharashtra,BA,Bail Application,2024-02-17,2024-02-26,9,9.0,2.302585092994046,district,2,17,5,0,0
MHPU140040462024,ADDITIONAL DISTRICT AND SESSIONS COURT BARAMATI,Maharashtra,BA,Bail Application,2024-12-11,2024-12-17,6,6.0,1.9459101490553132,district,12,11,2,0,0
MHTH060013812024,ADDL.DIST. SESSIONS COURT KALYAN,Maharashtra,BA,Bail Application,2024-04-18,2024-05-21,33,33.0,3.5263605246161616,district,4,18,3,0,0
MHTH060013822024,ADDL.DIST. SESSIONS COURT KALYAN,Maharashtra,BA,Bail Application,2024-04-18,2024-05-24,36,36.0,3.6109179126442243,district,4,18,3,0,0
MHTH060013832024,ADDL.DIST. SESSIONS COURT KALYAN,Maharashtra,BA,Bail Application,2024-04-18,2024-05-22,34,34.0,3.5553480614894135,district,4,18,3,0,0
MHTH060013842024,ADDL.DIST. SESSIONS COURT KALYAN,Maharashtra,BA,Bail Application,2024-04-18,2024-05-14,26,26.0,3.295836866004329,district,4,18,3,0,0
MHTH060016572024,ADDL.DIST. SESSIONS COURT KALYAN,Maharashtra,BA,Bail Application,2024-05-03,2024-06-04,32,32.0,3.4965075614664802,district,5,3,4,0,0
MHTH060043792024,ADDL.DIST. SESSIONS COURT KALYAN,Maharashtra,BA,Bail Application,2024-12-03,2024-12-19,16,16.0,2.833213344056216,district,12,3,1,0,0
MHTH060043782023,ADDL.DIST. SESSIONS COURT KALYAN,Maharashtra,BA,Bail Application,2023-12-14,2024-01-03,20,20.0,3.044522437723423,district,12,14,3,1,0
HCBM030147702024,Bombay HC (Aurangabad Bench),Maharashtra,BA,Bail Application,2024-04-08,2024-05-07,29,29.0,3.4011973816621555,hc,4,8,0,0,0
HCBM030133962024,Bombay HC (Aurangabad Bench),Maharashtra,BA,Bail Application,2024-03-30,2024-06-26,88,88.0,4.48863636973214,hc,3,30,5,0,0
HCBM030366642024,Bombay HC (Aurangabad Bench),Maharashtra,BA,Bail Application,2024-09-19,2024-10-15,26,26.0,3.295836866004329,hc,9,19,3,0,0
MHTH230000692024,"District Judge-1, Addl.Sessions Judge, Vasai",Maharashtra,BA,Bail Application,2024-01-05,2024-02-08,34,34.0,3.5553480614894135,district,1,5,4,0,0
HCBM030326152024,Bombay HC (Aurangabad Bench),Maharashtra,BA,Bail Application,2024-08-19,2024-09-20,32,32.0,3.4965075614664802,hc,8,19,0,0,0
HCBM030326132024,Bombay HC (Aurangabad Bench),Maharashtra,BA,Bail Application,2024-08-19,2024-09-20,32,32.0,3.4965075614664802,hc,8,19,0,0,0
MHSO010001132024,DISTRICT COURT SOLAPUR,Maharashtra,BA,Bail Application,2024-01-12,2024-02-12,31,31.0,3.4657359027997265,district,1,12,4,0,0
MHCC020012472024,CITY CIVIL AND SESSION COURT MUMBAI,Maharashtra,BA,Bail Application,2024-01-19,2024-02-26,38,38.0,3.6635616461296463,district,1,19,4,0,0
MHCC020017402024,CITY CIVIL AND SESSION COURT MUMBAI,Maharashtra,BA,Bail Application,2024-01-30,2024-02-21,22,22.0,3.1354942159291497,district,1,30,1,0,0
MHCC020022852024,CITY CIVIL AND SESSION COURT MUMBAI,Maharashtra,BA,Bail Application,2024-02-05,2024-02-13,8,8.0,2.1972245773362196,district,2,5,0,0,0
HCBM030255382024,Bombay HC (Aurangabad Bench),Maharashtra,BA,Bail Application,2024-07-06,2024-07-30,24,24.0,3.2188758248682006,hc,7,6,5,0,0
MHTH060043832024,ADDL.DIST. SESSIONS COURT KALYAN,Maharashtra,BA,Bail Application,2024-12-03,2024-12-09,6,6.0,1.9459101490553132,district,12,3,1,0,0
MHTH060006922024,ADDL.DIST. SESSIONS COURT KALYAN,Maharashtra,BA,Bail Application,2024-02-26,2024-03-06,9,9.0,2.302585092994046,district,2,26,0,0,0
MHCH010008942024,DISTRICT AND SESSIONS COURT CHANDRAPUR MAH.,Maharashtra,BA,Bail Application,2024-04-18,2024-04-25,7,7.0,2.0794415416798357,district,4,18,3,0,0
MHCH010008962024,DISTRICT AND SESSIONS COURT CHANDRAPUR MAH.,Maharashtra,BA,Bail Application,2024-04-18,2024-04-29,11,11.0,2.4849066497880004,district,4,18,3,0,0
MHCH010021952024,DISTRICT AND SESSIONS COURT CHANDRAPUR MAH.,Maharashtra,BA,Bail Application,2024-09-23,2024-10-01,8,8.0,2.1972245773362196,district,9,23,0,0,0
MHCH010009052024,DISTRICT AND SESSIONS COURT CHANDRAPUR MAH.,Maharashtra,BA,Bail Application,2024-04-18,2024-04-25,7,7.0,2.0794415416798357,district,4,18,3,0,0
MHCH010009042024,DISTRICT AND SESSIONS COURT CHANDRAPUR MAH.,Maharashtra,BA,Bail Application,2024-04-18,2024-05-08,20,20.0,3.044522437723423,district,4,18,3,0,0
MHCH010026052024,DISTRICT AND SESSIONS COURT CHANDRAPUR MAH.,Maharashtra,BA,Bail Application,2024-11-06,2024-11-26,20,20.0,3.044522437723423,district,11,6,2,0,0
MHCH010026062024,DISTRICT AND SESSIONS COURT CHANDRAPUR MAH.,Maharashtra,BA,Bail Application,2024-11-06,2024-11-29,23,23.0,3.1780538303479458,district,11,6,2,0,0
HCBM030228852024,Bombay HC (Aurangabad Bench),Maharashtra,BA,Bail Application,2024-06-19,2024-07-04,15,15.0,2.772588722239781,hc,6,19,2,0,0
MHKO080007722024,DISTRICT JUDGE-1 ADDL SESSIONS COURT GADHINGLAJ.,Maharashtra,BA,Bail Application,2024-11-28,2024-12-03,5,5.0,1.791759469228055,district,11,28,3,0,0
MHKO080007802024,DISTRICT JUDGE-1 ADDL SESSIONS COURT GADHINGLAJ.,Maharashtra,BA,Bail Application,2024-11-29,2024-12-02,3,3.0,1.3862943611198906,district,11,29,4,0,0
MHKO080007822024,DISTRICT JUDGE-1 ADDL SESSIONS COURT GADHINGLAJ.,Maharashtra,BA,Bail Application,2024-12-02,2024-12-05,3,3.0,1.3862943611198906,district,12,2,0,0,0
MHKO080007852024,DISTRICT JUDGE-1 ADDL SESSIONS COURT GADHINGLAJ.,Maharashtra,BA,Bail Application,2024-12-04,2024-12-09,5,5.0,1.791759469228055,district,12,4,2,0,0
MHKO080007842024,DISTRICT JUDGE-1 ADDL SESSIONS COURT GADHINGLAJ.,Maharashtra,BA,Bail Application,2024-12-03,2024-12-05,2,2.0,1.0986122886681096,district,12,3,1,0,0
MHTH010001162024,"DISTRICT AND SESSIONS COURT, THANE",Maharashtra,BA,Bail Application,2024-01-06,2024-01-24,18,18.0,2.9444389791664403,district,1,6,5,0,0
MHTH010001142024,"DISTRICT AND SESSIONS COURT, THANE",Maharashtra,BA,Bail Application,2024-01-05,2024-01-23,18,18.0,2.9444389791664403,district,1,5,4,0,0
MHBI040004812024,DISTRICT JUDGE-1 ADDL.SESSIONS COURT AMBAJOGAI.,Maharashtra,BA,Bail Application,2024-05-10,2024-05-16,6,6.0,1.9459101490553132,district,5,10,4,0,0
MHTH010001242024,"DISTRICT AND SESSIONS COURT, THANE",Maharashtra,BA,Bail Application,2024-01-06,2024-01-31,25,25.0,3.258096538021482,district,1,6,5,0,0
MHTH010004582024,"DISTRICT AND SESSIONS COURT, THANE",Maharashtra,BA,Bail Application,2024-01-29,2024-04-04,66,66.0,4.204692619390966,district,1,29,0,0,0
MHTH010004572024,"DISTRICT AND SESSIONS COURT, THANE",Maharashtra,BA,Bail Application,2024-01-29,2024-02-15,17,17.0,2.8903717578961645,district,1,29,0,0,0
MHTH010004622024,"DISTRICT AND SESSIONS COURT, THANE",Maharashtra,BA,Bail Application,2024-01-29,2024-02-26,28,28.0,3.367295829986474,district,1,29,0,0,0
MHTH010004542024,"DISTRICT AND SESSIONS COURT, THANE",Maharashtra,BA,Bail Application,2024-01-29,2024-02-02,4,4.0,1.6094379124341003,district,1,29,0,0,0
MHTH010004552024,"DISTRICT AND SESSIONS COURT, THANE",Maharashtra,BA,Bail Application,2024-01-29,2024-01-30,1,1.0,0.6931471805599453,district,1,29,0,0,0
MHTH010004532024,"DISTRICT AND SESSIONS COURT, THANE",Maharashtra,BA,Bail Application,2024-01-29,2024-02-20,22,22.0,3.1354942159291497,district,1,29,0,0,0
MHTH010001252024,"DISTRICT AND SESSIONS COURT, THANE",Maharashtra,BA,Bail Application,2024-01-06,2024-02-16,41,41.0,3.7376696182833684,district,1,6,5,0,0
MHDH010004362024,"DISTRICT AND SESSIONS COURT, DHULE",Maharashtra,BA,Bail Application,2024-01-23,2024-02-02,10,10.0,2.3978952727983707,district,1,23,1,0,0
MHDH010004372024,"DISTRICT AND SESSIONS COURT, DHULE",Maharashtra,BA,Bail Application,2024-01-23,2024-02-27,35,35.0,3.58351893845611,district,1,23,1,0,0
MHJG080000662024,"District and Additional Session Court, Bhusawal",Maharashtra,BA,Bail Application,2024-01-16,2024-01-24,8,8.0,2.1972245773362196,district,1,16,1,0,0
MHJG080000672024,"District and Additional Session Court, Bhusawal",Maharashtra,BA,Bail Application,2024-01-16,2024-01-24,8,8.0,2.1972245773362196,district,1,16,1,0,0
MHJG080000682024,"District and Additional Session Court, Bhusawal",Maharashtra,BA,Bail Application,2024-01-16,2024-01-24,8,8.0,2.1972245773362196,district,1,16,1,0,0
MHJG080000692024,"District and Additional Session Court, Bhusawal",Maharashtra,BA,Bail Application,2024-01-16,2024-01-24,8,8.0,2.1972245773362196,district,1,16,1,0,0
MHJG080003332024,"District and Additional Session Court, Bhusawal",Maharashtra,BA,Bail Application,2024-03-11,2024-04-06,26,26.0,3.295836866004329,district,3,11,0,0,0
MHSO050006372024,"District Court, Pandharpur",Maharashtra,BA,Bail Application,2024-04-18,2024-04-26,8,8.0,2.1972245773362196,district,4,18,3,0,0
MHSO050006382024,"District Court, Pandharpur",Maharashtra,BA,Bail Application,2024-04-18,2024-04-19,1,1.0,0.6931471805599453,district,4,18,3,0,0
MHSO050011332024,"District Court, Pandharpur",Maharashtra,BA,Bail Application,2024-07-15,2024-08-07,23,23.0,3.1780538303479458,district,7,15,0,0,0
MHSO050006392024,"District Court, Pandharpur",Maharashtra,BA,Bail Application,2024-04-18,2024-04-24,6,6.0,1.9459101490553132,district,4,18,3,0,0
MHSO050011352024,"District Court, Pandharpur",Maharashtra,BA,Bail Application,2024-07-15,2024-08-09,25,25.0,3.258096538021482,district,7,15,0,0,0
MHSO050013672024,"District Court, Pandharpur",Maharashtra,BA,Bail Application,2024-08-29,2024-09-04,6,6.0,1.9459101490553132,district,8,29,3,0,0
MHSO050016892024,"District Court, Pandharpur",Maharashtra,BA,Bail Application,2024-10-24,2024-11-26,33,33.0,3.5263605246161616,district,10,24,3,0,0
MHSO050016942024,"District Court, Pandharpur",Maharashtra,BA,Bail Application,2024-10-24,2024-11-18,25,25.0,3.258096538021482,district,10,24,3,0,0
MHSO050016912024,"District Court, Pandharpur",Maharashtra,BA,Bail Application,2024-10-24,2024-11-07,14,14.0,2.70805020110221,district,10,24,3,0,0
MHSO050016902024,"District Court, Pandharpur",Maharashtra,BA,Bail Application,2024-10-24,2024-12-18,55,55.0,4.02535169073515,district,10,24,3,0,0
MHNS270002012024,ADDITIONAL DISTRICT COURT YEOLA,Maharashtra,BA,Bail Application,2024-02-26,2024-03-14,17,17.0,2.8903717578961645,district,2,26,0,0,0
MHNS270001992024,ADDITIONAL DISTRICT COURT YEOLA,Maharashtra,BA,Bail Application,2024-02-23,2024-03-02,8,8.0,2.1972245773362196,district,2,23,4,0,0
MHNS270002002024,ADDITIONAL DISTRICT COURT YEOLA,Maharashtra,BA,Bail Application,2024-02-23,2024-03-02,8,8.0,2.1972245773362196,district,2,23,4,0,0
MHAU010043252024,DISTRICT AND SESSIONS COURT AURANGABAD.,Maharashtra,BA,Bail Application,2024-05-28,2024-06-03,6,6.0,1.9459101490553132,district,5,28,1,0,0
MHAU010043262024,DISTRICT AND SESSIONS COURT AURANGABAD.,Maharashtra,BA,Bail Application,2024-05-28,2024-06-15,18,18.0,2.9444389791664403,district,5,28,1,0,0
MHAU010047472024,DISTRICT AND SESSIONS COURT AURANGABAD.,Maharashtra,BA,Bail Application,2024-06-13,2024-06-26,13,13.0,2.639057329615259,district,6,13,3,0,0
MHAU010043272024,DISTRICT AND SESSIONS COURT AURANGABAD.,Maharashtra,BA,Bail Application,2024-05-28,2024-06-15,18,18.0,2.9444389791664403,district,5,28,1,0,0
MHAU010047492024,DISTRICT AND SESSIONS COURT AURANGABAD.,Maharashtra,BA,Bail Application,2024-06-13,2024-06-28,15,15.0,2.772588722239781,district,6,13,3,0,0
MHAU010056972024,DISTRICT AND SESSIONS COURT AURANGABAD.,Maharashtra,BA,Bail Application,2024-07-05,2024-07-11,6,6.0,1.9459101490553132,district,7,5,4,0,0
MHAU010047532024,DISTRICT AND SESSIONS COURT AURANGABAD.,Maharashtra,BA,Bail Application,2024-06-13,2024-06-15,2,2.0,1.0986122886681096,district,6,13,3,0,0
MHAU010062272024,DISTRICT AND SESSIONS COURT AURANGABAD.,Maharashtra,BA,Bail Application,2024-07-25,2024-08-01,7,7.0,2.0794415416798357,district,7,25,3,0,0
MHAU010077272024,DISTRICT AND SESSIONS COURT AURANGABAD.,Maharashtra,BA,Bail Application,2024-09-04,2024-09-09,5,5.0,1.791759469228055,district,9,4,2,0,0
MHAU010077252024,DISTRICT AND SESSIONS COURT AURANGABAD.,Maharashtra,BA,Bail Application,2024-09-04,2024-09-09,5,5.0,1.791759469228055,district,9,4,2,0,0
MHAU010077282024,DISTRICT AND SESSIONS COURT AURANGABAD.,Maharashtra,BA,Bail Application,2024-09-04,2024-09-23,19,19.0,2.995732273553991,district,9,4,2,0,0
MHAU010062262024,DISTRICT AND SESSIONS COURT AURANGABAD.,Maharashtra,BA,Bail Application,2024-07-25,2024-07-30,5,5.0,1.791759469228055,district,7,25,3,0,0
MHAU010077242024,DISTRICT AND SESSIONS COURT AURANGABAD.,Maharashtra,BA,Bail Application,2024-09-04,2024-10-10,36,36.0,3.6109179126442243,district,9,4,2,0,0
MHAU010077262024,DISTRICT AND SESSIONS COURT AURANGABAD.,Maharashtra,BA,Bail Application,2024-09-04,2024-10-09,35,35.0,3.58351893845611,district,9,4,2,0,0
UPHC020033442009,Allahabad High Court (Lucknow),Uttar Pradesh,CRL_A,Criminal Appeal,2009-02-24,2024-02-15,5469,5469.0,8.607033895416027,hc,2,24,1,1,1
UPHC020040412009,Allahabad High Court (Lucknow),Uttar Pradesh,CRL_A,Criminal Appeal,2009-03-23,2024-03-18,5474,5474.0,8.607947554684701,hc,3,23,0,1,1
UPFZ010016122023,District and session Judge Ayodhya,Uttar Pradesh,CRL_A,Criminal Appeal,2023-03-22,2024-03-12,356,356.0,5.877735781779639,district,3,22,2,1,0
UPFD010088862024,District And Sessions Judge,Uttar Pradesh,CRL_A,Criminal Appeal,2024-10-23,2024-12-04,42,42.0,3.7612001156935624,district,10,23,2,0,0
UPHC020109422024,Allahabad High Court (Lucknow),Uttar Pradesh,CRL_A,Criminal Appeal,2024-02-13,2024-02-16,3,3.0,1.3862943611198906,hc,2,13,1,0,0
UPSH010004742022,District and Sessions Judge,Uttar Pradesh,CRL_A,Criminal Appeal,2022-01-21,2024-02-21,761,761.0,6.635946555686647,district,1,21,4,1,0
UPSH010004832024,District and Sessions Judge,Uttar Pradesh,CRL_A,Criminal Appeal,2024-01-16,2024-02-06,21,21.0,3.091042453358316,district,1,16,1,0,0
UPSH010074032024,District and Sessions Judge,Uttar Pradesh,CRL_A,Criminal Appeal,2024-10-23,2024-12-06,44,44.0,3.8066624897703196,district,10,23,2,0,0
UPBL010042542023,District and Sessions Judge,Uttar Pradesh,CRL_A,Criminal Appeal,2023-08-18,2024-01-11,146,146.0,4.990432586778736,district,8,18,4,1,0
UPFD010024152024,District And Sessions Judge,Uttar Pradesh,CRL_A,Criminal Appeal,2024-03-13,2024-07-18,127,127.0,4.852030263919617,district,3,13,2,0,0
UPFD010024162024,District And Sessions Judge,Uttar Pradesh,CRL_A,Criminal Appeal,2024-03-13,2024-07-18,127,127.0,4.852030263919617,district,3,13,2,0,0
UPSD010027182024,District and Session Judge,Uttar Pradesh,CRL_A,Criminal Appeal,2024-07-22,2024-09-21,61,61.0,4.127134385045092,district,7,22,0,0,0
UPHC020102602024,Allahabad High Court (Lucknow),Uttar Pradesh,CRL_A,Criminal Appeal,2024-02-09,2024-02-28,19,19.0,2.995732273553991,hc,2,9,4,0,0
UPKU010023822024,District and Sessions Court,Uttar Pradesh,CRL_A,Criminal Appeal,2024-05-10,2024-07-10,61,61.0,4.127134385045092,district,5,10,4,0,0
UPMZ010099122024,District and Session judge,Uttar Pradesh,CRL_A,Criminal Appeal,2024-09-07,2024-10-17,40,40.0,3.713572066704308,district,9,7,5,0,0
UPHC020511922023,Allahabad High Court (Lucknow),Uttar Pradesh,CRL_A,Criminal Appeal,2023-07-20,2024-01-17,181,181.0,5.204006687076795,hc,7,20,3,1,0
UPHC020006412006,Allahabad High Court (Lucknow),Uttar Pradesh,CRL_A,Criminal Appeal,2006-06-21,2024-07-19,6603,6561.850000000007,8.795430805040018,hc,6,21,2,1,1
UPHC020278912023,Allahabad High Court (Lucknow),Uttar Pradesh,CRL_A,Criminal Appeal,2023-04-17,2024-02-15,304,304.0,5.720311776607412,hc,4,17,0,1,0
UPGZ010182892023,District Sessions Judge,Uttar Pradesh,CRL_A,Criminal Appeal,2023-10-04,2024-10-10,372,372.0,5.921578419643816,district,10,4,2,1,0
UPGZ010182882023,District Sessions Judge,Uttar Pradesh,CRL_A,Criminal Appeal,2023-10-04,2024-10-10,372,372.0,5.921578419643816,district,10,4,2,1,0
UPHC020293922024,Allahabad High Court (Lucknow),Uttar Pradesh,CRL_A,Criminal Appeal,2024-04-25,2024-04-30,5,5.0,1.791759469228055,hc,4,25,3,0,0
UPHC020218822024,Allahabad High Court (Lucknow),Uttar Pradesh,CRL_A,Criminal Appeal,2024-03-21,2024-04-02,12,12.0,2.5649493574615367,hc,3,21,3,0,0
UPHC020131592024,Allahabad High Court (Lucknow),Uttar Pradesh,CRL_A,Criminal Appeal,2024-02-21,2024-06-18,118,118.0,4.77912349311153,hc,2,21,2,0,0
UPHC020007972006,Allahabad High Court (Lucknow),Uttar Pradesh,CRL_A,Criminal Appeal,2006-07-31,2024-07-16,6560,6560.0,8.788898309344878,hc,7,31,0,1,1
UPHC020010512007,Allahabad High Court (Lucknow),Uttar Pradesh,CRL_A,Criminal Appeal,2007-09-06,2024-11-05,6270,6270.0,8.74369111054302,hc,9,6,3,1,1
UPHC020380502008,Allahabad High Court (Lucknow),Uttar Pradesh,CRL_A,Criminal Appeal,2008-06-04,2024-05-25,5834,5834.0,8.671629544720656,hc,6,4,2,1,1
UPBJ010062372024,District and Session Judge,Uttar Pradesh,CRL_A,Criminal Appeal,2024-06-12,2024-07-20,38,38.0,3.6635616461296463,district,6,12,2,0,0
UPET010025752024,District And Sessions Judge,Uttar Pradesh,CRL_A,Criminal Appeal,2024-05-06,2024-07-24,79,79.0,4.382026634673881,district,5,6,0,0,0
UPET010025802024,District And Sessions Judge,Uttar Pradesh,CRL_A,Criminal Appeal,2024-05-08,2024-07-15,68,68.0,4.23410650459726,district,5,8,2,0,0
UPJL010029042024,District and Sessions Court,Uttar Pradesh,CRL_A,Criminal Appeal,2024-05-10,2024-11-19,193,193.0,5.267858159063328,district,5,10,4,0,0
UPJL010029052024,District and Sessions Court,Uttar Pradesh,CRL_A,Criminal Appeal,2024-05-10,2024-11-19,193,193.0,5.267858159063328,district,5,10,4,0,0
UPBU010029542024,District and Sessions Court,Uttar Pradesh,CRL_A,Criminal Appeal,2024-03-18,2024-06-05,79,79.0,4.382026634673881,district,3,18,0,0,0
UPAZ010008162024,District and Sessions Judge,Uttar Pradesh,CRL_A,Criminal Appeal,2024-01-19,2024-03-19,60,60.0,4.110873864173311,district,1,19,4,0,0
UPHC020291902004,Allahabad High Court (Lucknow),Uttar Pradesh,CRL_A,Criminal Appeal,2004-11-08,2024-01-25,7017,6561.850000000007,8.85623355614316,hc,11,8,0,1,1
UPVR010061812024,District and Sessions Judge,Uttar Pradesh,CRL_A,Criminal Appeal,2024-05-14,2024-06-12,29,29.0,3.4011973816621555,district,5,14,1,0,0
UPSR010016412022,"District and Sessions Judge, Shravasti",Uttar Pradesh,CRL_A,Criminal Appeal,2022-10-10,2024-08-06,666,666.0,6.502790045915623,district,10,10,0,1,0
UPRP010059432023,District and Sessions Judge,Uttar Pradesh,CRL_A,Criminal Appeal,2023-08-04,2024-06-13,314,314.0,5.752572638825633,district,8,4,4,1,0
UPBH010065662024,District and Sessions Judge Bahraich,Uttar Pradesh,CRL_A,Criminal Appeal,2024-11-26,2024-12-11,15,15.0,2.772588722239781,district,11,26,1,0,0
UPCD120000321990,Civil Judge Junior division Chakia,Uttar Pradesh,CRL_A,Criminal Appeal,1990-07-31,2024-08-12,12431,6561.850000000007,9.428029072607428,district,7,31,1,1,1
UPBS010003122024,District and Session Judge,Uttar Pradesh,CRL_A,Criminal Appeal,2024-01-18,2024-03-18,60,60.0,4.110873864173311,district,1,18,3,0,0
UPBS010024032024,District and Session Judge,Uttar Pradesh,CRL_A,Criminal Appeal,2024-05-16,2024-05-30,14,14.0,2.70805020110221,district,5,16,3,0,0
UPHC020043932009,Allahabad High Court (Lucknow),Uttar Pradesh,CRL_A,Criminal Appeal,2009-04-07,2024-10-21,5676,5676.0,8.644178203170727,hc,4,7,1,1,1
UPHC020378182007,Allahabad High Court (Lucknow),Uttar Pradesh,CRL_A,Criminal Appeal,2007-11-05,2024-08-14,6127,6127.0,8.720623711420426,hc,11,5,0,1,1
UPHC020379662007,Allahabad High Court (Lucknow),Uttar Pradesh,CRL_A,Criminal Appeal,2007-12-10,2024-07-26,6073,6073.0,8.711772645605695,hc,12,10,0,1,1
UPGK010037582024,District and Sessions Judge,Uttar Pradesh,CRL_A,Criminal Appeal,2024-04-18,2024-10-21,186,186.0,5.231108616854587,district,4,18,3,0,0
UPGK010005332023,District and Sessions Judge,Uttar Pradesh,CRL_A,Criminal Appeal,2023-01-12,2024-03-19,432,432.0,6.07073772800249,district,1,12,3,1,0
UPKN010016212024,District and Sessions Judge,Uttar Pradesh,CRL_A,Criminal Appeal,2024-02-09,2024-08-21,194,194.0,5.272999558563747,district,2,9,4,0,0
UPHC020411192023,Allahabad High Court (Lucknow),Uttar Pradesh,CRL_A,Criminal Appeal,2023-05-30,2024-02-01,247,247.0,5.5134287461649825,hc,5,30,1,1,0
UPGZ010096972023,District Sessions Judge,Uttar Pradesh,CRL_A,Criminal Appeal,2023-05-02,2024-01-20,263,263.0,5.575949103146316,district,5,2,1,1,0
UPLP010056712023,District and Sessions Judge,Uttar Pradesh,CRL_A,Criminal Appeal,2023-08-04,2024-09-06,399,399.0,5.991464547107982,district,8,4,4,1,0
UPLP010056692023,District and Sessions Judge,Uttar Pradesh,CRL_A,Criminal Appeal,2023-08-04,2024-11-16,470,470.0,6.154858094016418,district,8,4,4,1,0
UPLP010056702023,District and Sessions Judge,Uttar Pradesh,CRL_A,Criminal Appeal,2023-08-04,2024-11-16,470,470.0,6.154858094016418,district,8,4,4,1,0
UPSN010008332022,District and Sessions Judge,Uttar Pradesh,CRL_A,Criminal Appeal,2022-05-05,2024-08-09,827,827.0,6.71901315438526,district,5,5,3,1,0
UPET010003832023,District And Sessions Judge,Uttar Pradesh,CRL_A,Criminal Appeal,2023-01-17,2024-05-06,475,475.0,6.16541785423142,district,1,17,1,1,0
UPBJ010091582024,District and Session Judge,Uttar Pradesh,CRL_A,Criminal Appeal,2024-09-02,2024-11-18,77,77.0,4.356708826689592,district,9,2,0,0,0
UPFZ010022382024,District and session Judge Ayodhya,Uttar Pradesh,CRL_A,Criminal Appeal,2024-04-26,2024-09-30,157,157.0,5.062595033026967,district,4,26,4,0,0
UPBJ010062152024,District and Session Judge,Uttar Pradesh,CRL_A,Criminal Appeal,2024-06-11,2024-07-20,39,39.0,3.6888794541139363,district,6,11,1,0,0
UPVR010050272022,District and Sessions Judge,Uttar Pradesh,CRL_A,Criminal Appeal,2022-05-02,2024-12-04,947,947.0,6.854354502255021,district,5,2,0,1,0
UPVR010116342022,District and Sessions Judge,Uttar Pradesh,CRL_A,Criminal Appeal,2022-10-28,2024-05-18,568,568.0,6.343880434126331,district,10,28,4,1,0
UPGD010048762024,District Judge Establishment,Uttar Pradesh,CRL_A,Criminal Appeal,2024-09-18,2024-12-11,84,84.0,4.442651256490317,district,9,18,2,0,0
UPHC020532012024,Allahabad High Court (Lucknow),Uttar Pradesh,CRL_A,Criminal Appeal,2024-08-02,2024-09-09,38,38.0,3.6635616461296463,hc,8,2,4,0,0
UPKJ010014472024,District and Sessions Judge,Uttar Pradesh,CRL_A,Criminal Appeal,2024-03-14,2024-11-28,259,259.0,5.560681631015528,district,3,14,3,0,0
UPGH010009802024,District and Sessions Judge,Uttar Pradesh,CRL_A,Criminal Appeal,2024-02-26,2024-10-10,227,227.0,5.429345628954441,district,2,26,0,0,0
UPKN010116532023,District and Sessions Judge,Uttar Pradesh,CRL_A,Criminal Appeal,2023-12-05,2024-01-12,38,38.0,3.6635616461296463,district,12,5,1,1,0
UPHC020191152024,Allahabad High Court (Lucknow),Uttar Pradesh,CRL_A,Criminal Appeal,2024-03-14,2024-03-19,5,5.0,1.791759469228055,hc,3,14,3,0,0
UPJL010005132024,District and Sessions Court,Uttar Pradesh,CRL_A,Criminal Appeal,2024-01-24,2024-02-07,14,14.0,2.70805020110221,district,1,24,2,0,0
UPMT010034602024,District and Session Judge,Uttar Pradesh,CRL_A,Criminal Appeal,2024-04-10,2024-09-26,169,169.0,5.135798437050262,district,4,10,2,0,0
UPMZ010078612024,District and Session judge,Uttar Pradesh,CRL_A,Criminal Appeal,2024-07-19,2024-08-29,41,41.0,3.7376696182833684,district,7,19,4,0,0
UPLP010043732024,District and Sessions Judge,Uttar Pradesh,CRL_A,Criminal Appeal,2024-07-16,2024-12-17,154,154.0,5.043425116919247,district,7,16,1,0,0
UPLP010049552022,District and Sessions Judge,Uttar Pradesh,CRL_A,Criminal Appeal,2022-07-19,2024-01-10,540,540.0,6.293419278846481,district,7,19,1,1,0
UPHC020013762015,Allahabad High Court (Lucknow),Uttar Pradesh,CRL_A,Criminal Appeal,2015-12-08,2024-03-20,3025,3025.0,8.0149968943483,hc,12,8,1,1,1
UPHC020012732003,Allahabad High Court (Lucknow),Uttar Pradesh,CRL_A,Criminal Appeal,2003-03-05,2024-02-05,7642,6561.850000000007,8.941545475242885,hc,3,5,2,1,1
UPHC020014912007,Allahabad High Court (Lucknow),Uttar Pradesh,CRL_A,Criminal Appeal,2007-11-15,2024-08-01,6104,6104.0,8.716863386544805,hc,11,15,3,1,1
UPHC020016152009,Allahabad High Court (Lucknow),Uttar Pradesh,CRL_A,Criminal Appeal,2009-07-07,2024-11-21,5616,5616.0,8.633552992532433,hc,7,7,1,1,1
UPHC020020802004,Allahabad High Court (Lucknow),Uttar Pradesh,CRL_A,Criminal Appeal,2004-04-12,2024-12-06,7543,6561.850000000007,8.928507824313293,hc,4,12,0,1,1
UPKN010035662024,District and Sessions Judge,Uttar Pradesh,CRL_A,Criminal Appeal,2024-04-04,2024-04-16,12,12.0,2.5649493574615367,district,4,4,3,0,0
UPHC020024782006,Allahabad High Court (Lucknow),Uttar Pradesh,CRL_A,Criminal Appeal,2006-04-01,2024-07-11,6676,6561.850000000007,8.806424063857868,hc,4,1,5,1,1
