case_id,case_type,domain,sub_category,state,district,intensity_level,mediation_willingness,settlement_possibility,legal_complexity,time_to_resolve_days,financial_impact,number_of_parties,eligibility_score,mediation_eligible
CASE00001,Real Estate & RERA,Property Law,Lease-Residential,Haryana,Rohtak,Medium,9,3,8,256,6,6,55,Conditional
CASE00002,Bail Applications,Criminal Law,IPC-Assault,Assam,Tinsukia,Medium,5,9,3,45,2,2,36,No
CASE00003,Family Disputes,Family Law,Child Custody-Legal,West Bengal,Howrah,Medium,7,4,7,131,5,4,74,Yes
CASE00004,Civil Suits,Civil Law,Contract-Breach,Tamil Nadu,Erode,Low,7,3,9,93,8,2,72.1,Yes
CASE00005,Intellectual Property,Civil Law,Design,Delhi,Central Delhi,Low,1,10,3,134,5,2,70.2,Yes
CASE00006,Writ Petitions,Constitutional Law,Writ-Prohibition,Kerala,Kollam,High,2,10,6,370,3,4,0,No
CASE00007,Writ Petitions,Constitutional Law,Writ-Mandamus,Maharashtra,Nashik,Medium,9,7,4,257,2,4,34.65,No
CASE00008,Anti-Corruption & Vigilance,Criminal Law,IPC-Criminal Breach of Trust,Kerala,Kollam,Low,1,2,8,35,9,6,27.5,No
CASE00009,Insurance Claims,Consumer Law,Services-Insurance,Kerala,Kochi,High,3,6,3,328,10,3,36.3,No
CASE00010,Company / Insolvency (NCLT-NCLAT),Corporate Law,Oppression-Mismanagement,Kerala,Kollam,Medium,3,10,5,195,9,6,44,Conditional
CASE00011,Motor Accident Claims,Civil Law,Torts-Motor Accident,Punjab,Chandigarh,High,6,5,5,105,7,6,46,Conditional
CASE00012,Immigration & Passport Matters,Administrative Law,Licensing,Punjab,Ludhiana,Medium,2,1,6,294,3,5,45,Conditional
CASE00013,Company / Insolvency (NCLT-NCLAT),Corporate Law,Arbitration-Enforcement,Gujarat,Surat,Low,1,8,4,284,3,5,43,Conditional
CASE00014,Cyber Crime & IT Act,Criminal Law,Cyber Crime-Cyber Stalking,Maharashtra,Navi Mumbai,High,2,8,8,200,8,6,0,No
CASE00015,Anti-Corruption & Vigilance,Criminal Law,IPC-Cheating,Madhya Pradesh,Indore,Low,7,3,5,224,6,6,64,Yes
CASE00016,Medical Negligence,Civil Law,Services-Health,Punjab,Bathinda,High,8,4,4,64,1,6,54,Conditional
CASE00017,Insurance Claims,Consumer Law,Services-Insurance,Maharashtra,Navi Mumbai,Low,7,4,6,163,8,2,88.2,Yes
CASE00018,NI Act / Cheque Bounce,Criminal Law,IPC-Criminal Breach of Trust,Rajasthan,Jaipur,High,2,6,3,285,6,5,10.23,No
CASE00019,Consumer Protection,Consumer Law,Services-Travel,Gujarat,Vadodara,Medium,3,3,9,352,7,4,42,Conditional
CASE00020,Corporate & Commercial Law,Corporate Law,Arbitration-Challenge,West Bengal,Kolkata,Low,3,7,8,321,7,4,37,No
CASE00021,Consumer Protection,Consumer Law,Products-Electronic,Assam,Jorhat,Low,10,10,4,192,9,5,92,Yes
CASE00022,Cyber Crime & IT Act,Criminal Law,Cyber Crime-Cyber Stalking,Uttar Pradesh,Allahabad,Medium,2,7,5,215,9,6,33.12,No
CASE00023,Cyber Crime & IT Act,Criminal Law,Cyber Crime-Hacking,West Bengal,Asansol,High,3,10,5,333,6,2,11,No
CASE00024,Corporate & Commercial Law,Corporate Law,Contract-Breach,Haryana,Hisar,Low,2,1,3,114,1,2,52,Conditional
CASE00025,Constitutional Law,Constitutional Law,Writ-Mandamus,Assam,Jorhat,High,6,1,8,284,7,6,0,No
CASE00026,Cyber Crime & IT Act,Criminal Law,Cyber Crime-Hacking,Gujarat,Ahmedabad,Medium,3,9,4,146,1,4,39,No
CASE00027,Civil Suits,Civil Law,Property-Title,Punjab,Chandigarh,Low,10,4,4,281,8,6,93,Yes
CASE00028,Environmental Law,Criminal Law,Environment-Pollution,Kerala,Thiruvananthapuram,Medium,2,6,8,197,10,5,17.6,No
CASE00029,Medical Negligence,Civil Law,Torts-Medical Negligence,Punjab,Patiala,Low,6,3,5,228,1,3,78,Yes
CASE00030,Constitutional Law,Constitutional Law,Writ-Mandamus,Madhya Pradesh,Indore,High,2,4,8,153,1,4,0,No
CASE00031,NI Act / Cheque Bounce,Criminal Law,IPC-Cheating,Madhya Pradesh,Bhopal,Medium,4,8,9,178,9,2,19,No
CASE00032,Anti-Corruption & Vigilance,Criminal Law,IPC-Cheating,Uttar Pradesh,Varanasi,Low,1,10,7,104,3,4,39.56,No
CASE00033,Arbitration & Mediation,Corporate Law,Arbitration-Challenge,Assam,Nagaon,Medium,3,2,6,73,6,2,37,No
CASE00034,Motor Accident Claims,Civil Law,Torts-Motor Accident,Uttar Pradesh,Varanasi,Medium,1,4,4,332,9,4,53.36,Conditional
CASE00035,Immigration & Passport Matters,Administrative Law,Service-Transfer,Tamil Nadu,Tirunelveli,Low,4,2,8,203,2,2,43.26,Conditional
CASE00036,Intellectual Property,Civil Law,Trade Mark,Haryana,Hisar,Medium,7,1,5,58,9,5,70,Yes
CASE00037,Company / Insolvency (NCLT-NCLAT),Corporate Law,Arbitration-Enforcement,Tamil Nadu,Coimbatore,Medium,7,4,5,86,2,5,54.59,Conditional
CASE00038,Arbitration & Mediation,Corporate Law,Arbitration-International,Kerala,Kochi,Medium,9,6,8,153,1,3,50.6,Conditional
CASE00039,Insurance Claims,Consumer Law,Services-Insurance,Assam,Jorhat,Medium,2,8,3,93,3,5,50,Conditional
CASE00040,Bail Applications,Criminal Law,IPC-Hurt,Bihar,Munger,Medium,4,8,6,368,8,3,29.04,No
CASE00041,Cyber Crime & IT Act,Criminal Law,Cyber Crime-Phishing,Maharashtra,Pune,Low,5,2,7,259,8,2,57.75,Conditional
CASE00042,Intellectual Property,Civil Law,Geographical Indication,Haryana,Hisar,Medium,6,2,5,354,7,3,72,Yes
CASE00043,Constitutional Law,Constitutional Law,Writ-Mandamus,Maharashtra,Nagpur,Medium,5,8,6,307,4,2,23.1,No
CASE00044,Human Rights & PIL,Constitutional Law,Fundamental Rights-Article 14,Uttar Pradesh,Ghaziabad,Medium,2,2,3,75,8,6,13.8,No
CASE00045,Criminal Appeals,Criminal Law,IPC-Murder,Karnataka,Mangalore,Medium,3,7,8,148,7,6,16.64,No
CASE00046,Environmental Law,Criminal Law,Environment-Forest,Uttar Pradesh,Varanasi,High,7,5,7,120,8,6,20.24,No
CASE00047,Medical Negligence,Civil Law,Torts-Medical Negligence,Madhya Pradesh,Gwalior,Medium,5,1,8,120,1,6,47,Conditional
CASE00048,Human Rights & PIL,Constitutional Law,Fundamental Rights-Article 21,Gujarat,Surat,Medium,6,6,6,92,10,3,21,No
CASE00049,Property Disputes,Property Law,Building-Construction,Gujarat,Surat,Low,8,10,9,208,9,4,65,Yes
CASE00050,Family Disputes,Family Law,Domestic Violence-Physical,Punjab,Amritsar,High,3,6,3,207,8,6,44,Conditional
CASE00051,Real Estate & RERA,Property Law,Housing-Society,Maharashtra,Navi Mumbai,Low,9,3,3,314,2,3,88.2,Yes
CASE00052,Bail Applications,Criminal Law,IPC-Murder,Maharashtra,Thane,Medium,2,3,5,187,2,3,27.3,No
CASE00053,Company / Insolvency (NCLT-NCLAT),Corporate Law,Oppression-Mismanagement,Delhi,South Delhi,Low,6,8,3,353,9,5,68.04,Yes
CASE00054,Bail Applications,Criminal Law,IPC-Murder,Kerala,Kochi,Medium,8,2,3,286,6,6,56.1,Conditional
CASE00055,Family Disputes,Family Law,Domestic Violence-Physical,Uttar Pradesh,Allahabad,Medium,9,2,7,239,7,6,71.76,Yes
CASE00056,Human Rights & PIL,Constitutional Law,Fundamental Rights-Article 19,Delhi,Central Delhi,Medium,10,3,7,171,1,5,36.72,No
CASE00057,Medical Negligence,Civil Law,Services-Health,Tamil Nadu,Madurai,Medium,3,4,4,63,5,5,55.62,Conditional
CASE00058,Family Disputes,Family Law,Inheritance-Intestate,Madhya Pradesh,Bhopal,Low,4,5,6,174,3,2,81,Yes
CASE00059,Tax Law (Direct & Indirect),Administrative Law,Taxation-Service,Punjab,Patiala,Medium,10,3,6,400,6,2,62,Yes
CASE00060,Insurance Claims,Consumer Law,Torts-Motor Accident,Uttar Pradesh,Agra,Medium,2,10,9,352,1,2,33.12,No
CASE00061,POCSO & Juvenile Justice,Criminal Law,IPC-Gang Rape,Maharashtra,Nagpur,Medium,9,10,8,353,2,6,42,Conditional
CASE00062,POCSO & Juvenile Justice,Criminal Law,IPC-Rape,Madhya Pradesh,Gwalior,Medium,9,2,6,248,5,2,51,Conditional
CASE00063,Tax Law (Direct & Indirect),Administrative Law,Taxation-Property,Maharashtra,Solapur,High,4,9,9,337,8,5,11.55,No
CASE00064,Human Rights & PIL,Constitutional Law,Fundamental Rights-Article 15,Rajasthan,Bikaner,Medium,2,9,6,151,1,5,10.23,No
CASE00065,Consumer Protection,Consumer Law,Practices-E-commerce,Rajasthan,Jodhpur,High,6,1,7,361,3,5,39.99,No
CASE00066,Tax Law (Direct & Indirect),Administrative Law,Taxation-Property,Delhi,West Delhi,Medium,10,8,8,75,6,6,50.76,Conditional
CASE00067,Real Estate & RERA,Property Law,Building-Construction,Karnataka,Mangalore,Medium,1,7,8,103,5,3,24.96,No
CASE00068,Cyber Crime & IT Act,Criminal Law,Cyber Crime-Hacking,Punjab,Amritsar,Medium,10,2,3,101,3,2,55,Conditional
CASE00069,Medical Negligence,Civil Law,Services-Health,West Bengal,Howrah,Medium,4,4,6,267,8,5,64,Yes
CASE00070,POCSO & Juvenile Justice,Criminal Law,IPC-Acid Attack,Maharashtra,Nagpur,High,7,2,4,99,3,6,28.35,No
CASE00071,Tax Law (Direct & Indirect),Administrative Law,Taxation-Service,Bihar,Darbhanga,Medium,9,5,4,192,2,6,55.44,Conditional
CASE00072,Motor Accident Claims,Civil Law,Torts-Motor Accident,Kerala,Thiruvananthapuram,Medium,2,6,4,355,5,6,66,Yes
CASE00073,Company / Insolvency (NCLT-NCLAT),Corporate Law,Arbitration-Enforcement,West Bengal,Kolkata,Medium,8,1,4,382,3,6,54,Conditional
CASE00074,Intellectual Property,Civil Law,Geographical Indication,Punjab,Chandigarh,High,10,5,4,169,7,4,64,Yes
CASE00075,Constitutional Law,Constitutional Law,Writ-Habeas Corpus,Uttar Pradesh,Ghaziabad,Medium,2,5,6,369,1,4,6.44,No
CASE00076,Environmental Law,Criminal Law,Environment-Pollution,Punjab,Bathinda,Medium,3,2,7,46,7,6,39,No
CASE00077,Intellectual Property,Civil Law,Design,Gujarat,Vadodara,Medium,3,2,7,234,5,2,60,Yes
CASE00078,Environmental Law,Criminal Law,Environment-Forest,Uttar Pradesh,Kanpur,Low,4,1,4,225,5,3,46,Conditional
CASE00079,Family Disputes,Family Law,Divorce-Mutual Consent,West Bengal,Hooghly,Medium,4,2,3,236,6,6,64,Yes
CASE00080,Banking & Debt Recovery,Corporate Law,Contract-Breach,Gujarat,Jamnagar,Low,10,3,3,115,9,3,70,Yes
CASE00081,Tax Law (Direct & Indirect),Administrative Law,Taxation-Property,Delhi,North Delhi,Medium,10,4,4,150,8,3,73.44,Yes
CASE00082,Human Rights & PIL,Constitutional Law,Fundamental Rights-Article 15,Madhya Pradesh,Jabalpur,Medium,7,6,7,57,9,3,24,No
CASE00083,Banking & Debt Recovery,Corporate Law,Corporate-Fraud,West Bengal,Siliguri,Medium,7,6,6,30,8,4,49,Conditional
CASE00084,Civil Suits,Civil Law,Contract-Breach,Karnataka,Mysore,Medium,8,6,9,31,4,6,59.28,Conditional
CASE00085,Intellectual Property,Civil Law,Patent,Punjab,Bathinda,Low,3,3,9,81,5,5,60,Yes
CASE00086,Criminal Appeals,Criminal Law,IPC-Cheating,Tamil Nadu,Erode,Low,5,9,4,44,6,4,59.74,Conditional
CASE00087,Environmental Law,Criminal Law,Environment-Pollution,Kerala,Kollam,Medium,6,2,8,116,4,6,28.6,No
CASE00088,Family Disputes,Family Law,Domestic Violence-Physical,Rajasthan,Jaipur,Low,9,4,8,85,6,6,72.54,Yes
CASE00089,Human Rights & PIL,Constitutional Law,Fundamental Rights-Article 21,Bihar,Bhagalpur,Medium,9,2,7,284,5,4,24.64,No
CASE00090,Bail Applications,Criminal Law,IPC-Assault,Tamil Nadu,Tirunelveli,Medium,3,2,5,219,10,3,38.11,No
CASE00091,Real Estate & RERA,Property Law,Housing-Society,Haryana,Faridabad,Medium,3,4,9,285,2,2,29,No
CASE00092,Medical Negligence,Civil Law,Services-Health,Delhi,East Delhi,Medium,1,3,8,107,8,5,36.72,No
CASE00093,Environmental Law,Criminal Law,Environment-Pollution,Delhi,East Delhi,Low,3,8,5,136,8,2,51.84,Conditional
CASE00094,Family Disputes,Family Law,Child Custody-Legal,West Bengal,Siliguri,Low,9,9,3,151,2,2,93,Yes
CASE00095,Corporate & Commercial Law,Corporate Law,Arbitration-Challenge,Haryana,Gurugram,High,5,9,7,212,6,4,26,No
CASE00096,Anti-Corruption & Vigilance,Criminal Law,IPC-Cheating,Karnataka,Belgaum,Low,1,8,5,84,9,6,45.76,Conditional
CASE00097,Writ Petitions,Constitutional Law,Writ-Quo Warranto,Maharashtra,Nagpur,Medium,3,5,6,352,2,5,16.8,No
CASE00098,Motor Accident Claims,Civil Law,Torts-Motor Accident,Punjab,Patiala,Low,1,8,7,146,7,6,67,Yes
CASE00099,Cyber Crime & IT Act,Criminal Law,IPC-Cheating,Haryana,Rohtak,Low,3,10,3,184,10,5,49,Conditional
CASE00100,Anti-Corruption & Vigilance,Criminal Law,IPC-Criminal Breach of Trust,Bihar,Munger,Medium,6,2,5,302,1,3,41.36,Conditional
CASE00101,Civil Suits,Civil Law,Property-Title,Gujarat,Surat,Medium,3,7,3,143,4,6,59,Conditional
CASE00102,Constitutional Law,Constitutional Law,Fundamental Rights-Article 14,Maharashtra,Mumbai,Medium,4,6,8,188,6,5,0,No
CASE00103,Anti-Corruption & Vigilance,Criminal Law,IPC-Criminal Breach of Trust,Tamil Nadu,Chennai,Low,3,10,4,39,9,3,46.35,Conditional
CASE00104,Property Disputes,Property Law,Land-Encroachment,Assam,Nagaon,Medium,5,3,6,397,8,5,57,Conditional
CASE00105,Company / Insolvency (NCLT-NCLAT),Corporate Law,Insolvency,Maharashtra,Amravati,High,8,9,7,339,8,3,38.85,No
CASE00106,POCSO & Juvenile Justice,Criminal Law,IPC-Rape,West Bengal,Durgapur,Medium,7,7,4,361,10,3,51,Conditional
CASE00107,NI Act / Cheque Bounce,Criminal Law,IPC-Criminal Breach of Trust,West Bengal,Siliguri,Low,10,8,8,308,9,4,52,Conditional
CASE00108,Environmental Law,Criminal Law,Environment-Forest,Maharashtra,Pune,High,6,3,9,33,5,6,11.55,No
CASE00109,Criminal Appeals,Criminal Law,IPC-Cheating,Tamil Nadu,Salem,Low,8,4,5,332,2,4,61.8,Yes
CASE00110,Consumer Protection,Consumer Law,Products-Electronic,Maharashtra,Mumbai,Medium,5,6,6,101,1,2,61.95,Yes
CASE00111,Anti-Corruption & Vigilance,Criminal Law,IPC-Criminal Breach of Trust,Uttar Pradesh,Kanpur,Medium,6,3,9,272,5,3,28.52,No
CASE00112,Civil Suits,Civil Law,Property-Title,Bihar,Darbhanga,Low,2,6,4,55,3,3,62.48,Yes
CASE00113,Family Disputes,Family Law,Maintenance-Spousal,Punjab,Ludhiana,High,1,10,3,209,8,4,34,No
CASE00114,Medical Negligence,Civil Law,Torts-Medical Negligence,Maharashtra,Solapur,Medium,4,10,6,303,1,4,63,Yes
CASE00115,Real Estate & RERA,Property Law,Housing-Society,Kerala,Alappuzha,Low,3,3,9,100,3,6,56.1,Conditional
CASE00116,Civil Suits,Civil Law,Contract-Breach,Madhya Pradesh,Jabalpur,Low,7,6,3,368,9,5,83,Yes
CASE00117,Family Disputes,Family Law,Divorce-Mutual Consent,Gujarat,Rajkot,Low,5,1,8,233,7,3,71,Yes
CASE00118,Real Estate & RERA,Property Law,Housing-Society,Assam,Dibrugarh,Medium,9,9,5,303,3,5,69,Yes
CASE00119,Anti-Corruption & Vigilance,Criminal Law,IPC-Criminal Breach of Trust,Gujarat,Surat,Low,6,4,9,363,4,4,39,No
CASE00120,Medical Negligence,Civil Law,Torts-Medical Negligence,Bihar,Patna,High,9,1,9,319,4,3,38.72,No
CASE00121,Intellectual Property,Civil Law,Copyright,Assam,Nagaon,Medium,3,4,7,111,7,6,58,Conditional
CASE00122,Bail Applications,Criminal Law,IPC-Murder,Gujarat,Vadodara,Low,5,1,8,284,10,6,43,Conditional
CASE00123,Labour & Employment Disputes,Labour Law,Industrial-Layoff,Uttar Pradesh,Meerut,Low,9,7,3,99,10,6,73.6,Yes
CASE00124,Cyber Crime & IT Act,Criminal Law,Cyber Crime-Identity Theft,Assam,Nagaon,Medium,8,2,6,40,3,4,53,Conditional
CASE00125,NI Act / Cheque Bounce,Criminal Law,IPC-Cheating,Maharashtra,Nagpur,Medium,10,8,9,308,8,4,39.9,No
CASE00126,Cyber Crime & IT Act,Criminal Law,IPC-Cheating,Bihar,Muzaffarpur,Medium,3,9,6,253,2,2,29.04,No
CASE00127,Cyber Crime & IT Act,Criminal Law,Cyber Crime-Phishing,Assam,Silchar,High,3,6,5,318,3,3,19,No
CASE00128,Anti-Corruption & Vigilance,Criminal Law,IPC-Cheating,Maharashtra,Mumbai,Low,4,3,3,320,9,3,59.85,Conditional
CASE00129,NI Act / Cheque Bounce,Criminal Law,IPC-Cheating,Tamil Nadu,Erode,Low,5,4,7,32,10,5,51.5,Conditional
CASE00130,Bail Applications,Criminal Law,IPC-Hurt,Karnataka,Belgaum,Medium,8,10,9,264,4,4,31.2,No
CASE00131,Labour & Employment Disputes,Labour Law,Wages-Overtime,Karnataka,Mangalore,Medium,9,8,8,151,6,3,53.04,Conditional
CASE00132,Criminal Appeals,Criminal Law,IPC-Cheating,Bihar,Darbhanga,Medium,8,5,5,259,4,5,42.24,Conditional
CASE00133,Motor Accident Claims,Civil Law,Torts-Motor Accident,Maharashtra,Nagpur,Medium,7,4,3,80,9,4,74.55,Yes
CASE00134,Criminal Appeals,Criminal Law,IPC-Cheating,Maharashtra,Mumbai,Medium,1,3,8,221,1,5,17.85,No
CASE00135,Corporate & Commercial Law,Corporate Law,Shareholder-Issues,Gujarat,Vadodara,High,3,9,5,96,6,6,19,No
CASE00136,Immigration & Passport Matters,Administrative Law,Licensing,Maharashtra,Solapur,Low,1,7,7,123,3,2,58.8,Conditional
CASE00137,Human Rights & PIL,Constitutional Law,Fundamental Rights-Article 15,Gujarat,Ahmedabad,Medium,6,1,6,187,1,5,25,No
CASE00138,Criminal Appeals,Criminal Law,IPC-Cheating,Madhya Pradesh,Ujjain,Medium,4,3,6,359,3,2,32,No
CASE00139,Environmental Law,Criminal Law,Environment-Forest,Haryana,Gurugram,Medium,8,1,3,378,5,4,47,Conditional
CASE00140,NI Act / Cheque Bounce,Criminal Law,IPC-Cheating,Karnataka,Davangere,Medium,2,8,5,278,3,4,33.28,No
CASE00141,Cyber Crime & IT Act,Criminal Law,Cyber Crime-Cyber Stalking,Haryana,Hisar,Medium,8,4,7,182,10,6,53,Conditional
CASE00142,Family Disputes,Family Law,Divorce-Contested,West Bengal,Kolkata,Low,1,8,6,165,2,5,74,Yes
CASE00143,Corporate & Commercial Law,Corporate Law,Shareholder-Issues,Karnataka,Bangalore,High,2,4,4,232,9,2,13.52,No
CASE00144,Consumer Protection,Consumer Law,Practices-E-commerce,Karnataka,Davangere,High,4,1,8,393,10,4,21.84,No
CASE00145,POCSO & Juvenile Justice,Criminal Law,IPC-Acid Attack,Delhi,South Delhi,Low,8,7,3,307,3,5,68.04,Yes
CASE00146,Family Disputes,Family Law,Maintenance-Spousal,Haryana,Panipat,Low,10,6,8,373,4,6,80,Yes
CASE00147,Writ Petitions,Constitutional Law,Writ-Certiorari,Punjab,Amritsar,Low,9,1,5,135,6,3,46,Conditional
CASE00148,Environmental Law,Criminal Law,Environment-Forest,Rajasthan,Bikaner,Medium,4,7,6,71,6,5,39.06,No
CASE00149,Insurance Claims,Consumer Law,Torts-Motor Accident,Tamil Nadu,Erode,Medium,7,10,4,278,10,6,64.89,Yes
CASE00150,Motor Accident Claims,Civil Law,Torts-Motor Accident,Rajasthan,Kota,Medium,4,7,8,183,8,5,48.36,Conditional
CASE00151,Human Rights & PIL,Constitutional Law,Fundamental Rights-Article 14,Uttar Pradesh,Kanpur,Low,10,8,7,264,2,6,47.84,Conditional
CASE00152,Motor Accident Claims,Civil Law,Torts-Motor Accident,Madhya Pradesh,Gwalior,Medium,5,6,4,344,4,2,70,Yes
CASE00153,Intellectual Property,Civil Law,Trade Mark,West Bengal,Hooghly,High,2,2,4,360,9,2,41,Conditional
CASE00154,Motor Accident Claims,Civil Law,Torts-Motor Accident,Gujarat,Surat,Low,7,7,7,125,1,3,90,Yes
CASE00155,Human Rights & PIL,Constitutional Law,PIL-Public Interest,Madhya Pradesh,Indore,Medium,8,7,5,343,8,2,32,No
CASE00156,Consumer Protection,Consumer Law,Services-Travel,Karnataka,Belgaum,Medium,1,10,4,191,2,6,52,Conditional
CASE00157,Real Estate & RERA,Property Law,Lease-Commercial,Assam,Dibrugarh,Low,8,9,6,40,3,6,81,Yes
CASE00158,Consumer Protection,Consumer Law,Practices-E-commerce,Rajasthan,Ajmer,Medium,2,5,6,123,10,6,50.22,Conditional
CASE00159,Family Disputes,Family Law,Domestic Violence-Physical,Assam,Silchar,Low,4,6,9,84,10,3,71,Yes
CASE00160,Immigration & Passport Matters,Administrative Law,Licensing,Bihar,Muzaffarpur,High,2,6,8,31,8,6,1.76,No
CASE00161,Intellectual Property,Civil Law,Patent,Punjab,Jalandhar,Medium,2,7,9,267,3,2,38,No
CASE00162,Civil Suits,Civil Law,Property-Title,Madhya Pradesh,Gwalior,High,8,2,4,90,5,5,51,Conditional
CASE00163,Property Disputes,Property Law,Housing-Society,Uttar Pradesh,Meerut,Medium,10,6,5,168,2,4,68.08,Yes
CASE00164,Arbitration & Mediation,Corporate Law,Arbitration-Challenge,Delhi,West Delhi,Low,8,5,3,171,9,5,74.52,Yes
CASE00165,Bail Applications,Criminal Law,IPC-Assault,Uttar Pradesh,Agra,Medium,8,4,9,343,1,5,34.96,No
CASE00166,Cyber Crime & IT Act,Criminal Law,Cyber Crime-Phishing,Uttar Pradesh,Noida,Low,8,9,5,299,9,3,62.56,Yes
CASE00167,Human Rights & PIL,Constitutional Law,Fundamental Rights-Article 19,Delhi,West Delhi,Medium,8,7,3,114,6,4,31.32,No
CASE00168,Anti-Corruption & Vigilance,Criminal Law,IPC-Criminal Breach of Trust,Maharashtra,Pune,High,9,1,8,201,3,6,16.8,No
CASE00169,Labour & Employment Disputes,Labour Law,Industrial-Layoff,West Bengal,Durgapur,Medium,4,9,8,93,9,2,39,No
CASE00170,NI Act / Cheque Bounce,Criminal Law,IPC-Criminal Breach of Trust,Rajasthan,Bikaner,Medium,10,1,6,296,3,3,51.15,Conditional
CASE00171,Property Disputes,Property Law,Building-Construction,Rajasthan,Bikaner,Low,1,9,3,200,3,4,49.29,Conditional
CASE00172,Environmental Law,Criminal Law,Environment-Pollution,Haryana,Faridabad,Medium,8,7,5,52,6,4,49,Conditional
CASE00173,Writ Petitions,Constitutional Law,Writ-Quo Warranto,Tamil Nadu,Chennai,Medium,3,5,5,318,4,4,14.42,No
CASE00174,Intellectual Property,Civil Law,Trade Mark,Delhi,East Delhi,Low,6,6,5,395,1,3,95.04,Yes
CASE00175,Anti-Corruption & Vigilance,Criminal Law,IPC-Criminal Breach of Trust,Tamil Nadu,Vellore,Medium,3,9,8,310,6,4,18.54,No
CASE00176,Banking & Debt Recovery,Corporate Law,Corporate-Fraud,Haryana,Hisar,Medium,8,2,9,324,8,5,35,No
CASE00177,Arbitration & Mediation,Corporate Law,Arbitration-International,Punjab,Bathinda,Medium,7,9,7,253,9,6,50,Conditional
CASE00178,Civil Suits,Civil Law,Torts-Motor Accident,Gujarat,Ahmedabad,Medium,6,3,7,99,1,6,65,Yes
CASE00179,Civil Suits,Civil Law,Contract-Breach,Gujarat,Rajkot,High,3,5,6,178,6,6,42,Conditional
CASE00180,Tax Law (Direct & Indirect),Administrative Law,Taxation-Professional,Uttar Pradesh,Ghaziabad,Low,2,4,6,262,6,5,54.28,Conditional
CASE00181,Company / Insolvency (NCLT-NCLAT),Corporate Law,Arbitration-Enforcement,Tamil Nadu,Tiruchirappalli,Medium,8,8,6,256,7,6,54.59,Conditional
CASE00182,Civil Suits,Civil Law,Contract-Breach,Rajasthan,Bikaner,Low,7,6,8,152,1,2,68.82,Yes
CASE00183,Environmental Law,Criminal Law,Environment-Forest,Kerala,Alappuzha,Low,8,2,9,110,9,6,57.2,Conditional
CASE00184,Bail Applications,Criminal Law,IPC-Murder,Gujarat,Vadodara,Low,2,4,3,347,2,2,47,Conditional
CASE00185,Bail Applications,Criminal Law,IPC-Hurt,West Bengal,Hooghly,High,6,10,5,322,4,5,26,No
CASE00186,Cyber Crime & IT Act,Criminal Law,Cyber Crime-Cyber Stalking,Madhya Pradesh,Bhopal,High,10,3,7,289,6,4,34,No
CASE00187,Motor Accident Claims,Civil Law,Torts-Motor Accident,Punjab,Chandigarh,Low,3,6,6,239,9,6,79,Yes
CASE00188,Immigration & Passport Matters,Administrative Law,Licensing,West Bengal,Hooghly,High,5,2,6,318,10,5,27,No
CASE00189,Company / Insolvency (NCLT-NCLAT),Corporate Law,Insolvency,Haryana,Ambala,Medium,5,5,5,323,3,5,43,Conditional
CASE00190,Family Disputes,Family Law,Child Custody-Physical,Delhi,North Delhi,Medium,4,5,5,343,5,5,74.52,Yes
CASE00191,Intellectual Property,Civil Law,Design,West Bengal,Siliguri,Medium,5,4,3,380,10,3,64,Yes
CASE00192,Immigration & Passport Matters,Administrative Law,Licensing,Punjab,Jalandhar,Medium,1,9,4,400,7,3,33,No
CASE00193,Company / Insolvency (NCLT-NCLAT),Corporate Law,Arbitration-Enforcement,Assam,Jorhat,Low,9,3,8,385,10,2,62,Yes
CASE00194,Company / Insolvency (NCLT-NCLAT),Corporate Law,Arbitration-Enforcement,Punjab,Bathinda,Low,3,1,3,313,10,5,50,Conditional
CASE00195,Cyber Crime & IT Act,Criminal Law,Cyber Crime-Phishing,Kerala,Kollam,Low,1,4,8,213,4,2,26.4,No
CASE00196,Insurance Claims,Consumer Law,Torts-Motor Accident,Delhi,East Delhi,Low,5,10,8,155,7,4,70.2,Yes
CASE00197,Banking & Debt Recovery,Corporate Law,Insolvency,Madhya Pradesh,Ujjain,Medium,4,8,3,53,3,3,39,No
CASE00198,Medical Negligence,Civil Law,Torts-Medical Negligence,Karnataka,Bangalore,Medium,9,5,5,275,2,6,74.88,Yes
CASE00199,Corporate & Commercial Law,Corporate Law,Arbitration-Challenge,Uttar Pradesh,Varanasi,Low,7,10,6,158,4,2,59.8,Conditional
CASE00200,Real Estate & RERA,Property Law,Housing-Society,Punjab,Chandigarh,Medium,8,4,4,203,4,6,65,Yes
CASE00201,Intellectual Property,Civil Law,Copyright,Kerala,Kochi,Low,10,10,7,33,6,3,100,Yes
CASE00202,Banking & Debt Recovery,Corporate Law,Contract-Breach,Assam,Jorhat,Medium,4,8,4,227,5,2,37,No
CASE00203,Anti-Corruption & Vigilance,Criminal Law,IPC-Cheating,Rajasthan,Bikaner,High,1,2,5,103,3,6,9.3,No
CASE00204,Consumer Protection,Consumer Law,Products-Electronic,Assam,Dibrugarh,Low,7,8,8,146,6,2,68,Yes
CASE00205,Arbitration & Mediation,Corporate Law,Arbitration-International,West Bengal,Siliguri,Low,9,6,8,262,6,4,57,Conditional
CASE00206,Corporate & Commercial Law,Corporate Law,Shareholder-Issues,Delhi,East Delhi,Medium,3,6,8,211,10,6,21.6,No
CASE00207,Cyber Crime & IT Act,Criminal Law,Cyber Crime-Cyber Stalking,Haryana,Panipat,Low,10,4,4,131,7,6,70,Yes
CASE00208,Labour & Employment Disputes,Labour Law,Compensation-Accident,Madhya Pradesh,Sagar,Medium,3,3,5,222,3,3,45,Conditional
CASE00209,Environmental Law,Criminal Law,Environment-Forest,Rajasthan,Bikaner,High,1,6,6,134,7,5,6.51,No
CASE00210,NI Act / Cheque Bounce,Criminal Law,IPC-Cheating,Uttar Pradesh,Lucknow,High,2,10,4,196,6,3,8.28,No
CASE00211,Intellectual Property,Civil Law,Design,Karnataka,Mangalore,Low,10,9,5,178,10,3,100,Yes
CASE00212,Corporate & Commercial Law,Corporate Law,Arbitration-Challenge,Kerala,Alappuzha,Low,9,10,9,81,2,4,66,Yes
CASE00213,Civil Suits,Civil Law,Torts-Motor Accident,Karnataka,Davangere,Medium,10,3,5,165,4,2,87.36,Yes
CASE00214,Arbitration & Mediation,Corporate Law,Arbitration-Challenge,Delhi,Central Delhi,Medium,7,3,3,318,3,5,59.4,Conditional
CASE00215,Motor Accident Claims,Civil Law,Torts-Motor Accident,Assam,Jorhat,Low,2,5,3,270,7,3,66,Yes
CASE00216,Criminal Appeals,Criminal Law,IPC-Cheating,Tamil Nadu,Tirunelveli,Medium,9,3,9,55,1,5,39.14,No
CASE00217,Bail Applications,Criminal Law,IPC-Murder,Maharashtra,Solapur,Low,4,9,8,66,4,4,36.75,No
CASE00218,Constitutional Law,Constitutional Law,Writ-Habeas Corpus,Rajasthan,Jodhpur,Medium,8,8,9,339,1,6,14.88,No
CASE00219,NI Act / Cheque Bounce,Criminal Law,IPC-Cheating,Uttar Pradesh,Agra,Low,8,10,3,397,9,6,62.56,Yes
CASE00220,Arbitration & Mediation,Corporate Law,Arbitration-Enforcement,Assam,Silchar,Low,3,10,7,197,10,6,52,Conditional
CASE00221,Property Disputes,Property Law,Housing-Society,Madhya Pradesh,Ujjain,Medium,8,8,8,239,10,5,50,Conditional
CASE00222,Labour & Employment Disputes,Labour Law,Service-Promotion,Bihar,Gaya,Medium,3,5,6,157,3,5,40.48,Conditional
CASE00223,Consumer Protection,Consumer Law,Products-Electronic,Kerala,Thrissur,Low,1,5,8,392,8,5,55,Conditional
CASE00224,Cyber Crime & IT Act,Criminal Law,Cyber Crime-Identity Theft,Rajasthan,Jaipur,Medium,6,1,3,172,7,6,41.85,Conditional
CASE00225,Tax Law (Direct & Indirect),Administrative Law,Taxation-Professional,Maharashtra,Aurangabad,Medium,7,1,3,390,2,3,53.55,Conditional
CASE00226,Motor Accident Claims,Civil Law,Torts-Motor Accident,Tamil Nadu,Madurai,Medium,8,3,8,269,6,3,64.89,Yes
CASE00227,Consumer Protection,Consumer Law,Products-Vehicles,Delhi,Central Delhi,Medium,1,7,6,203,3,3,46.44,Conditional
CASE00228,Motor Accident Claims,Civil Law,Torts-Motor Accident,Delhi,East Delhi,Medium,1,3,7,35,8,5,56.16,Conditional
CASE00229,Cyber Crime & IT Act,Criminal Law,Cyber Crime-Identity Theft,Kerala,Thrissur,Medium,4,2,4,46,5,6,36.3,No
CASE00230,Consumer Protection,Consumer Law,Services-Travel,Uttar Pradesh,Varanasi,Medium,9,4,4,140,9,5,61.64,Yes
CASE00231,POCSO & Juvenile Justice,Criminal Law,IPC-Acid Attack,Haryana,Panipat,Low,3,10,4,130,9,2,49,Conditional
CASE00232,Environmental Law,Criminal Law,Environment-Forest,Haryana,Ambala,Medium,10,1,5,144,9,6,58,Conditional
CASE00233,Criminal Appeals,Criminal Law,IPC-Cheating,West Bengal,Hooghly,Medium,10,5,5,172,6,4,50,Conditional
CASE00234,Human Rights & PIL,Constitutional Law,Fundamental Rights-Article 14,Punjab,Jalandhar,Low,9,8,4,126,1,4,50,Conditional
CASE00235,Writ Petitions,Constitutional Law,Writ-Prohibition,Karnataka,Gulbarga,Low,8,3,6,347,8,3,44.72,Conditional
CASE00236,Intellectual Property,Civil Law,Copyright,Rajasthan,Kota,Medium,6,3,3,267,9,6,62.31,Yes
CASE00237,Consumer Protection,Consumer Law,Products-Vehicles,Karnataka,Davangere,Medium,3,2,9,396,8,3,40.56,Conditional
CASE00238,Civil Suits,Civil Law,Contract-Breach,Kerala,Thrissur,Low,10,7,4,305,6,4,100,Yes
CASE00239,Consumer Protection,Consumer Law,Products-Electronic,Bihar,Gaya,Medium,5,9,3,299,7,6,57.2,Conditional
CASE00240,Human Rights & PIL,Constitutional Law,Fundamental Rights-Article 19,Maharashtra,Aurangabad,Medium,5,7,4,208,8,5,21,No
CASE00241,Motor Accident Claims,Civil Law,Torts-Motor Accident,Maharashtra,Mumbai,Low,7,10,7,56,4,2,93.45,Yes
CASE00242,Banking & Debt Recovery,Corporate Law,Insolvency,Karnataka,Gulbarga,Medium,10,10,6,176,2,3,62.4,Yes
CASE00243,NI Act / Cheque Bounce,Criminal Law,IPC-Cheating,Kerala,Kozhikode,Low,4,3,8,284,7,3,41.8,Conditional
CASE00244,Consumer Protection,Consumer Law,Products-Electronic,Kerala,Alappuzha,Medium,6,3,7,356,8,4,66,Yes
CASE00245,Banking & Debt Recovery,Corporate Law,Insolvency,Uttar Pradesh,Noida,Low,2,3,9,230,7,5,37.72,No
CASE00246,NI Act / Cheque Bounce,Criminal Law,IPC-Cheating,Haryana,Panipat,Medium,1,9,6,296,5,3,26,No
CASE00247,Arbitration & Mediation,Corporate Law,Arbitration-Enforcement,Assam,Jorhat,Medium,1,5,4,150,9,3,32,No
CASE00248,Banking & Debt Recovery,Corporate Law,Insolvency,Haryana,Panipat,Medium,6,2,3,199,9,5,52,Conditional
CASE00249,Family Disputes,Family Law,Child Custody-Physical,Maharashtra,Navi Mumbai,Medium,3,2,5,109,3,5,67.2,Yes
CASE00250,Corporate & Commercial Law,Corporate Law,Shareholder-Issues,Assam,Tinsukia,Medium,2,6,5,107,4,6,41,Conditional
CASE00251,Constitutional Law,Constitutional Law,Fundamental Rights-Article 14,Rajasthan,Jaipur,High,7,4,6,136,7,4,5.58,No
CASE00252,Cyber Crime & IT Act,Criminal Law,IPC-Cheating,Madhya Pradesh,Sagar,Medium,2,4,5,115,8,3,26,No
CASE00253,Writ Petitions,Constitutional Law,Writ-Habeas Corpus,Tamil Nadu,Salem,Low,1,8,9,127,8,4,13.39,No
CASE00254,Cyber Crime & IT Act,Criminal Law,Cyber Crime-Hacking,Madhya Pradesh,Jabalpur,High,3,3,9,83,1,4,0,No
CASE00255,Banking & Debt Recovery,Corporate Law,Insolvency,Punjab,Patiala,Medium,6,1,7,359,4,6,49,Conditional
CASE00256,Cyber Crime & IT Act,Criminal Law,Cyber Crime-Phishing,Haryana,Gurugram,Medium,3,5,9,271,4,4,24,No
CASE00257,Real Estate & RERA,Property Law,Lease-Residential,Gujarat,Jamnagar,Medium,7,5,3,103,2,6,64,Yes
CASE00258,Bail Applications,Criminal Law,IPC-Hurt,Tamil Nadu,Tirunelveli,High,8,1,5,334,10,5,29.87,No
CASE00259,Immigration & Passport Matters,Administrative Law,Service-Transfer,Madhya Pradesh,Bhopal,Low,10,6,6,283,5,6,85,Yes
CASE00260,Writ Petitions,Constitutional Law,Writ-Certiorari,Karnataka,Belgaum,High,8,10,9,30,2,5,0,No
CASE00261,Immigration & Passport Matters,Administrative Law,Service-Transfer,Maharashtra,Solapur,High,1,4,3,324,3,6,17.85,No
CASE00262,Writ Petitions,Constitutional Law,Writ-Certiorari,Rajasthan,Jodhpur,High,3,9,6,306,4,5,0,No
CASE00263,Human Rights & PIL,Constitutional Law,Fundamental Rights-Article 21,Uttar Pradesh,Agra,High,5,6,3,79,3,4,0,No
CASE00264,Constitutional Law,Constitutional Law,Writ-Habeas Corpus,Assam,Jorhat,Medium,6,1,4,120,1,2,26,No
CASE00265,Intellectual Property,Civil Law,Trade Mark,Assam,Nagaon,Medium,3,10,8,98,10,6,47,Conditional
CASE00266,Company / Insolvency (NCLT-NCLAT),Corporate Law,Insolvency,Kerala,Kollam,High,7,2,4,147,4,3,28.6,No
CASE00267,Bail Applications,Criminal Law,IPC-Murder,Haryana,Hisar,Medium,1,4,6,228,2,4,24,No
CASE00268,Corporate & Commercial Law,Corporate Law,Arbitration-Challenge,Gujarat,Jamnagar,High,5,3,9,53,6,6,14,No
CASE00269,Insurance Claims,Consumer Law,Torts-Motor Accident,Karnataka,Hubli,Medium,5,1,4,232,4,5,58.24,Conditional
CASE00270,Anti-Corruption & Vigilance,Criminal Law,IPC-Cheating,Madhya Pradesh,Sagar,Low,4,3,9,33,3,5,32,No
CASE00271,Company / Insolvency (NCLT-NCLAT),Corporate Law,Oppression-Mismanagement,Haryana,Rohtak,Medium,4,10,9,263,4,3,28,No
CASE00272,Arbitration & Mediation,Corporate Law,Arbitration-Appointment,Gujarat,Vadodara,High,3,5,5,86,8,4,24,No
CASE00273,Constitutional Law,Constitutional Law,Writ-Habeas Corpus,Gujarat,Jamnagar,Low,7,6,6,99,9,5,39,No
CASE00274,Human Rights & PIL,Constitutional Law,Fundamental Rights-Article 14,West Bengal,Hooghly,High,5,5,4,163,1,6,3,No
CASE00275,Anti-Corruption & Vigilance,Criminal Law,IPC-Cheating,Delhi,Central Delhi,High,2,4,6,345,2,2,11.88,No
CASE00276,Bail Applications,Criminal Law,IPC-Assault,Rajasthan,Jodhpur,Medium,6,7,6,126,10,6,39.06,No
CASE00277,POCSO & Juvenile Justice,Criminal Law,IPC-Rape,Delhi,North Delhi,Medium,1,6,6,171,7,4,34.56,No
CASE00278,Arbitration & Mediation,Corporate Law,Arbitration-Challenge,Haryana,Gurugram,Low,2,9,9,342,2,4,39,No
CASE00279,Cyber Crime & IT Act,Criminal Law,Cyber Crime-Identity Theft,Delhi,New Delhi,High,7,9,6,347,4,3,25.92,No
CASE00280,Criminal Appeals,Criminal Law,IPC-Hurt,Uttar Pradesh,Varanasi,Low,6,8,8,372,8,4,40.48,Conditional
CASE00281,POCSO & Juvenile Justice,Criminal Law,IPC-Acid Attack,West Bengal,Durgapur,Medium,9,8,7,210,10,2,49,Conditional
CASE00282,Property Disputes,Property Law,Land-Boundary,Haryana,Gurugram,Medium,10,10,3,94,9,3,74,Yes
CASE00283,Banking & Debt Recovery,Corporate Law,Corporate-Fraud,Assam,Guwahati,Medium,8,5,7,375,10,2,58,Conditional
CASE00284,Arbitration & Mediation,Corporate Law,Arbitration-Challenge,Rajasthan,Udaipur,Low,7,2,6,229,8,6,59.52,Conditional
CASE00285,Arbitration & Mediation,Corporate Law,Arbitration-Enforcement,Karnataka,Gulbarga,Medium,9,1,5,123,6,2,61.36,Yes
CASE00286,Criminal Appeals,Criminal Law,IPC-Cheating,Maharashtra,Aurangabad,Medium,6,4,8,180,9,5,34.65,No
CASE00287,Constitutional Law,Constitutional Law,Fundamental Rights-Article 15,Rajasthan,Udaipur,High,9,5,6,295,4,5,10.23,No
CASE00288,Anti-Corruption & Vigilance,Criminal Law,IPC-Criminal Breach of Trust,Maharashtra,Navi Mumbai,Medium,8,2,4,383,3,6,47.25,Conditional
CASE00289,Tax Law (Direct & Indirect),Administrative Law,Taxation-Service,Kerala,Kozhikode,Medium,6,8,7,98,7,5,60.5,Yes
CASE00290,Anti-Corruption & Vigilance,Criminal Law,IPC-Cheating,Haryana,Faridabad,High,8,2,3,76,5,6,28,No
CASE00291,Tax Law (Direct & Indirect),Administrative Law,Taxation-Service,Haryana,Ambala,High,10,8,9,229,4,3,25,No
CASE00292,Family Disputes,Family Law,Inheritance-Intestate,Assam,Jorhat,High,8,8,8,158,8,4,40,Conditional
CASE00293,Immigration & Passport Matters,Administrative Law,Licensing,Uttar Pradesh,Lucknow,Medium,6,3,5,326,9,6,51.52,Conditional
CASE00294,POCSO & Juvenile Justice,Criminal Law,IPC-Rape,Uttar Pradesh,Varanasi,Low,1,2,6,57,2,5,37.72,No
CASE00295,Company / Insolvency (NCLT-NCLAT),Corporate Law,Arbitration-Enforcement,Tamil Nadu,Salem,High,2,9,7,258,2,4,20.6,No
CASE00296,Banking & Debt Recovery,Corporate Law,Insolvency,Madhya Pradesh,Indore,Medium,2,1,3,36,6,5,36,No
CASE00297,Labour & Employment Disputes,Labour Law,Industrial-Layoff,Kerala,Thiruvananthapuram,High,8,10,8,147,7,2,28.6,No
CASE00298,Immigration & Passport Matters,Administrative Law,Service-Transfer,Maharashtra,Amravati,Low,4,9,6,318,7,2,69.3,Yes
CASE00299,Consumer Protection,Consumer Law,Practices-E-commerce,Maharashtra,Nashik,Low,7,6,4,119,10,3,80.85,Yes
CASE00300,Writ Petitions,Constitutional Law,Writ-Mandamus,Haryana,Rohtak,Low,3,8,8,314,1,4,18,No
CASE00301,Cyber Crime & IT Act,Criminal Law,Cyber Crime-Identity Theft,Maharashtra,Amravati,Medium,8,9,3,113,7,4,46.2,Conditional
CASE00302,Family Disputes,Family Law,Child Custody-Physical,Bihar,Munger,Low,10,3,3,290,1,3,83.6,Yes
CASE00303,Banking & Debt Recovery,Corporate Law,Contract-Breach,West Bengal,Howrah,Medium,8,6,6,186,2,6,56,Conditional
CASE00304,Medical Negligence,Civil Law,Services-Health,Maharashtra,Pune,Medium,1,7,4,146,9,3,50.4,Conditional
CASE00305,Tax Law (Direct & Indirect),Administrative Law,Taxation-Service,Delhi,Central Delhi,Medium,5,5,4,82,8,4,54,Conditional
CASE00306,Consumer Protection,Consumer Law,Products-Vehicles,West Bengal,Durgapur,Medium,8,7,3,164,7,4,74,Yes
CASE00307,Anti-Corruption & Vigilance,Criminal Law,IPC-Cheating,Punjab,Jalandhar,Medium,10,2,8,91,4,3,40,Conditional
CASE00308,Real Estate & RERA,Property Law,Lease-Commercial,West Bengal,Kolkata,Medium,2,1,5,120,8,2,48,Conditional
CASE00309,POCSO & Juvenile Justice,Criminal Law,IPC-Rape,Karnataka,Davangere,Low,2,8,8,395,4,6,29.12,No
CASE00310,Writ Petitions,Constitutional Law,Writ-Prohibition,West Bengal,Kolkata,High,9,6,5,277,10,3,13,No
CASE00311,Medical Negligence,Civil Law,Services-Health,Delhi,East Delhi,Low,9,6,3,167,1,5,93.96,Yes
CASE00312,Corporate & Commercial Law,Corporate Law,Arbitration-Challenge,Punjab,Patiala,Low,4,8,3,149,6,3,60,Yes
CASE00313,Anti-Corruption & Vigilance,Criminal Law,IPC-Criminal Breach of Trust,Rajasthan,Jodhpur,High,8,2,3,54,1,4,24.18,No
CASE00314,Insurance Claims,Consumer Law,Services-Insurance,Karnataka,Mangalore,Medium,6,6,8,52,2,2,48.88,Conditional
CASE00315,Civil Suits,Civil Law,Torts-Motor Accident,Karnataka,Bangalore,Medium,1,6,5,146,1,5,57.2,Conditional
CASE00316,Arbitration & Mediation,Corporate Law,Arbitration-Enforcement,Madhya Pradesh,Ujjain,Medium,2,7,5,116,7,5,39,No
CASE00317,POCSO & Juvenile Justice,Criminal Law,IPC-Gang Rape,Kerala,Kollam,Medium,5,10,9,101,10,4,24.2,No
CASE00318,Constitutional Law,Constitutional Law,Writ-Habeas Corpus,West Bengal,Kolkata,Medium,10,3,6,354,2,6,32,No
CASE00319,Arbitration & Mediation,Corporate Law,Arbitration-Appointment,Punjab,Chandigarh,Medium,7,10,9,153,5,4,34,No
CASE00320,Banking & Debt Recovery,Corporate Law,Corporate-Fraud,Assam,Jorhat,Medium,4,3,9,150,4,6,22,No
CASE00321,Real Estate & RERA,Property Law,Housing-Society,Madhya Pradesh,Gwalior,High,3,6,9,73,4,4,18,No
CASE00322,POCSO & Juvenile Justice,Criminal Law,IPC-Rape,Rajasthan,Ajmer,Medium,4,3,7,31,6,5,32.55,No
CASE00323,Anti-Corruption & Vigilance,Criminal Law,IPC-Cheating,Gujarat,Surat,Medium,8,4,7,117,7,3,50,Conditional
CASE00324,POCSO & Juvenile Justice,Criminal Law,IPC-Gang Rape,Uttar Pradesh,Ghaziabad,Medium,4,9,5,285,2,2,36.8,No
CASE00325,POCSO & Juvenile Justice,Criminal Law,IPC-Acid Attack,Kerala,Thrissur,Low,8,3,4,255,1,6,72.6,Yes
CASE00326,Intellectual Property,Civil Law,Design,Gujarat,Jamnagar,Medium,3,3,3,190,6,4,59,Conditional
CASE00327,Medical Negligence,Civil Law,Torts-Medical Negligence,West Bengal,Asansol,High,9,6,8,319,2,2,41,Conditional
CASE00328,Corporate & Commercial Law,Corporate Law,Arbitration-Challenge,Karnataka,Belgaum,Low,1,5,8,102,5,5,38.48,No
CASE00329,Constitutional Law,Constitutional Law,Fundamental Rights-Article 15,Rajasthan,Kota,Low,8,6,9,340,7,4,22.32,No
CASE00330,Arbitration & Mediation,Corporate Law,Arbitration-Appointment,Gujarat,Jamnagar,Medium,2,10,8,122,4,3,21,No
CASE00331,Medical Negligence,Civil Law,Torts-Medical Negligence,Karnataka,Gulbarga,High,3,8,9,261,2,2,30.16,No
CASE00332,Insurance Claims,Consumer Law,Services-Insurance,Madhya Pradesh,Gwalior,Medium,10,10,5,265,7,2,79,Yes
CASE00333,Labour & Employment Disputes,Labour Law,Industrial-Retrenchment,Gujarat,Bhavnagar,Medium,4,10,5,278,6,3,48,Conditional
CASE00334,Consumer Protection,Consumer Law,Services-Health,Gujarat,Surat,Low,5,4,7,195,8,4,80,Yes
CASE00335,Human Rights & PIL,Constitutional Law,Fundamental Rights-Article 14,Delhi,South Delhi,Low,6,3,6,45,1,6,39.96,No
CASE00336,Arbitration & Mediation,Corporate Law,Arbitration-Appointment,Kerala,Kochi,High,6,3,5,204,5,5,28.6,No
CASE00337,Intellectual Property,Civil Law,Trade Mark,Bihar,Munger,Low,3,5,3,368,2,2,63.36,Yes
CASE00338,Motor Accident Claims,Civil Law,Torts-Motor Accident,Karnataka,Mangalore,Medium,6,8,9,174,7,6,60.32,Yes
CASE00339,Corporate & Commercial Law,Corporate Law,Shareholder-Issues,Rajasthan,Jodhpur,Low,8,5,5,103,9,5,64.17,Yes
CASE00340,Property Disputes,Property Law,Land-Encroachment,Uttar Pradesh,Ghaziabad,Medium,4,10,9,225,8,5,33.12,No
CASE00341,Environmental Law,Criminal Law,Environment-Pollution,Haryana,Ambala,Medium,9,1,6,371,10,2,49,Conditional
CASE00342,Arbitration & Mediation,Corporate Law,Arbitration-Challenge,Delhi,Central Delhi,Medium,3,4,5,57,4,2,39.96,No
CASE00343,Real Estate & RERA,Property Law,Lease-Residential,Gujarat,Surat,Low,2,4,3,252,7,6,66,Yes
CASE00344,Immigration & Passport Matters,Administrative Law,Licensing,Assam,Guwahati,Medium,9,5,5,89,5,6,58,Conditional
CASE00345,Consumer Protection,Consumer Law,Services-Health,Gujarat,Ahmedabad,Low,2,10,3,165,3,5,70,Yes
CASE00346,Property Disputes,Property Law,Land-Title,Maharashtra,Amravati,Low,6,7,6,235,6,5,72.45,Yes
CASE00347,Tax Law (Direct & Indirect),Administrative Law,Taxation-Property,Madhya Pradesh,Gwalior,Low,5,2,4,381,9,3,65,Yes
CASE00348,Bail Applications,Criminal Law,IPC-Murder,Bihar,Bhagalpur,Low,6,3,7,322,6,3,53.68,Conditional
CASE00349,Insurance Claims,Consumer Law,Services-Insurance,Maharashtra,Solapur,Low,7,4,9,393,10,4,65.1,Yes
CASE00350,Real Estate & RERA,Property Law,Housing-Society,Maharashtra,Navi Mumbai,Medium,6,10,9,158,4,2,39.9,No
CASE00351,Family Disputes,Family Law,Child Custody-Legal,Tamil Nadu,Coimbatore,High,6,2,6,66,4,4,56.65,Conditional
CASE00352,Company / Insolvency (NCLT-NCLAT),Corporate Law,Arbitration-Enforcement,Haryana,Rohtak,High,8,5,4,276,9,5,37,No
CASE00353,Civil Suits,Civil Law,Torts-Motor Accident,Haryana,Faridabad,Medium,3,7,6,262,8,2,60,Yes
CASE00354,Tax Law (Direct & Indirect),Administrative Law,Taxation-Professional,Tamil Nadu,Tiruchirappalli,Low,2,2,7,87,7,2,54.59,Conditional
CASE00355,POCSO & Juvenile Justice,Criminal Law,IPC-Acid Attack,Rajasthan,Udaipur,Medium,2,6,5,46,4,6,28.83,No
CASE00356,Motor Accident Claims,Civil Law,Torts-Motor Accident,Uttar Pradesh,Agra,High,10,3,8,363,4,4,36.8,No
CASE00357,Bail Applications,Criminal Law,IPC-Murder,Punjab,Patiala,Medium,2,5,4,132,10,6,29,No
CASE00358,Constitutional Law,Constitutional Law,Fundamental Rights-Article 15,Madhya Pradesh,Bhopal,Low,1,10,9,42,9,5,8,No
CASE00359,Bail Applications,Criminal Law,IPC-Assault,Rajasthan,Jodhpur,Medium,5,2,5,157,1,5,39.99,No
CASE00360,Immigration & Passport Matters,Administrative Law,Licensing,Maharashtra,Thane,Medium,1,3,3,132,1,4,36.75,No
CASE00361,Civil Suits,Civil Law,Contract-Breach,Bihar,Darbhanga,Medium,5,7,6,347,10,6,55.44,Conditional
CASE00362,Writ Petitions,Constitutional Law,Writ-Prohibition,Assam,Jorhat,Medium,1,10,5,306,3,6,13,No
CASE00363,Bail Applications,Criminal Law,IPC-Assault,Gujarat,Bhavnagar,Low,2,2,7,68,10,2,50,Conditional
CASE00364,Anti-Corruption & Vigilance,Criminal Law,IPC-Criminal Breach of Trust,Tamil Nadu,Vellore,Medium,3,3,6,344,7,5,39.14,No
CASE00365,Medical Negligence,Civil Law,Torts-Medical Negligence,Assam,Jorhat,Medium,10,4,4,132,8,6,85,Yes
CASE00366,Motor Accident Claims,Civil Law,Torts-Motor Accident,Delhi,West Delhi,Medium,6,4,5,31,3,5,77.76,Yes
CASE00367,Environmental Law,Criminal Law,Environment-Forest,Madhya Pradesh,Jabalpur,Medium,6,10,9,120,1,3,27,No
CASE00368,Constitutional Law,Constitutional Law,Fundamental Rights-Article 15,Tamil Nadu,Chennai,Medium,1,1,4,45,10,5,7.21,No
CASE00369,Labour & Employment Disputes,Labour Law,Service-Promotion,Punjab,Bathinda,Low,8,10,5,223,2,3,80,Yes
CASE00370,Corporate & Commercial Law,Corporate Law,Arbitration-Enforcement,Punjab,Chandigarh,Medium,9,2,5,93,4,6,57,Conditional
CASE00371,Cyber Crime & IT Act,Criminal Law,Cyber Crime-Cyber Stalking,Tamil Nadu,Vellore,Medium,5,1,9,274,9,2,27.81,No
CASE00372,Criminal Appeals,Criminal Law,IPC-Hurt,Bihar,Munger,Medium,10,4,4,88,1,5,51.04,Conditional
CASE00373,NI Act / Cheque Bounce,Criminal Law,IPC-Cheating,Assam,Guwahati,Medium,2,1,9,47,5,6,18,No
CASE00374,Medical Negligence,Civil Law,Torts-Medical Negligence,Karnataka,Davangere,Medium,4,5,3,59,5,2,66.56,Yes
CASE00375,Corporate & Commercial Law,Corporate Law,Arbitration-Challenge,West Bengal,Kolkata,Medium,5,5,4,336,1,4,49,Conditional
CASE00376,Constitutional Law,Constitutional Law,Writ-Mandamus,Uttar Pradesh,Meerut,Low,6,3,5,344,9,2,31.28,No
CASE00377,Arbitration & Mediation,Corporate Law,Arbitration-Challenge,Uttar Pradesh,Lucknow,Low,4,10,4,32,9,5,50.6,Conditional
CASE00378,NI Act / Cheque Bounce,Criminal Law,IPC-Cheating,Bihar,Bhagalpur,Medium,6,9,4,80,3,4,33.44,No
CASE00379,Immigration & Passport Matters,Administrative Law,Licensing,Assam,Nagaon,Low,10,2,9,166,4,4,63,Yes
CASE00380,Criminal Appeals,Criminal Law,IPC-Cheating,Madhya Pradesh,Bhopal,Medium,1,9,7,149,1,3,28,No
CASE00381,Corporate & Commercial Law,Corporate Law,Oppression-Mismanagement,Madhya Pradesh,Bhopal,Medium,4,4,7,292,2,6,47,Conditional
CASE00382,Immigration & Passport Matters,Administrative Law,Service-Transfer,Madhya Pradesh,Jabalpur,Low,9,9,5,351,6,5,77,Yes
CASE00383,Family Disputes,Family Law,Inheritance-Intestate,West Bengal,Siliguri,Low,9,3,8,131,5,5,85,Yes
CASE00384,Civil Suits,Civil Law,Property-Title,Assam,Nagaon,High,4,3,5,154,6,3,45,Conditional
CASE00385,Banking & Debt Recovery,Corporate Law,Contract-Breach,Delhi,North Delhi,Medium,1,3,5,396,4,5,33.48,No
CASE00386,Criminal Appeals,Criminal Law,IPC-Cheating,Madhya Pradesh,Sagar,Medium,5,6,8,389,1,3,30,No
CASE00387,Medical Negligence,Civil Law,Torts-Medical Negligence,Assam,Dibrugarh,Low,2,3,4,363,5,6,68,Yes
CASE00388,Motor Accident Claims,Civil Law,Torts-Motor Accident,Uttar Pradesh,Meerut,High,6,7,6,157,7,5,48.76,Conditional
CASE00389,Human Rights & PIL,Constitutional Law,PIL-Public Interest,Tamil Nadu,Chennai,Medium,9,1,5,346,6,2,35.02,No
CASE00390,Company / Insolvency (NCLT-NCLAT),Corporate Law,Arbitration-Enforcement,West Bengal,Kolkata,Medium,4,6,5,380,3,4,38,No
CASE00391,Company / Insolvency (NCLT-NCLAT),Corporate Law,Oppression-Mismanagement,Haryana,Panipat,Medium,3,5,9,123,9,6,24,No
CASE00392,Tax Law (Direct & Indirect),Administrative Law,Taxation-Professional,Punjab,Jalandhar,Medium,2,7,6,242,2,6,38,No
CASE00393,NI Act / Cheque Bounce,Criminal Law,IPC-Cheating,Delhi,New Delhi,Low,4,8,5,89,6,3,50.76,Conditional
CASE00394,Real Estate & RERA,Property Law,Lease-Residential,Karnataka,Hubli,High,9,5,7,228,9,2,46.8,Conditional
CASE00395,Medical Negligence,Civil Law,Services-Health,Bihar,Patna,Low,2,9,9,295,4,5,53.68,Conditional
CASE00396,Property Disputes,Property Law,Land-Boundary,Assam,Tinsukia,Medium,5,5,8,134,1,4,36,No
CASE00397,Criminal Appeals,Criminal Law,IPC-Cheating,Maharashtra,Amravati,Low,8,7,9,391,3,2,47.25,Conditional
CASE00398,Criminal Appeals,Criminal Law,IPC-Murder,Tamil Nadu,Chennai,Medium,4,1,3,39,7,5,41.2,Conditional
CASE00399,Labour & Employment Disputes,Labour Law,Termination-Wrongful,Delhi,Central Delhi,Low,8,6,9,277,7,4,73.44,Yes
CASE00400,Motor Accident Claims,Civil Law,Torts-Motor Accident,Karnataka,Bangalore,Medium,8,8,5,300,9,5,80.08,Yes
CASE00401,Labour & Employment Disputes,Labour Law,Service-Promotion,Gujarat,Bhavnagar,Low,2,7,4,125,2,5,62,Yes
CASE00402,POCSO & Juvenile Justice,Criminal Law,IPC-Acid Attack,Maharashtra,Amravati,Medium,1,4,8,189,1,5,13.65,No
CASE00403,Cyber Crime & IT Act,Criminal Law,Cyber Crime-Hacking,Maharashtra,Mumbai,Medium,3,4,4,47,5,3,33.6,No
CASE00404,Bail Applications,Criminal Law,IPC-Murder,Karnataka,Hubli,Medium,4,3,8,91,5,2,26,No
CASE00405,POCSO & Juvenile Justice,Criminal Law,IPC-Gang Rape,Karnataka,Davangere,Medium,10,4,7,276,3,6,55.12,Conditional
CASE00406,Constitutional Law,Constitutional Law,Fundamental Rights-Article 14,Maharashtra,Nashik,Low,7,1,9,356,9,2,25.2,No
CASE00407,Medical Negligence,Civil Law,Services-Health,Maharashtra,Nashik,Medium,6,8,8,82,10,6,57.75,Conditional
CASE00408,Constitutional Law,Constitutional Law,Fundamental Rights-Article 14,Delhi,Central Delhi,Medium,2,9,7,346,10,4,9.72,No
CASE00409,Civil Suits,Civil Law,Contract-Breach,Maharashtra,Solapur,Low,9,9,3,334,3,3,94.5,Yes
CASE00410,Property Disputes,Property Law,Lease-Commercial,Rajasthan,Jaipur,Low,7,4,8,212,4,4,55.8,Conditional
CASE00411,Motor Accident Claims,Civil Law,Torts-Motor Accident,West Bengal,Hooghly,Medium,6,4,5,308,2,4,73,Yes
CASE00412,Bail Applications,Criminal Law,IPC-Assault,Uttar Pradesh,Agra,Medium,2,7,7,374,10,3,30.36,No
CASE00413,Tax Law (Direct & Indirect),Administrative Law,Taxation-Professional,Maharashtra,Solapur,Low,10,2,5,383,9,2,87.15,Yes
CASE00414,Family Disputes,Family Law,Child Custody-Physical,Assam,Guwahati,Medium,9,3,4,233,9,5,84,Yes
CASE00415,Property Disputes,Property Law,Land-Boundary,Karnataka,Davangere,Low,7,6,8,268,3,6,61.36,Yes
CASE00416,POCSO & Juvenile Justice,Criminal Law,IPC-Acid Attack,Delhi,West Delhi,High,3,8,8,166,4,3,2.16,No
CASE00417,Medical Negligence,Civil Law,Services-Health,Tamil Nadu,Madurai,Medium,2,2,4,36,9,4,52.53,Conditional
CASE00418,Consumer Protection,Consumer Law,Services-Travel,Karnataka,Belgaum,Medium,10,2,7,190,3,5,78,Yes
CASE00419,Constitutional Law,Constitutional Law,Fundamental Rights-Article 15,West Bengal,Howrah,High,10,10,7,343,7,2,14,No
CASE00420,Intellectual Property,Civil Law,Design,Rajasthan,Ajmer,High,1,7,5,39,10,6,27.9,No
CASE00421,Corporate & Commercial Law,Corporate Law,Director-Conflict,Delhi,North Delhi,Low,7,10,4,33,10,2,69.12,Yes
CASE00422,Civil Suits,Civil Law,Property-Title,West Bengal,Siliguri,Medium,3,6,6,200,5,3,56,Conditional
CASE00423,Motor Accident Claims,Civil Law,Torts-Motor Accident,West Bengal,Kolkata,Medium,10,7,8,352,3,3,64,Yes
CASE00424,Family Disputes,Family Law,Child Custody-Physical,Haryana,Faridabad,Medium,1,6,5,137,2,2,53,Conditional
CASE00425,Consumer Protection,Consumer Law,Practices-E-commerce,Madhya Pradesh,Jabalpur,Medium,2,6,7,207,7,2,54,Conditional
CASE00426,Motor Accident Claims,Civil Law,Torts-Motor Accident,Bihar,Munger,Low,5,6,7,303,2,5,66,Yes
CASE00427,Intellectual Property,Civil Law,Geographical Indication,Kerala,Thiruvananthapuram,High,10,7,6,262,6,4,71.5,Yes
CASE00428,Human Rights & PIL,Constitutional Law,Fundamental Rights-Article 14,Haryana,Panipat,Medium,10,1,9,351,4,4,18,No
CASE00429,Labour & Employment Disputes,Labour Law,Industrial-Layoff,Gujarat,Rajkot,Medium,4,6,5,201,6,5,52,Conditional
CASE00430,POCSO & Juvenile Justice,Criminal Law,IPC-Gang Rape,Gujarat,Ahmedabad,Low,3,4,7,384,1,4,48,Conditional
CASE00431,Real Estate & RERA,Property Law,Lease-Commercial,Delhi,South Delhi,High,9,5,9,52,3,4,38.88,No
CASE00432,Environmental Law,Criminal Law,Environment-Pollution,Tamil Nadu,Vellore,High,4,2,4,278,10,6,13.39,No
CASE00433,Arbitration & Mediation,Corporate Law,Arbitration-Enforcement,Delhi,New Delhi,Low,1,3,9,268,10,5,37.8,No
CASE00434,Family Disputes,Family Law,Divorce-Contested,Kerala,Thrissur,Medium,1,2,8,277,9,4,48.4,Conditional
CASE00435,Insurance Claims,Consumer Law,Torts-Motor Accident,Kerala,Thiruvananthapuram,High,3,1,5,290,4,5,39.6,No
CASE00436,Immigration & Passport Matters,Administrative Law,Service-Transfer,Gujarat,Vadodara,Medium,1,7,8,109,10,5,18,No
CASE00437,Property Disputes,Property Law,Mortgage-Dispute,Tamil Nadu,Tirunelveli,Medium,6,5,9,328,10,5,39.14,No
CASE00438,Labour & Employment Disputes,Labour Law,Industrial-Retrenchment,Bihar,Gaya,High,8,6,7,235,10,4,43.12,Conditional
CASE00439,Banking & Debt Recovery,Corporate Law,Contract-Breach,Karnataka,Davangere,Medium,4,7,7,96,3,3,42.64,Conditional
CASE00440,Medical Negligence,Civil Law,Torts-Medical Negligence,Karnataka,Hubli,Medium,5,4,3,160,7,6,67.6,Yes
CASE00441,Corporate & Commercial Law,Corporate Law,Oppression-Mismanagement,Punjab,Chandigarh,Medium,6,4,8,344,10,2,32,No
CASE00442,Consumer Protection,Consumer Law,Services-Health,Punjab,Ludhiana,Medium,2,1,9,352,10,3,36,No
CASE00443,Motor Accident Claims,Civil Law,Torts-Motor Accident,Rajasthan,Ajmer,High,5,7,4,345,5,3,37.2,No
CASE00444,Arbitration & Mediation,Corporate Law,Arbitration-Appointment,Rajasthan,Bikaner,Medium,1,3,3,94,8,5,30.69,No
CASE00445,Civil Suits,Civil Law,Contract-Breach,Bihar,Patna,Medium,2,3,7,325,3,5,47.52,Conditional
CASE00446,POCSO & Juvenile Justice,Criminal Law,IPC-Rape,West Bengal,Hooghly,Medium,5,8,7,194,7,3,36,No
CASE00447,Family Disputes,Family Law,Domestic Violence-Physical,Karnataka,Hubli,Low,8,8,5,81,1,5,97.76,Yes
CASE00448,NI Act / Cheque Bounce,Criminal Law,IPC-Criminal Breach of Trust,Uttar Pradesh,Ghaziabad,Medium,4,5,6,187,6,6,29.44,No
CASE00449,Environmental Law,Criminal Law,Environment-Pollution,Bihar,Patna,Medium,9,3,5,314,5,4,48.4,Conditional
CASE00450,Civil Suits,Civil Law,Property-Title,Maharashtra,Nagpur,Low,4,6,6,106,5,6,84,Yes
CASE00451,Insurance Claims,Consumer Law,Services-Insurance,Karnataka,Bangalore,Medium,2,7,9,250,9,2,39.52,No
CASE00452,Property Disputes,Property Law,Land-Title,West Bengal,Kolkata,High,9,8,8,131,8,3,34,No
CASE00453,POCSO & Juvenile Justice,Criminal Law,IPC-Acid Attack,Delhi,North Delhi,Medium,10,3,3,106,1,5,63.72,Yes
CASE00454,Medical Negligence,Civil Law,Services-Health,Madhya Pradesh,Jabalpur,Medium,1,10,9,159,7,5,43,Conditional
CASE00455,Anti-Corruption & Vigilance,Criminal Law,IPC-Criminal Breach of Trust,Punjab,Ludhiana,Medium,2,6,3,150,6,5,31,No
CASE00456,Insurance Claims,Consumer Law,Services-Insurance,Kerala,Thiruvananthapuram,High,5,7,9,220,2,3,24.2,No
CASE00457,Cyber Crime & IT Act,Criminal Law,Cyber Crime-Hacking,Rajasthan,Bikaner,Low,4,10,7,70,3,5,51.15,Conditional
CASE00458,Writ Petitions,Constitutional Law,Writ-Mandamus,Assam,Nagaon,Medium,2,9,9,47,7,5,0,No
CASE00459,Writ Petitions,Constitutional Law,Writ-Certiorari,Haryana,Panipat,Low,7,3,5,318,3,3,39,No
CASE00460,Intellectual Property,Civil Law,Copyright,Assam,Nagaon,Medium,2,3,4,222,2,6,57,Conditional
CASE00461,Family Disputes,Family Law,Child Custody-Legal,Assam,Jorhat,Medium,5,6,5,309,8,6,68,Yes
CASE00462,Intellectual Property,Civil Law,Trade Mark,Gujarat,Surat,Low,1,9,4,112,10,5,72,Yes
CASE00463,Property Disputes,Property Law,Lease-Commercial,Delhi,New Delhi,Medium,1,8,6,49,7,4,43.2,Conditional
CASE00464,Human Rights & PIL,Constitutional Law,Fundamental Rights-Article 19,Tamil Nadu,Vellore,Medium,7,1,7,182,9,4,31.93,No
CASE00465,Environmental Law,Criminal Law,Environment-Pollution,Tamil Nadu,Vellore,Medium,3,7,8,118,3,2,24.72,No
CASE00466,POCSO & Juvenile Justice,Criminal Law,IPC-Rape,Assam,Jorhat,Medium,9,3,7,214,1,3,47,Conditional
CASE00467,Banking & Debt Recovery,Corporate Law,Insolvency,Haryana,Gurugram,Low,7,6,7,212,4,5,68,Yes
CASE00468,Cyber Crime & IT Act,Criminal Law,IPC-Cheating,Madhya Pradesh,Indore,Medium,6,5,7,237,9,2,47,Conditional
CASE00469,Tax Law (Direct & Indirect),Administrative Law,Taxation-Property,Tamil Nadu,Madurai,High,8,8,8,383,5,6,27.81,No
CASE00470,Motor Accident Claims,Civil Law,Torts-Motor Accident,Delhi,East Delhi,Medium,4,7,8,339,1,3,46.44,Conditional
CASE00471,Environmental Law,Criminal Law,Environment-Forest,Gujarat,Rajkot,Low,10,7,4,172,9,5,65,Yes
CASE00472,Cyber Crime & IT Act,Criminal Law,IPC-Cheating,Delhi,East Delhi,Low,1,5,3,287,7,3,51.84,Conditional
CASE00473,Human Rights & PIL,Constitutional Law,Fundamental Rights-Article 21,Punjab,Patiala,Low,8,3,4,400,3,2,39,No
CASE00474,Civil Suits,Civil Law,Property-Title,Maharashtra,Amravati,Low,6,6,7,172,6,6,88.2,Yes
CASE00475,Bail Applications,Criminal Law,IPC-Hurt,Rajasthan,Jaipur,Low,2,6,4,124,3,4,47.43,Conditional
CASE00476,Arbitration & Mediation,Corporate Law,Arbitration-International,Haryana,Gurugram,Medium,4,4,6,392,2,6,44,Conditional
CASE00477,Writ Petitions,Constitutional Law,Writ-Mandamus,Assam,Nagaon,Low,10,1,7,90,7,2,53,Conditional
CASE00478,Writ Petitions,Constitutional Law,Writ-Habeas Corpus,Rajasthan,Kota,Low,8,6,5,102,5,5,40.92,Conditional
CASE00479,Human Rights & PIL,Constitutional Law,PIL-Public Interest,Punjab,Chandigarh,Medium,4,4,8,263,10,6,5,No
CASE00480,Intellectual Property,Civil Law,Design,Karnataka,Gulbarga,Medium,5,3,3,229,1,2,69.68,Yes
CASE00481,Banking & Debt Recovery,Corporate Law,Corporate-Fraud,Haryana,Rohtak,Medium,5,5,7,315,10,2,46,Conditional
CASE00482,Banking & Debt Recovery,Corporate Law,Corporate-Fraud,Delhi,South Delhi,Medium,1,2,3,239,9,6,41.04,Conditional
CASE00483,Intellectual Property,Civil Law,Trade Mark,Uttar Pradesh,Agra,Medium,4,5,8,357,6,6,40.48,Conditional
CASE00484,Writ Petitions,Constitutional Law,Writ-Certiorari,West Bengal,Hooghly,Low,4,5,8,315,4,3,15,No
CASE00485,Human Rights & PIL,Constitutional Law,PIL-Public Interest,Bihar,Gaya,Medium,2,3,3,215,7,2,14.08,No
CASE00486,Real Estate & RERA,Property Law,Housing-Society,Bihar,Patna,High,1,10,5,224,9,5,22.88,No
CASE00487,Criminal Appeals,Criminal Law,IPC-Cheating,Punjab,Jalandhar,Medium,8,9,8,120,2,2,35,No
CASE00488,Anti-Corruption & Vigilance,Criminal Law,IPC-Criminal Breach of Trust,Uttar Pradesh,Lucknow,Medium,7,6,3,254,5,6,44.16,Conditional
CASE00489,Consumer Protection,Consumer Law,Products-Vehicles,Kerala,Kollam,Low,10,10,7,390,7,6,93.5,Yes
CASE00490,Constitutional Law,Constitutional Law,Writ-Mandamus,Bihar,Bhagalpur,Medium,7,2,8,387,7,2,10.56,No
CASE00491,Arbitration & Mediation,Corporate Law,Arbitration-International,Assam,Guwahati,Medium,5,3,9,217,10,4,31,No
CASE00492,Arbitration & Mediation,Corporate Law,Arbitration-Appointment,Rajasthan,Bikaner,Low,6,5,3,146,9,6,58.59,Conditional
CASE00493,POCSO & Juvenile Justice,Criminal Law,IPC-Gang Rape,Kerala,Thiruvananthapuram,Low,1,6,8,116,5,4,26.4,No
CASE00494,Writ Petitions,Constitutional Law,Writ-Mandamus,Uttar Pradesh,Agra,Medium,10,1,3,330,3,5,31.28,No
CASE00495,Corporate & Commercial Law,Corporate Law,Director-Conflict,Gujarat,Vadodara,Medium,9,5,4,287,10,2,53,Conditional
CASE00496,NI Act / Cheque Bounce,Criminal Law,IPC-Cheating,Uttar Pradesh,Lucknow,Medium,9,6,8,369,8,5,34.04,No
CASE00497,POCSO & Juvenile Justice,Criminal Law,IPC-Acid Attack,Delhi,New Delhi,High,7,2,7,358,4,2,27,No
CASE00498,Constitutional Law,Constitutional Law,Writ-Mandamus,Delhi,West Delhi,Medium,8,1,9,171,8,4,10.8,No
CASE00499,Cyber Crime & IT Act,Criminal Law,Cyber Crime-Cyber Stalking,Gujarat,Surat,Low,5,3,4,317,6,2,54,Conditional
CASE00500,Cyber Crime & IT Act,Criminal Law,Cyber Crime-Identity Theft,Punjab,Bathinda,Low,7,4,4,117,9,3,60,Yes
CASE00501,Human Rights & PIL,Constitutional Law,PIL-Public Interest,Kerala,Thrissur,Medium,3,3,5,246,4,5,11,No
CASE00502,Criminal Appeals,Criminal Law,IPC-Murder,West Bengal,Asansol,High,7,4,9,232,5,6,14,No
CASE00503,Medical Negligence,Civil Law,Services-Health,Bihar,Patna,Low,2,1,6,283,3,4,60.72,Yes
CASE00504,Criminal Appeals,Criminal Law,IPC-Hurt,Karnataka,Mangalore,Medium,2,6,8,399,1,3,12.48,No
CASE00505,Motor Accident Claims,Civil Law,Torts-Motor Accident,Delhi,North Delhi,High,5,5,3,139,4,2,44.28,Conditional
CASE00506,Property Disputes,Property Law,Lease-Commercial,Bihar,Darbhanga,Medium,6,8,4,282,10,5,52.8,Conditional
CASE00507,Family Disputes,Family Law,Inheritance-Intestate,Karnataka,Davangere,Medium,6,2,6,307,10,2,73.84,Yes
CASE00508,Human Rights & PIL,Constitutional Law,Fundamental Rights-Article 19,Madhya Pradesh,Bhopal,Low,6,3,9,151,3,5,24,No
CASE00509,Anti-Corruption & Vigilance,Criminal Law,IPC-Cheating,Uttar Pradesh,Kanpur,Low,6,3,3,225,2,6,56.12,Conditional
CASE00510,Corporate & Commercial Law,Corporate Law,Arbitration-Challenge,Haryana,Panipat,Medium,7,7,7,311,6,5,51,Conditional
CASE00511,Family Disputes,Family Law,Maintenance-Spousal,Bihar,Patna,High,4,8,3,72,10,6,45.76,Conditional
CASE00512,Environmental Law,Criminal Law,Environment-Forest,Delhi,Central Delhi,Low,9,2,9,113,2,3,60.48,Yes
CASE00513,Cyber Crime & IT Act,Criminal Law,Cyber Crime-Identity Theft,Delhi,New Delhi,Medium,3,1,8,215,6,3,23.76,No
CASE00514,Bail Applications,Criminal Law,IPC-Hurt,Gujarat,Rajkot,Medium,9,2,9,284,10,4,36,No
CASE00515,Tax Law (Direct & Indirect),Administrative Law,Taxation-Professional,Rajasthan,Ajmer,Medium,1,10,3,123,3,3,37.2,No
CASE00516,Tax Law (Direct & Indirect),Administrative Law,Taxation-Service,Gujarat,Rajkot,Medium,1,5,5,335,5,2,34,No
CASE00517,Writ Petitions,Constitutional Law,Writ-Prohibition,Kerala,Alappuzha,Low,6,4,5,266,1,2,42.9,Conditional
CASE00518,NI Act / Cheque Bounce,Criminal Law,IPC-Cheating,Assam,Tinsukia,High,5,10,5,225,10,2,21,No
CASE00519,Family Disputes,Family Law,Inheritance-Intestate,Haryana,Hisar,High,6,3,8,102,9,5,42,Conditional
CASE00520,Real Estate & RERA,Property Law,Lease-Residential,Tamil Nadu,Madurai,Medium,7,3,9,247,2,3,49.44,Conditional
CASE00521,Real Estate & RERA,Property Law,Lease-Commercial,Uttar Pradesh,Varanasi,High,9,6,9,394,4,5,29.44,No
CASE00522,Insurance Claims,Consumer Law,Services-Insurance,Madhya Pradesh,Bhopal,High,10,10,3,133,3,3,50,Conditional
CASE00523,Intellectual Property,Civil Law,Patent,Delhi,North Delhi,Low,7,9,7,230,3,5,87.48,Yes
CASE00524,Human Rights & PIL,Constitutional Law,Fundamental Rights-Article 14,Madhya Pradesh,Sagar,Medium,4,7,8,380,2,5,2,No
CASE00525,Property Disputes,Property Law,Land-Boundary,Karnataka,Davangere,Medium,7,3,4,251,8,2,63.44,Yes
CASE00526,Motor Accident Claims,Civil Law,Torts-Motor Accident,Kerala,Kochi,High,9,3,5,222,3,6,63.8,Yes
CASE00527,Consumer Protection,Consumer Law,Services-Travel,Tamil Nadu,Tirunelveli,Low,2,6,4,307,1,4,64.89,Yes
CASE00528,Tax Law (Direct & Indirect),Administrative Law,Taxation-Professional,Maharashtra,Amravati,Medium,6,4,4,281,9,4,60.9,Yes
CASE00529,Company / Insolvency (NCLT-NCLAT),Corporate Law,Insolvency,Kerala,Kochi,Medium,8,1,4,305,4,5,63.8,Yes
CASE00530,Banking & Debt Recovery,Corporate Law,Contract-Breach,Uttar Pradesh,Varanasi,Medium,2,5,8,136,7,2,16.56,No
CASE00531,Company / Insolvency (NCLT-NCLAT),Corporate Law,Insolvency,Maharashtra,Aurangabad,Low,7,7,3,287,9,2,70.35,Yes
CASE00532,NI Act / Cheque Bounce,Criminal Law,IPC-Cheating,Uttar Pradesh,Noida,High,2,3,8,127,6,3,0,No
CASE00533,Family Disputes,Family Law,Maintenance-Spousal,Assam,Jorhat,Medium,5,5,3,280,7,3,66,Yes
CASE00534,Property Disputes,Property Law,Building-Construction,Maharashtra,Navi Mumbai,Medium,9,3,4,68,1,2,66.15,Yes
CASE00535,Intellectual Property,Civil Law,Patent,Kerala,Kollam,Low,6,7,9,354,6,4,75.9,Yes
CASE00536,Environmental Law,Criminal Law,Environment-Pollution,Karnataka,Davangere,Low,5,6,8,258,8,3,42.64,Conditional
CASE00537,Banking & Debt Recovery,Corporate Law,Corporate-Fraud,Punjab,Chandigarh,High,5,5,6,384,5,4,21,No
CASE00538,Immigration & Passport Matters,Administrative Law,Service-Transfer,Punjab,Chandigarh,Low,2,7,5,375,3,6,60,Yes
CASE00539,Labour & Employment Disputes,Labour Law,Industrial-Retrenchment,Tamil Nadu,Vellore,Medium,7,5,5,194,3,2,64.89,Yes
CASE00540,Environmental Law,Criminal Law,Environment-Forest,Gujarat,Surat,High,1,8,6,63,9,3,3,No
CASE00541,Corporate & Commercial Law,Corporate Law,Shareholder-Issues,Kerala,Kozhikode,Medium,4,1,7,54,6,3,50.6,Conditional
CASE00542,Medical Negligence,Civil Law,Services-Health,Haryana,Panipat,Medium,2,10,9,185,4,2,42,Conditional
CASE00543,Property Disputes,Property Law,Land-Encroachment,Delhi,South Delhi,Medium,7,2,8,267,7,5,51.84,Conditional
CASE00544,Bail Applications,Criminal Law,IPC-Murder,Delhi,Central Delhi,Medium,7,7,9,288,4,3,36.72,No
CASE00545,NI Act / Cheque Bounce,Criminal Law,IPC-Criminal Breach of Trust,Haryana,Faridabad,Medium,2,3,4,53,8,2,32,No
CASE00546,Criminal Appeals,Criminal Law,IPC-Cheating,Haryana,Rohtak,High,3,6,4,247,1,2,18,No
CASE00547,Civil Suits,Civil Law,Contract-Breach,West Bengal,Hooghly,Low,1,10,4,209,7,4,69,Yes
CASE00548,Environmental Law,Criminal Law,Environment-Forest,West Bengal,Asansol,Medium,9,8,6,250,3,5,52,Conditional
CASE00549,Bail Applications,Criminal Law,IPC-Assault,Bihar,Muzaffarpur,Low,9,9,4,366,4,3,62.48,Yes
CASE00550,Writ Petitions,Constitutional Law,Writ-Certiorari,Punjab,Chandigarh,High,6,7,4,370,4,4,0,No
CASE00551,NI Act / Cheque Bounce,Criminal Law,IPC-Cheating,Gujarat,Rajkot,Medium,8,5,7,94,8,5,50,Conditional
CASE00552,Writ Petitions,Constitutional Law,Writ-Prohibition,Gujarat,Rajkot,Medium,2,6,6,126,1,6,7,No
CASE00553,Banking & Debt Recovery,Corporate Law,Corporate-Fraud,Kerala,Kochi,Medium,2,7,3,186,9,6,38.5,No
CASE00554,Human Rights & PIL,Constitutional Law,PIL-Public Interest,Kerala,Kollam,Medium,4,8,8,209,8,6,1.1,No
CASE00555,Insurance Claims,Consumer Law,Torts-Motor Accident,Maharashtra,Nagpur,Medium,6,4,9,239,3,3,55.65,Conditional
CASE00556,Family Disputes,Family Law,Domestic Violence-Physical,Rajasthan,Kota,High,7,6,6,83,8,2,56.73,Conditional
CASE00557,Company / Insolvency (NCLT-NCLAT),Corporate Law,Oppression-Mismanagement,Madhya Pradesh,Indore,Medium,1,9,6,314,4,2,29,No
CASE00558,Environmental Law,Criminal Law,Environment-Forest,Haryana,Ambala,Medium,2,1,3,74,9,2,29,No
CASE00559,Corporate & Commercial Law,Corporate Law,Arbitration-Challenge,Delhi,West Delhi,Medium,9,5,3,56,8,2,59.4,Conditional
CASE00560,Consumer Protection,Consumer Law,Products-Vehicles,Tamil Nadu,Tiruchirappalli,Medium,2,6,6,152,6,6,50.47,Conditional
CASE00561,Family Disputes,Family Law,Divorce-Contested,Tamil Nadu,Tiruchirappalli,Low,4,8,7,81,8,4,80.34,Yes
CASE00562,Civil Suits,Civil Law,Torts-Motor Accident,Gujarat,Bhavnagar,Medium,2,9,4,123,1,4,54,Conditional
CASE00563,Corporate & Commercial Law,Corporate Law,Shareholder-Issues,Rajasthan,Udaipur,Medium,6,2,8,220,6,3,29.76,No
CASE00564,Environmental Law,Criminal Law,Environment-Forest,Haryana,Rohtak,Medium,7,9,4,279,9,6,46,Conditional
CASE00565,Corporate & Commercial Law,Corporate Law,Shareholder-Issues,Rajasthan,Bikaner,Low,4,10,9,399,1,2,36.27,No
CASE00566,Intellectual Property,Civil Law,Design,Assam,Nagaon,Low,2,3,5,88,10,4,68,Yes
CASE00567,Arbitration & Mediation,Corporate Law,Arbitration-Appointment,Madhya Pradesh,Sagar,Medium,9,6,4,171,6,6,57,Conditional
CASE00568,Civil Suits,Civil Law,Property-Title,Bihar,Muzaffarpur,Low,10,7,7,343,8,6,86.24,Yes
CASE00569,Consumer Protection,Consumer Law,Practices-E-commerce,Haryana,Ambala,Low,2,7,4,358,8,6,71,Yes
CASE00570,Motor Accident Claims,Civil Law,Torts-Motor Accident,Rajasthan,Jaipur,Medium,9,6,4,163,6,2,68.82,Yes
CASE00571,Property Disputes,Property Law,Land-Boundary,Karnataka,Davangere,Low,7,4,6,252,3,4,80.08,Yes
CASE00572,Family Disputes,Family Law,Inheritance-Intestate,Bihar,Gaya,Low,1,7,8,354,5,4,49.28,Conditional
CASE00573,Labour & Employment Disputes,Labour Law,Service-Promotion,Maharashtra,Nagpur,Medium,9,6,6,201,8,5,72.45,Yes
CASE00574,Company / Insolvency (NCLT-NCLAT),Corporate Law,Oppression-Mismanagement,Karnataka,Hubli,Medium,9,7,6,119,4,4,56.16,Conditional
CASE00575,Arbitration & Mediation,Corporate Law,Arbitration-International,Madhya Pradesh,Indore,Low,5,10,9,395,7,5,49,Conditional
CASE00576,Labour & Employment Disputes,Labour Law,Wages-Overtime,Tamil Nadu,Coimbatore,Medium,10,9,9,134,5,4,57.68,Conditional
CASE00577,Intellectual Property,Civil Law,Geographical Indication,Tamil Nadu,Tirunelveli,Low,10,9,4,224,8,2,100,Yes
CASE00578,Environmental Law,Criminal Law,Environment-Pollution,Maharashtra,Aurangabad,Medium,6,2,7,272,5,5,47.25,Conditional
CASE00579,Consumer Protection,Consumer Law,Practices-E-commerce,Rajasthan,Kota,Medium,8,10,5,242,2,3,60.45,Yes
CASE00580,Family Disputes,Family Law,Inheritance-Intestate,Haryana,Faridabad,High,7,10,7,240,1,5,52,Conditional
CASE00581,Immigration & Passport Matters,Administrative Law,Licensing,Maharashtra,Aurangabad,Medium,5,9,4,337,2,6,55.65,Conditional
CASE00582,Medical Negligence,Civil Law,Services-Health,Madhya Pradesh,Ujjain,Medium,3,2,8,337,1,4,42,Conditional
CASE00583,Writ Petitions,Constitutional Law,Writ-Habeas Corpus,Punjab,Bathinda,High,2,3,4,338,7,4,0,No
CASE00584,Anti-Corruption & Vigilance,Criminal Law,IPC-Criminal Breach of Trust,Karnataka,Mangalore,Medium,10,3,4,175,5,3,53.04,Conditional
CASE00585,Property Disputes,Property Law,Land-Title,Assam,Nagaon,Low,9,7,7,163,9,2,86,Yes
CASE00586,Anti-Corruption & Vigilance,Criminal Law,IPC-Criminal Breach of Trust,Gujarat,Ahmedabad,Low,8,10,4,105,6,5,62,Yes
CASE00587,Insurance Claims,Consumer Law,Torts-Motor Accident,Karnataka,Mangalore,Medium,1,9,4,310,4,2,54.08,Conditional
CASE00588,Immigration & Passport Matters,Administrative Law,Licensing,Haryana,Panipat,Medium,3,10,7,108,2,6,43,Conditional
CASE00589,Bail Applications,Criminal Law,IPC-Murder,Tamil Nadu,Tirunelveli,Medium,10,6,9,219,7,5,45.32,Conditional
CASE00590,Writ Petitions,Constitutional Law,Writ-Certiorari,Tamil Nadu,Coimbatore,Low,8,1,7,360,3,4,48.41,Conditional
CASE00591,Criminal Appeals,Criminal Law,IPC-Hurt,Maharashtra,Amravati,Medium,9,9,6,137,8,5,49.35,Conditional
CASE00592,Immigration & Passport Matters,Administrative Law,Service-Transfer,Gujarat,Ahmedabad,Medium,1,6,8,328,6,5,23,No
CASE00593,Environmental Law,Criminal Law,Environment-Forest,Uttar Pradesh,Meerut,Medium,8,3,5,285,9,2,47.84,Conditional
CASE00594,Family Disputes,Family Law,Divorce-Mutual Consent,Karnataka,Hubli,Medium,8,6,5,183,4,4,87.36,Yes
CASE00595,Consumer Protection,Consumer Law,Products-Vehicles,Delhi,East Delhi,High,2,5,7,363,6,6,36.72,No
CASE00596,Criminal Appeals,Criminal Law,IPC-Murder,Haryana,Gurugram,Medium,1,5,6,32,7,5,33,No
CASE00597,Criminal Appeals,Criminal Law,IPC-Hurt,Tamil Nadu,Chennai,Low,1,9,9,210,9,4,30.9,No
CASE00598,Constitutional Law,Constitutional Law,Writ-Mandamus,Delhi,Central Delhi,Medium,2,1,7,368,1,6,9.72,No
CASE00599,Writ Petitions,Constitutional Law,Writ-Habeas Corpus,Tamil Nadu,Coimbatore,Medium,5,3,8,206,4,5,0,No
CASE00600,Criminal Appeals,Criminal Law,IPC-Cheating,Uttar Pradesh,Kanpur,Medium,4,10,3,286,7,2,36.8,No
CASE00601,Property Disputes,Property Law,Housing-Society,Karnataka,Bangalore,Medium,1,5,8,255,4,4,32.24,No
CASE00602,POCSO & Juvenile Justice,Criminal Law,IPC-Gang Rape,Bihar,Darbhanga,Medium,10,6,8,330,8,6,37.84,No
CASE00603,Company / Insolvency (NCLT-NCLAT),Corporate Law,Arbitration-Enforcement,Madhya Pradesh,Sagar,Medium,4,6,8,274,2,5,25,No
CASE00604,Company / Insolvency (NCLT-NCLAT),Corporate Law,Arbitration-Enforcement,Rajasthan,Udaipur,Medium,8,8,3,290,6,5,46.5,Conditional
CASE00605,Immigration & Passport Matters,Administrative Law,Licensing,Uttar Pradesh,Varanasi,Medium,10,10,3,244,6,4,63.48,Yes
CASE00606,Motor Accident Claims,Civil Law,Torts-Motor Accident,Uttar Pradesh,Kanpur,Medium,5,2,8,173,8,2,47.84,Conditional
CASE00607,NI Act / Cheque Bounce,Criminal Law,IPC-Cheating,Karnataka,Hubli,Medium,9,5,5,204,5,2,59.28,Conditional
CASE00608,Human Rights & PIL,Constitutional Law,PIL-Public Interest,Kerala,Alappuzha,Medium,5,7,7,205,9,3,22,No
CASE00609,Company / Insolvency (NCLT-NCLAT),Corporate Law,Oppression-Mismanagement,Punjab,Bathinda,Medium,3,4,5,253,5,4,36,No
CASE00610,NI Act / Cheque Bounce,Criminal Law,IPC-Criminal Breach of Trust,Gujarat,Rajkot,Medium,5,7,8,100,4,5,30,No
CASE00611,Insurance Claims,Consumer Law,Services-Insurance,Haryana,Faridabad,Medium,10,2,6,207,8,3,79,Yes
CASE00612,Corporate & Commercial Law,Corporate Law,Shareholder-Issues,Uttar Pradesh,Ghaziabad,Low,2,7,9,182,4,5,30.36,No
CASE00613,Anti-Corruption & Vigilance,Criminal Law,IPC-Cheating,Punjab,Amritsar,Low,10,9,5,45,8,3,75,Yes
CASE00614,Civil Suits,Civil Law,Contract-Breach,Assam,Silchar,Low,3,7,5,341,10,5,72,Yes
CASE00615,Cyber Crime & IT Act,Criminal Law,Cyber Crime-Cyber Stalking,West Bengal,Hooghly,Medium,4,2,7,192,2,2,39,No
CASE00616,Intellectual Property,Civil Law,Trade Mark,Gujarat,Bhavnagar,Low,5,10,7,30,9,5,82,Yes
CASE00617,Motor Accident Claims,Civil Law,Torts-Motor Accident,West Bengal,Durgapur,Low,1,9,4,171,5,6,67,Yes
CASE00618,Banking & Debt Recovery,Corporate Law,Insolvency,Assam,Tinsukia,Medium,1,3,8,396,5,4,20,No
CASE00619,POCSO & Juvenile Justice,Criminal Law,IPC-Acid Attack,Delhi,West Delhi,Low,3,10,9,271,6,4,36.72,No
CASE00620,Real Estate & RERA,Property Law,Building-Construction,Madhya Pradesh,Ujjain,Medium,7,3,9,81,2,2,49,Conditional
CASE00621,Immigration & Passport Matters,Administrative Law,Licensing,Delhi,West Delhi,Medium,8,4,9,122,5,2,46.44,Conditional
CASE00622,Environmental Law,Criminal Law,Environment-Pollution,Punjab,Chandigarh,Medium,5,1,6,367,2,5,45,Conditional
CASE00623,Motor Accident Claims,Civil Law,Torts-Motor Accident,Bihar,Bhagalpur,Medium,9,4,6,340,6,3,68.64,Yes
CASE00624,Environmental Law,Criminal Law,Environment-Pollution,Bihar,Patna,Low,3,9,6,283,3,4,43.12,Conditional
CASE00625,Property Disputes,Property Law,Building-Construction,Bihar,Patna,Medium,9,3,4,80,10,3,54.56,Conditional
CASE00626,Property Disputes,Property Law,Lease-Commercial,Madhya Pradesh,Ujjain,High,4,6,3,229,6,3,32,No
CASE00627,Motor Accident Claims,Civil Law,Torts-Motor Accident,Assam,Silchar,Medium,8,10,7,92,3,4,75,Yes
CASE00628,Medical Negligence,Civil Law,Services-Health,Bihar,Muzaffarpur,High,1,9,6,185,5,3,33.44,No
CASE00629,Insurance Claims,Consumer Law,Services-Insurance,Tamil Nadu,Tiruchirappalli,Medium,5,8,5,42,5,3,62.83,Yes
CASE00630,Intellectual Property,Civil Law,Trade Mark,Gujarat,Ahmedabad,Medium,7,5,6,41,10,4,66,Yes
CASE00631,NI Act / Cheque Bounce,Criminal Law,IPC-Cheating,Assam,Guwahati,Medium,7,5,4,346,8,6,50,Conditional
CASE00632,Insurance Claims,Consumer Law,Services-Insurance,Gujarat,Bhavnagar,Medium,5,6,8,268,5,5,48,Conditional
CASE00633,Banking & Debt Recovery,Corporate Law,Insolvency,Punjab,Chandigarh,Medium,7,7,7,224,1,4,49,Conditional
CASE00634,Bail Applications,Criminal Law,IPC-Hurt,West Bengal,Hooghly,Low,4,3,4,273,5,5,56,Conditional
CASE00635,Constitutional Law,Constitutional Law,Fundamental Rights-Article 15,Tamil Nadu,Erode,Medium,7,10,6,80,6,5,23.69,No
CASE00636,Immigration & Passport Matters,Administrative Law,Service-Transfer,Karnataka,Davangere,Low,5,8,5,99,10,6,62.4,Yes
CASE00637,Anti-Corruption & Vigilance,Criminal Law,IPC-Criminal Breach of Trust,Punjab,Patiala,Medium,6,1,5,334,7,4,43,Conditional
CASE00638,Writ Petitions,Constitutional Law,Writ-Mandamus,Haryana,Hisar,Low,3,10,8,110,1,4,15,No
CASE00639,Anti-Corruption & Vigilance,Criminal Law,IPC-Cheating,Tamil Nadu,Madurai,Low,2,10,4,195,8,2,45.32,Conditional
CASE00640,Tax Law (Direct & Indirect),Administrative Law,Taxation-Professional,Gujarat,Bhavnagar,Low,7,3,3,197,10,2,76,Yes
CASE00641,Medical Negligence,Civil Law,Torts-Medical Negligence,Delhi,West Delhi,Low,3,10,5,328,4,4,82.08,Yes
CASE00642,Arbitration & Mediation,Corporate Law,Arbitration-International,Maharashtra,Amravati,Medium,5,8,3,269,5,5,46.2,Conditional
CASE00643,Bail Applications,Criminal Law,IPC-Hurt,Karnataka,Gulbarga,Medium,9,2,7,254,1,4,49.92,Conditional
CASE00644,POCSO & Juvenile Justice,Criminal Law,IPC-Acid Attack,Rajasthan,Udaipur,Medium,3,9,3,366,9,4,35.34,No
CASE00645,Constitutional Law,Constitutional Law,Writ-Habeas Corpus,Haryana,Ambala,Medium,6,3,3,170,9,6,19,No
CASE00646,Motor Accident Claims,Civil Law,Torts-Motor Accident,Karnataka,Gulbarga,Low,10,8,5,64,10,3,93.6,Yes
CASE00647,Arbitration & Mediation,Corporate Law,Arbitration-Challenge,Assam,Jorhat,High,6,2,7,68,7,6,31,No
CASE00648,Family Disputes,Family Law,Child Custody-Legal,Rajasthan,Jodhpur,Medium,3,4,6,52,1,2,63.24,Yes
CASE00649,Civil Suits,Civil Law,Contract-Breach,Madhya Pradesh,Ujjain,Medium,8,5,6,267,7,6,79,Yes
CASE00650,Immigration & Passport Matters,Administrative Law,Licensing,Punjab,Patiala,Low,6,4,4,222,2,3,72,Yes
CASE00651,Bail Applications,Criminal Law,IPC-Assault,West Bengal,Siliguri,Medium,3,6,8,295,8,5,19,No
CASE00652,Medical Negligence,Civil Law,Torts-Medical Negligence,Delhi,North Delhi,Medium,6,10,8,152,10,4,55.08,Conditional
CASE00653,Criminal Appeals,Criminal Law,IPC-Cheating,Gujarat,Surat,High,10,10,9,396,10,3,19,No
CASE00654,Property Disputes,Property Law,Mortgage-Dispute,Uttar Pradesh,Varanasi,Medium,10,8,3,215,9,6,66.24,Yes
CASE00655,Family Disputes,Family Law,Inheritance-Intestate,West Bengal,Siliguri,High,9,10,6,165,2,4,67,Yes
CASE00656,Medical Negligence,Civil Law,Services-Health,Maharashtra,Amravati,Medium,10,6,8,341,6,2,73.5,Yes
CASE00657,Cyber Crime & IT Act,Criminal Law,Cyber Crime-Phishing,West Bengal,Durgapur,Medium,7,7,8,215,8,6,30,No
CASE00658,Environmental Law,Criminal Law,Environment-Pollution,Rajasthan,Jodhpur,High,9,7,3,151,5,6,26.97,No
CASE00659,Real Estate & RERA,Property Law,Building-Construction,Bihar,Munger,High,8,3,6,272,5,2,41.36,Conditional
CASE00660,Medical Negligence,Civil Law,Torts-Medical Negligence,Maharashtra,Amravati,Low,10,7,4,158,4,5,98.7,Yes
CASE00661,Environmental Law,Criminal Law,Environment-Forest,Kerala,Kochi,High,6,9,3,274,6,3,27.5,No
CASE00662,Bail Applications,Criminal Law,IPC-Assault,Punjab,Bathinda,Low,5,6,5,111,9,4,60,Yes
CASE00663,Property Disputes,Property Law,Land-Boundary,Assam,Silchar,Medium,1,1,9,33,8,6,24,No
CASE00664,Writ Petitions,Constitutional Law,Writ-Mandamus,Haryana,Hisar,High,2,9,6,198,5,5,0,No
CASE00665,Consumer Protection,Consumer Law,Practices-Misleading Ads,Uttar Pradesh,Noida,Medium,5,9,5,196,10,4,55.2,Conditional
CASE00666,Cyber Crime & IT Act,Criminal Law,Cyber Crime-Identity Theft,Uttar Pradesh,Allahabad,Low,9,2,8,239,7,5,47.84,Conditional
CASE00667,Real Estate & RERA,Property Law,Building-Construction,Punjab,Chandigarh,Low,3,2,5,171,2,6,64,Yes
CASE00668,Criminal Appeals,Criminal Law,IPC-Hurt,Karnataka,Belgaum,Medium,6,5,4,216,5,4,46.8,Conditional
CASE00669,Insurance Claims,Consumer Law,Services-Insurance,Uttar Pradesh,Ghaziabad,Medium,5,8,7,378,9,6,51.52,Conditional
CASE00670,Motor Accident Claims,Civil Law,Torts-Motor Accident,West Bengal,Kolkata,Low,7,7,4,310,7,4,91,Yes
CASE00671,Family Disputes,Family Law,Inheritance-Intestate,Punjab,Chandigarh,High,6,6,7,383,9,5,52,Conditional
CASE00672,Human Rights & PIL,Constitutional Law,Fundamental Rights-Article 14,Assam,Nagaon,Medium,10,3,4,214,2,6,39,No
CASE00673,Real Estate & RERA,Property Law,Housing-Society,Haryana,Faridabad,Low,1,8,3,130,10,6,62,Yes
CASE00674,Family Disputes,Family Law,Domestic Violence-Physical,Gujarat,Bhavnagar,Medium,8,1,5,386,7,3,80,Yes
CASE00675,Insurance Claims,Consumer Law,Torts-Motor Accident,Delhi,East Delhi,High,1,4,7,313,2,5,32.4,No
CASE00676,Writ Petitions,Constitutional Law,Writ-Prohibition,West Bengal,Hooghly,Medium,5,1,6,340,4,2,17,No
CASE00677,Anti-Corruption & Vigilance,Criminal Law,IPC-Criminal Breach of Trust,Rajasthan,Ajmer,Low,5,6,6,267,5,2,46.5,Conditional
CASE00678,Civil Suits,Civil Law,Property-Title,Kerala,Thrissur,Medium,9,8,6,143,7,2,86.9,Yes
CASE00679,Insurance Claims,Consumer Law,Services-Insurance,Haryana,Faridabad,Low,10,3,7,236,9,6,92,Yes
CASE00680,Tax Law (Direct & Indirect),Administrative Law,Taxation-Professional,Rajasthan,Jaipur,Medium,9,2,8,207,7,5,47.43,Conditional
CASE00681,Family Disputes,Family Law,Inheritance-Intestate,Haryana,Ambala,Medium,3,8,9,80,7,3,44,Conditional
CASE00682,Company / Insolvency (NCLT-NCLAT),Corporate Law,Oppression-Mismanagement,Uttar Pradesh,Agra,Low,1,4,6,97,8,6,46.92,Conditional
CASE00683,Environmental Law,Criminal Law,Environment-Pollution,Kerala,Thrissur,Medium,9,2,5,110,5,3,51.7,Conditional
CASE00684,Human Rights & PIL,Constitutional Law,Fundamental Rights-Article 21,Gujarat,Surat,Low,7,9,3,360,6,5,44,Conditional
CASE00685,Medical Negligence,Civil Law,Torts-Medical Negligence,Madhya Pradesh,Indore,Low,2,6,8,302,6,5,57,Conditional
CASE00686,Anti-Corruption & Vigilance,Criminal Law,IPC-Cheating,Karnataka,Hubli,Low,1,1,3,61,1,4,39.52,No
CASE00687,Company / Insolvency (NCLT-NCLAT),Corporate Law,Arbitration-Enforcement,West Bengal,Asansol,Medium,7,1,9,310,5,4,40,Conditional
CASE00688,NI Act / Cheque Bounce,Criminal Law,IPC-Criminal Breach of Trust,Kerala,Thrissur,High,3,4,8,115,10,6,0,No
CASE00689,Property Disputes,Property Law,Land-Boundary,Punjab,Jalandhar,High,9,3,4,284,6,6,47,Conditional
CASE00690,Property Disputes,Property Law,Building-Construction,Uttar Pradesh,Lucknow,Medium,7,6,8,256,4,4,41.4,Conditional
CASE00691,Bail Applications,Criminal Law,IPC-Assault,Bihar,Patna,Low,9,5,5,342,2,4,58.08,Conditional
CASE00692,Human Rights & PIL,Constitutional Law,PIL-Public Interest,Karnataka,Mysore,Medium,5,3,6,178,5,5,22.88,No
CASE00693,Anti-Corruption & Vigilance,Criminal Law,IPC-Cheating,Haryana,Panipat,Medium,8,10,8,389,6,4,36,No
CASE00694,Criminal Appeals,Criminal Law,IPC-Cheating,Delhi,West Delhi,High,10,10,6,242,1,6,33.48,No
CASE00695,Real Estate & RERA,Property Law,Building-Construction,Assam,Silchar,Low,10,4,6,243,5,5,89,Yes
CASE00696,Intellectual Property,Civil Law,Geographical Indication,Punjab,Chandigarh,High,2,5,7,212,8,5,33,No
CASE00697,Human Rights & PIL,Constitutional Law,Fundamental Rights-Article 15,Tamil Nadu,Vellore,Medium,6,3,4,163,6,6,23.69,No
CASE00698,Bail Applications,Criminal Law,IPC-Murder,Rajasthan,Bikaner,Low,6,8,8,375,8,5,37.2,No
CASE00699,Banking & Debt Recovery,Corporate Law,Corporate-Fraud,West Bengal,Kolkata,Medium,8,6,8,229,5,2,44,Conditional
CASE00700,Writ Petitions,Constitutional Law,Writ-Mandamus,Maharashtra,Navi Mumbai,Low,7,2,6,264,7,5,42,Conditional
CASE00701,Labour & Employment Disputes,Labour Law,Industrial-Retrenchment,Delhi,North Delhi,High,6,1,8,256,5,4,29.16,No
CASE00702,Medical Negligence,Civil Law,Torts-Medical Negligence,West Bengal,Howrah,Low,3,4,7,194,2,5,72,Yes
CASE00703,POCSO & Juvenile Justice,Criminal Law,IPC-Acid Attack,Maharashtra,Navi Mumbai,Low,6,9,6,304,7,4,58.8,Conditional
CASE00704,Environmental Law,Criminal Law,Environment-Pollution,Tamil Nadu,Salem,Low,9,5,5,323,5,2,73.13,Yes
CASE00705,Consumer Protection,Consumer Law,Services-Travel,Tamil Nadu,Vellore,Low,5,10,6,262,4,4,74.16,Yes
CASE00706,Labour & Employment Disputes,Labour Law,Compensation-Accident,Uttar Pradesh,Agra,Low,4,10,3,92,10,3,64.4,Yes
CASE00707,Corporate & Commercial Law,Corporate Law,Arbitration-Enforcement,Punjab,Chandigarh,Medium,9,8,8,81,9,5,37,No
CASE00708,Real Estate & RERA,Property Law,Lease-Residential,Assam,Silchar,Low,6,10,6,390,9,2,76,Yes
CASE00709,Motor Accident Claims,Civil Law,Torts-Motor Accident,West Bengal,Kolkata,Medium,5,4,6,216,7,4,68,Yes
CASE00710,Insurance Claims,Consumer Law,Services-Insurance,Punjab,Amritsar,Medium,2,9,7,113,7,3,56,Conditional
CASE00711,Constitutional Law,Constitutional Law,Fundamental Rights-Article 15,Karnataka,Davangere,Low,6,1,9,322,10,2,23.92,No
CASE00712,Bail Applications,Criminal Law,IPC-Hurt,Bihar,Darbhanga,High,6,8,8,277,4,6,11.44,No
CASE00713,Banking & Debt Recovery,Corporate Law,Corporate-Fraud,Rajasthan,Jaipur,Low,4,10,6,368,4,6,56.73,Conditional
CASE00714,Constitutional Law,Constitutional Law,Writ-Habeas Corpus,Uttar Pradesh,Ghaziabad,Medium,3,9,5,150,4,2,11.96,No
CASE00715,Labour & Employment Disputes,Labour Law,Wages-Minimum,West Bengal,Kolkata,Medium,3,2,4,92,10,5,49,Conditional
CASE00716,Civil Suits,Civil Law,Torts-Motor Accident,Assam,Jorhat,Low,6,6,6,301,7,4,80,Yes
CASE00717,Constitutional Law,Constitutional Law,Writ-Habeas Corpus,Uttar Pradesh,Ghaziabad,Medium,3,3,3,300,1,4,14.72,No
CASE00718,Bail Applications,Criminal Law,IPC-Assault,Tamil Nadu,Tirunelveli,Medium,8,3,5,173,10,2,45.32,Conditional
CASE00719,Bail Applications,Criminal Law,IPC-Murder,Delhi,East Delhi,Medium,7,8,8,245,6,4,28.08,No
CASE00720,Corporate & Commercial Law,Corporate Law,Contract-Breach,Kerala,Alappuzha,Low,5,5,7,84,10,6,63.8,Yes
CASE00721,Anti-Corruption & Vigilance,Criminal Law,IPC-Criminal Breach of Trust,Uttar Pradesh,Meerut,Medium,1,9,8,90,5,2,11.96,No
CASE00722,Constitutional Law,Constitutional Law,Fundamental Rights-Article 14,Haryana,Hisar,High,7,9,9,106,2,5,0,No
CASE00723,Family Disputes,Family Law,Divorce-Mutual Consent,Bihar,Bhagalpur,Medium,8,2,4,42,4,2,72.16,Yes
CASE00724,Cyber Crime & IT Act,Criminal Law,Cyber Crime-Identity Theft,Uttar Pradesh,Meerut,Medium,8,4,7,126,5,2,43.24,Conditional
CASE00725,NI Act / Cheque Bounce,Criminal Law,IPC-Cheating,Gujarat,Surat,Medium,5,4,9,127,7,3,29,No
CASE00726,POCSO & Juvenile Justice,Criminal Law,IPC-Rape,Madhya Pradesh,Bhopal,Low,8,9,9,172,7,3,49,Conditional
CASE00727,Bail Applications,Criminal Law,IPC-Assault,Karnataka,Belgaum,High,2,4,5,197,3,2,6.24,No
CASE00728,Environmental Law,Criminal Law,Environment-Pollution,Gujarat,Jamnagar,Medium,4,7,8,252,6,2,20,No
CASE00729,Tax Law (Direct & Indirect),Administrative Law,Taxation-Service,West Bengal,Siliguri,Low,5,4,4,326,4,3,61,Yes
CASE00730,Constitutional Law,Constitutional Law,Fundamental Rights-Article 15,Uttar Pradesh,Kanpur,Medium,10,6,3,383,3,6,34.04,No
CASE00731,Motor Accident Claims,Civil Law,Torts-Motor Accident,Karnataka,Bangalore,Medium,10,6,9,94,10,2,65.52,Yes
CASE00732,Cyber Crime & IT Act,Criminal Law,Cyber Crime-Phishing,Punjab,Patiala,Low,8,7,3,345,3,2,69,Yes
CASE00733,Labour & Employment Disputes,Labour Law,Termination-Retirement,Delhi,South Delhi,Low,8,8,4,270,4,3,88.56,Yes
CASE00734,Corporate & Commercial Law,Corporate Law,Arbitration-Challenge,West Bengal,Howrah,High,3,6,6,390,3,5,19,No
CASE00735,Corporate & Commercial Law,Corporate Law,Oppression-Mismanagement,Rajasthan,Jodhpur,Medium,10,7,6,271,7,5,51.15,Conditional
CASE00736,Bail Applications,Criminal Law,IPC-Murder,Karnataka,Belgaum,Low,2,10,3,237,10,3,42.64,Conditional
CASE00737,Consumer Protection,Consumer Law,Practices-E-commerce,Madhya Pradesh,Sagar,Low,7,5,9,283,6,6,64,Yes
CASE00738,Property Disputes,Property Law,Building-Construction,Bihar,Munger,Low,2,10,4,101,7,3,52.8,Conditional
CASE00739,Writ Petitions,Constitutional Law,Writ-Prohibition,Bihar,Gaya,High,9,3,5,103,5,5,6.16,No
CASE00740,Constitutional Law,Constitutional Law,Fundamental Rights-Article 15,Maharashtra,Mumbai,Medium,3,2,4,248,7,6,11.55,No
CASE00741,Family Disputes,Family Law,Domestic Violence-Physical,Bihar,Munger,Medium,2,5,4,332,10,5,49.28,Conditional
CASE00742,Labour & Employment Disputes,Labour Law,Industrial-Layoff,Maharashtra,Solapur,Medium,6,7,3,109,5,4,56.7,Conditional
CASE00743,Banking & Debt Recovery,Corporate Law,Insolvency,Madhya Pradesh,Gwalior,High,4,4,7,213,1,4,24,No
CASE00744,Environmental Law,Criminal Law,Environment-Forest,Madhya Pradesh,Jabalpur,Low,5,9,9,288,6,3,35,No
CASE00745,Criminal Appeals,Criminal Law,IPC-Cheating,Gujarat,Surat,Medium,6,2,4,191,3,2,46,Conditional
CASE00746,Bail Applications,Criminal Law,IPC-Assault,Bihar,Gaya,High,6,2,5,66,5,3,21.12,No
CASE00747,Real Estate & RERA,Property Law,Building-Construction,Rajasthan,Udaipur,Medium,6,7,4,182,5,4,56.73,Conditional
CASE00748,POCSO & Juvenile Justice,Criminal Law,IPC-Rape,West Bengal,Durgapur,Low,5,6,4,340,3,4,50,Conditional
CASE00749,Real Estate & RERA,Property Law,Lease-Residential,Uttar Pradesh,Varanasi,Medium,8,4,5,199,6,3,57.04,Conditional
CASE00750,Arbitration & Mediation,Corporate Law,Arbitration-International,Karnataka,Bangalore,Medium,4,10,4,106,3,3,38.48,No
CASE00751,Arbitration & Mediation,Corporate Law,Arbitration-Appointment,Haryana,Panipat,Medium,2,1,7,384,2,3,34,No
CASE00752,Corporate & Commercial Law,Corporate Law,Director-Conflict,Tamil Nadu,Vellore,Low,4,7,4,32,9,3,58.71,Conditional
CASE00753,Intellectual Property,Civil Law,Design,Tamil Nadu,Tirunelveli,High,4,1,9,101,1,6,24.72,No
CASE00754,Intellectual Property,Civil Law,Copyright,Delhi,New Delhi,Medium,8,1,3,372,8,3,85.32,Yes
CASE00755,Human Rights & PIL,Constitutional Law,Fundamental Rights-Article 19,Delhi,New Delhi,Low,3,9,9,112,6,2,19.44,No
CASE00756,Cyber Crime & IT Act,Criminal Law,Cyber Crime-Phishing,Assam,Guwahati,Low,7,7,6,223,6,5,58,Conditional
CASE00757,Environmental Law,Criminal Law,Environment-Forest,Tamil Nadu,Vellore,Medium,9,9,7,90,5,3,50.47,Conditional
CASE00758,Company / Insolvency (NCLT-NCLAT),Corporate Law,Arbitration-Enforcement,Assam,Jorhat,High,2,10,3,41,5,3,11,No
CASE00759,Anti-Corruption & Vigilance,Criminal Law,IPC-Cheating,Karnataka,Hubli,Medium,6,7,8,186,8,5,30.16,No
CASE00760,Environmental Law,Criminal Law,Environment-Forest,Uttar Pradesh,Varanasi,Medium,10,10,9,250,5,3,39.56,No
CASE00761,Anti-Corruption & Vigilance,Criminal Law,IPC-Criminal Breach of Trust,Tamil Nadu,Tiruchirappalli,High,10,8,8,252,1,2,16.48,No
CASE00762,POCSO & Juvenile Justice,Criminal Law,IPC-Rape,Maharashtra,Solapur,High,4,6,5,278,9,5,19.95,No
CASE00763,Family Disputes,Family Law,Child Custody-Physical,Madhya Pradesh,Jabalpur,Medium,1,3,9,76,1,3,38,No
CASE00764,Family Disputes,Family Law,Child Custody-Physical,Kerala,Kochi,Low,5,10,6,129,7,6,93.5,Yes
CASE00765,Family Disputes,Family Law,Child Custody-Legal,Haryana,Panipat,Medium,1,9,8,195,2,4,44,Conditional
CASE00766,Company / Insolvency (NCLT-NCLAT),Corporate Law,Insolvency,West Bengal,Kolkata,High,8,1,8,143,4,4,20,No
CASE00767,Immigration & Passport Matters,Administrative Law,Service-Transfer,Gujarat,Ahmedabad,Medium,6,1,9,278,8,3,40,Conditional
CASE00768,Anti-Corruption & Vigilance,Criminal Law,IPC-Criminal Breach of Trust,Kerala,Kochi,Medium,1,7,9,33,6,6,9.9,No
CASE00769,Labour & Employment Disputes,Labour Law,Industrial-Layoff,Uttar Pradesh,Lucknow,Medium,8,2,5,201,5,4,60.72,Yes
CASE00770,NI Act / Cheque Bounce,Criminal Law,IPC-Cheating,Bihar,Darbhanga,Medium,2,10,8,355,3,5,14.08,No
CASE00771,Writ Petitions,Constitutional Law,Writ-Certiorari,Uttar Pradesh,Allahabad,Low,5,8,7,369,2,3,35.88,No
CASE00772,Human Rights & PIL,Constitutional Law,Fundamental Rights-Article 15,Maharashtra,Aurangabad,Low,1,8,5,351,7,4,29.4,No
CASE00773,Consumer Protection,Consumer Law,Products-Electronic,Tamil Nadu,Coimbatore,Low,10,1,5,230,3,5,93.73,Yes
CASE00774,Constitutional Law,Constitutional Law,Fundamental Rights-Article 14,Kerala,Kozhikode,Low,5,4,5,244,2,4,42.9,Conditional
CASE00775,Constitutional Law,Constitutional Law,Fundamental Rights-Article 15,Delhi,North Delhi,Medium,6,2,4,373,9,2,28.08,No
CASE00776,Company / Insolvency (NCLT-NCLAT),Corporate Law,Insolvency,Bihar,Darbhanga,Low,9,5,7,333,2,6,65.12,Yes
CASE00777,Labour & Employment Disputes,Labour Law,Compensation-Accident,Karnataka,Bangalore,Medium,4,9,3,304,8,3,58.24,Conditional
CASE00778,Cyber Crime & IT Act,Criminal Law,Cyber Crime-Phishing,Haryana,Gurugram,Low,3,1,7,115,2,6,46,Conditional
CASE00779,Family Disputes,Family Law,Child Custody-Physical,Haryana,Faridabad,Medium,6,8,5,133,9,2,70,Yes
CASE00780,Medical Negligence,Civil Law,Torts-Medical Negligence,West Bengal,Kolkata,Low,9,8,7,157,10,2,97,Yes
CASE00781,Motor Accident Claims,Civil Law,Torts-Motor Accident,Punjab,Amritsar,Medium,5,6,5,55,7,6,65,Yes
CASE00782,Arbitration & Mediation,Corporate Law,Arbitration-Enforcement,Uttar Pradesh,Kanpur,Medium,10,6,7,307,10,5,53.36,Conditional
CASE00783,Environmental Law,Criminal Law,Environment-Pollution,Uttar Pradesh,Agra,Low,7,2,6,323,6,6,58.88,Conditional
CASE00784,Criminal Appeals,Criminal Law,IPC-Murder,Gujarat,Surat,Medium,2,2,4,75,5,2,34,No
CASE00785,Tax Law (Direct & Indirect),Administrative Law,Taxation-Service,Gujarat,Surat,Medium,4,3,9,151,9,4,27,No
CASE00786,POCSO & Juvenile Justice,Criminal Law,IPC-Gang Rape,Haryana,Panipat,Medium,9,8,7,104,3,6,57,Conditional
CASE00787,Motor Accident Claims,Civil Law,Torts-Motor Accident,Uttar Pradesh,Lucknow,High,5,4,9,76,7,6,28.52,No
CASE00788,Motor Accident Claims,Civil Law,Torts-Motor Accident,Gujarat,Vadodara,High,7,10,6,214,2,4,50,Conditional
CASE00789,Corporate & Commercial Law,Corporate Law,Oppression-Mismanagement,Rajasthan,Jodhpur,Low,1,5,6,139,1,3,41.85,Conditional
CASE00790,Immigration & Passport Matters,Administrative Law,Service-Transfer,Assam,Silchar,High,2,1,3,225,9,4,18,No
CASE00791,Consumer Protection,Consumer Law,Products-Vehicles,Bihar,Darbhanga,Medium,4,10,7,115,5,4,50.16,Conditional
CASE00792,Medical Negligence,Civil Law,Torts-Medical Negligence,Karnataka,Davangere,Medium,8,7,3,380,7,5,79.04,Yes
CASE00793,Environmental Law,Criminal Law,Environment-Forest,Delhi,New Delhi,Low,4,9,8,222,5,3,45.36,Conditional
CASE00794,Labour & Employment Disputes,Labour Law,Wages-Minimum,Karnataka,Bangalore,Medium,10,10,9,123,8,6,59.28,Conditional
CASE00795,Labour & Employment Disputes,Labour Law,Compensation-Accident,Punjab,Chandigarh,High,4,7,3,158,10,4,33,No
CASE00796,Company / Insolvency (NCLT-NCLAT),Corporate Law,Insolvency,Gujarat,Surat,Medium,7,4,6,140,7,5,49,Conditional
CASE00797,Constitutional Law,Constitutional Law,Writ-Mandamus,Tamil Nadu,Tirunelveli,Medium,8,10,7,203,10,4,32.96,No
CASE00798,NI Act / Cheque Bounce,Criminal Law,IPC-Criminal Breach of Trust,Madhya Pradesh,Gwalior,Low,9,7,3,336,9,2,71,Yes
CASE00799,Civil Suits,Civil Law,Property-Title,Haryana,Panipat,Medium,7,9,8,175,10,5,61,Yes
CASE00800,Bail Applications,Criminal Law,IPC-Assault,Rajasthan,Ajmer,Medium,8,5,3,58,8,4,47.43,Conditional
CASE00801,Intellectual Property,Civil Law,Patent,Gujarat,Vadodara,Low,3,7,7,253,4,2,70,Yes
CASE00802,NI Act / Cheque Bounce,Criminal Law,IPC-Criminal Breach of Trust,Bihar,Bhagalpur,Low,2,5,5,41,8,5,36.96,No
CASE00803,Medical Negligence,Civil Law,Services-Health,Uttar Pradesh,Kanpur,Low,1,4,9,382,9,4,46,Conditional
CASE00804,Anti-Corruption & Vigilance,Criminal Law,IPC-Cheating,Delhi,Central Delhi,Medium,5,8,5,399,9,2,42.12,Conditional
CASE00805,Immigration & Passport Matters,Administrative Law,Licensing,Punjab,Amritsar,High,9,3,7,113,6,2,46,Conditional
CASE00806,Civil Suits,Civil Law,Contract-Breach,Bihar,Darbhanga,Medium,2,2,3,329,1,3,53.68,Conditional
CASE00807,Labour & Employment Disputes,Labour Law,Compensation-Accident,Haryana,Rohtak,Medium,9,5,3,264,1,5,69,Yes
CASE00808,Immigration & Passport Matters,Administrative Law,Licensing,Karnataka,Mangalore,Medium,5,2,9,251,3,5,34.32,No
CASE00809,POCSO & Juvenile Justice,Criminal Law,IPC-Acid Attack,Rajasthan,Ajmer,Medium,1,4,8,168,4,4,13.02,No
CASE00810,Writ Petitions,Constitutional Law,Writ-Certiorari,Madhya Pradesh,Indore,High,4,6,8,399,9,5,0,No
CASE00811,Medical Negligence,Civil Law,Torts-Medical Negligence,Haryana,Faridabad,Low,6,1,6,99,1,6,84,Yes
CASE00812,Intellectual Property,Civil Law,Geographical Indication,Delhi,South Delhi,Low,5,4,6,116,10,4,90.72,Yes
CASE00813,NI Act / Cheque Bounce,Criminal Law,IPC-Criminal Breach of Trust,Punjab,Chandigarh,Medium,9,3,6,386,5,3,51,Conditional
CASE00814,Medical Negligence,Civil Law,Services-Health,Maharashtra,Amravati,Medium,2,3,4,157,5,5,63,Yes
CASE00815,Bail Applications,Criminal Law,IPC-Murder,Madhya Pradesh,Sagar,Medium,10,5,6,316,10,4,58,Conditional
CASE00816,Family Disputes,Family Law,Domestic Violence-Physical,Haryana,Rohtak,Low,8,10,7,34,4,5,94,Yes
CASE00817,Human Rights & PIL,Constitutional Law,PIL-Public Interest,West Bengal,Siliguri,High,2,4,7,34,4,2,0,No
CASE00818,Arbitration & Mediation,Corporate Law,Arbitration-Challenge,Uttar Pradesh,Meerut,Medium,9,1,4,365,1,6,47.84,Conditional
CASE00819,Labour & Employment Disputes,Labour Law,Termination-Retirement,Tamil Nadu,Madurai,Low,1,7,5,96,6,3,54.59,Conditional
CASE00820,Consumer Protection,Consumer Law,Services-Travel,Gujarat,Vadodara,High,3,4,4,339,8,6,34,No
CASE00821,Labour & Employment Disputes,Labour Law,Service-Promotion,Uttar Pradesh,Varanasi,Medium,9,1,8,308,4,6,49.68,Conditional
CASE00822,Consumer Protection,Consumer Law,Practices-E-commerce,Madhya Pradesh,Indore,High,8,4,3,159,9,4,47,Conditional
CASE00823,Cyber Crime & IT Act,Criminal Law,Cyber Crime-Identity Theft,Madhya Pradesh,Gwalior,High,4,8,7,250,1,3,18,No
CASE00824,Insurance Claims,Consumer Law,Torts-Motor Accident,Karnataka,Davangere,Low,2,6,4,167,4,6,72.8,Yes
CASE00825,Bail Applications,Criminal Law,IPC-Murder,Rajasthan,Kota,Medium,6,3,9,243,8,3,28.83,No
CASE00826,Constitutional Law,Constitutional Law,Fundamental Rights-Article 14,West Bengal,Kolkata,High,3,5,7,132,4,3,0,No
CASE00827,Environmental Law,Criminal Law,Environment-Pollution,Maharashtra,Nashik,Medium,8,10,3,313,4,4,49.35,Conditional
CASE00828,Intellectual Property,Civil Law,Design,Uttar Pradesh,Meerut,High,2,6,3,225,5,2,30.36,No
CASE00829,Real Estate & RERA,Property Law,Lease-Residential,Kerala,Kochi,Low,9,1,5,301,7,5,85.8,Yes
CASE00830,Labour & Employment Disputes,Labour Law,Compensation-Accident,Punjab,Patiala,Medium,8,3,9,178,2,6,47,Conditional
CASE00831,Property Disputes,Property Law,Housing-Society,Maharashtra,Amravati,Medium,4,2,5,387,9,6,58.8,Conditional
CASE00832,Property Disputes,Property Law,Lease-Commercial,Bihar,Darbhanga,High,6,8,5,262,2,3,33.44,No
CASE00833,Environmental Law,Criminal Law,Environment-Pollution,Tamil Nadu,Chennai,High,6,3,4,321,4,5,23.69,No
CASE00834,Immigration & Passport Matters,Administrative Law,Licensing,West Bengal,Asansol,Low,10,4,8,59,1,5,62,Yes
CASE00835,Environmental Law,Criminal Law,Environment-Pollution,Karnataka,Gulbarga,Medium,3,2,6,397,7,2,30.16,No
CASE00836,Cyber Crime & IT Act,Criminal Law,Cyber Crime-Cyber Stalking,Haryana,Rohtak,Medium,6,3,3,243,9,3,47,Conditional
CASE00837,Tax Law (Direct & Indirect),Administrative Law,Taxation-Property,Uttar Pradesh,Lucknow,Low,6,3,9,269,7,6,52.44,Conditional
CASE00838,Real Estate & RERA,Property Law,Housing-Society,Assam,Dibrugarh,Medium,1,3,4,317,7,6,45,Conditional
CASE00839,Tax Law (Direct & Indirect),Administrative Law,Taxation-Property,Maharashtra,Nagpur,Medium,5,5,4,323,10,6,47.25,Conditional
CASE00840,Environmental Law,Criminal Law,Environment-Pollution,Kerala,Alappuzha,High,3,4,3,288,6,6,17.6,No
CASE00841,Motor Accident Claims,Civil Law,Torts-Motor Accident,Karnataka,Gulbarga,Medium,6,4,9,312,3,4,49.92,Conditional
CASE00842,Writ Petitions,Constitutional Law,Writ-Mandamus,Maharashtra,Aurangabad,High,1,3,5,52,6,3,0,No
CASE00843,Writ Petitions,Constitutional Law,Writ-Mandamus,Bihar,Bhagalpur,Medium,8,2,3,386,5,3,29.04,No
CASE00844,Constitutional Law,Constitutional Law,Fundamental Rights-Article 14,Gujarat,Vadodara,Low,1,6,5,311,10,2,19,No
CASE00845,Writ Petitions,Constitutional Law,Writ-Certiorari,Tamil Nadu,Tiruchirappalli,High,1,2,8,323,2,3,0,No
CASE00846,Consumer Protection,Consumer Law,Services-Health,West Bengal,Kolkata,Low,10,4,8,368,1,3,74,Yes
CASE00847,Environmental Law,Criminal Law,Environment-Forest,Bihar,Darbhanga,Low,9,4,6,398,2,3,58.08,Conditional
CASE00848,Family Disputes,Family Law,Domestic Violence-Physical,Uttar Pradesh,Noida,Low,7,10,4,75,8,4,82.8,Yes
CASE00849,Real Estate & RERA,Property Law,Lease-Residential,Karnataka,Bangalore,Low,1,10,3,261,4,3,57.2,Conditional
CASE00850,Property Disputes,Property Law,Land-Boundary,Maharashtra,Nagpur,High,1,7,4,107,2,3,25.2,No
CASE00851,Real Estate & RERA,Property Law,Housing-Society,Assam,Dibrugarh,Medium,1,1,3,48,4,6,39,No
CASE00852,NI Act / Cheque Bounce,Criminal Law,IPC-Criminal Breach of Trust,Kerala,Kollam,Medium,3,6,8,184,1,4,19.8,No
CASE00853,Bail Applications,Criminal Law,IPC-Murder,Punjab,Jalandhar,Low,8,4,3,144,10,3,67,Yes
CASE00854,Motor Accident Claims,Civil Law,Torts-Motor Accident,Uttar Pradesh,Varanasi,Medium,5,1,4,305,5,6,57.04,Conditional
CASE00855,Tax Law (Direct & Indirect),Administrative Law,Taxation-Professional,Karnataka,Mysore,Medium,8,5,6,249,6,6,63.44,Yes
CASE00856,Writ Petitions,Constitutional Law,Writ-Quo Warranto,Assam,Silchar,Medium,8,10,7,282,1,4,28,No
CASE00857,Anti-Corruption & Vigilance,Criminal Law,IPC-Criminal Breach of Trust,Karnataka,Belgaum,Medium,4,6,7,220,3,3,41.6,Conditional
CASE00858,Human Rights & PIL,Constitutional Law,Fundamental Rights-Article 14,Assam,Nagaon,Low,2,10,9,35,7,3,12,No
CASE00859,Corporate & Commercial Law,Corporate Law,Contract-Breach,Madhya Pradesh,Sagar,Low,5,3,6,242,8,4,55,Conditional
CASE00860,Bail Applications,Criminal Law,IPC-Hurt,Tamil Nadu,Salem,Medium,5,8,5,388,4,2,45.32,Conditional
CASE00861,Human Rights & PIL,Constitutional Law,Fundamental Rights-Article 14,Bihar,Gaya,Low,9,5,9,234,1,3,32.56,No
CASE00862,Civil Suits,Civil Law,Property-Title,Karnataka,Hubli,High,6,4,6,164,6,3,46.8,Conditional
CASE00863,Consumer Protection,Consumer Law,Services-Travel,West Bengal,Durgapur,Low,1,10,5,167,4,3,59,Conditional
CASE00864,Motor Accident Claims,Civil Law,Torts-Motor Accident,Bihar,Patna,Low,2,3,8,315,2,4,53.68,Conditional
CASE00865,Writ Petitions,Constitutional Law,Writ-Quo Warranto,Assam,Tinsukia,Low,10,4,4,174,3,6,50,Conditional
CASE00866,Corporate & Commercial Law,Corporate Law,Contract-Breach,West Bengal,Howrah,Medium,4,5,8,113,10,6,27,No
CASE00867,Tax Law (Direct & Indirect),Administrative Law,Taxation-Service,West Bengal,Durgapur,Medium,10,7,4,334,2,5,60,Yes
CASE00868,Immigration & Passport Matters,Administrative Law,Licensing,Gujarat,Bhavnagar,Medium,10,1,7,189,1,3,61,Yes
CASE00869,Consumer Protection,Consumer Law,Products-Electronic,Rajasthan,Jaipur,High,8,9,8,142,9,2,35.34,No
CASE00870,Writ Petitions,Constitutional Law,Writ-Prohibition,Madhya Pradesh,Jabalpur,High,9,8,6,200,7,5,12,No
CASE00871,Insurance Claims,Consumer Law,Torts-Motor Accident,Haryana,Gurugram,Low,2,6,8,240,2,4,46,Conditional
CASE00872,Consumer Protection,Consumer Law,Services-Health,Haryana,Hisar,Medium,7,7,9,318,6,6,50,Conditional
CASE00873,Property Disputes,Property Law,Housing-Society,Kerala,Thrissur,Low,1,3,9,177,10,6,52.8,Conditional
CASE00874,Motor Accident Claims,Civil Law,Torts-Motor Accident,Kerala,Kollam,High,6,2,5,225,4,5,47.3,Conditional
CASE00875,Anti-Corruption & Vigilance,Criminal Law,IPC-Criminal Breach of Trust,Assam,Dibrugarh,Low,8,10,3,41,3,2,65,Yes
CASE00876,Family Disputes,Family Law,Domestic Violence-Physical,Rajasthan,Bikaner,Medium,9,5,7,301,6,2,77.19,Yes
CASE00877,Bail Applications,Criminal Law,IPC-Hurt,Gujarat,Vadodara,High,10,4,4,276,4,2,31,No
CASE00878,Consumer Protection,Consumer Law,Services-Travel,Maharashtra,Mumbai,Medium,5,5,7,281,9,4,57.75,Conditional
CASE00879,Bail Applications,Criminal Law,IPC-Hurt,Delhi,South Delhi,Low,5,1,9,141,4,2,46.44,Conditional
CASE00880,Human Rights & PIL,Constitutional Law,PIL-Public Interest,Assam,Silchar,Medium,9,3,9,83,9,3,18,No
CASE00881,Intellectual Property,Civil Law,Patent,Karnataka,Hubli,Medium,2,7,6,35,1,5,55.12,Conditional
CASE00882,Writ Petitions,Constitutional Law,Writ-Quo Warranto,West Bengal,Hooghly,Medium,8,9,5,306,8,4,34,No
CASE00883,Criminal Appeals,Criminal Law,IPC-Murder,Maharashtra,Mumbai,High,5,6,9,95,1,5,9.45,No
CASE00884,Consumer Protection,Consumer Law,Products-Vehicles,Karnataka,Gulbarga,High,6,10,8,382,4,5,27.04,No
CASE00885,Human Rights & PIL,Constitutional Law,PIL-Public Interest,Madhya Pradesh,Bhopal,Low,6,3,4,234,5,3,39,No
CASE00886,Arbitration & Mediation,Corporate Law,Arbitration-Enforcement,West Bengal,Kolkata,Low,7,4,5,247,6,6,71,Yes
CASE00887,Human Rights & PIL,Constitutional Law,Fundamental Rights-Article 19,Kerala,Thrissur,Low,6,1,9,241,2,6,22,No
CASE00888,Anti-Corruption & Vigilance,Criminal Law,IPC-Cheating,Gujarat,Bhavnagar,Low,7,2,9,265,4,6,47,Conditional
CASE00889,Labour & Employment Disputes,Labour Law,Wages-Overtime,Rajasthan,Ajmer,Medium,1,4,8,218,6,2,21.39,No
CASE00890,Intellectual Property,Civil Law,Trade Mark,Rajasthan,Ajmer,Low,9,8,5,272,10,6,87.42,Yes
CASE00891,Motor Accident Claims,Civil Law,Torts-Motor Accident,Delhi,Central Delhi,Medium,8,2,6,203,6,4,77.76,Yes
CASE00892,Writ Petitions,Constitutional Law,Writ-Mandamus,Haryana,Panipat,Medium,1,9,5,52,9,3,7,No
CASE00893,Environmental Law,Criminal Law,Environment-Pollution,Tamil Nadu,Coimbatore,Low,6,4,8,227,9,4,40.17,Conditional
CASE00894,NI Act / Cheque Bounce,Criminal Law,IPC-Cheating,Rajasthan,Bikaner,High,7,4,5,360,10,6,25.11,No
CASE00895,Tax Law (Direct & Indirect),Administrative Law,Taxation-Property,Maharashtra,Nashik,Low,9,6,3,102,8,6,82.95,Yes
CASE00896,Tax Law (Direct & Indirect),Administrative Law,Taxation-Property,Delhi,North Delhi,Medium,9,8,5,272,4,2,70.2,Yes
CASE00897,Consumer Protection,Consumer Law,Products-Electronic,Rajasthan,Udaipur,Medium,8,4,9,61,7,3,46.5,Conditional
CASE00898,Property Disputes,Property Law,Land-Boundary,Uttar Pradesh,Varanasi,Medium,4,3,9,160,5,3,34.96,No
CASE00899,Family Disputes,Family Law,Child Custody-Physical,Madhya Pradesh,Gwalior,Medium,3,2,9,162,3,4,53,Conditional
CASE00900,Arbitration & Mediation,Corporate Law,Arbitration-Appointment,Assam,Dibrugarh,Medium,3,7,7,229,10,3,41,Conditional
CASE00901,Insurance Claims,Consumer Law,Services-Insurance,Gujarat,Rajkot,Low,4,10,7,173,8,2,71,Yes
CASE00902,NI Act / Cheque Bounce,Criminal Law,IPC-Cheating,Punjab,Jalandhar,High,2,10,5,291,7,3,7,No
CASE00903,Property Disputes,Property Law,Land-Encroachment,Assam,Nagaon,Medium,10,6,9,42,9,3,60,Yes
CASE00904,Property Disputes,Property Law,Mortgage-Dispute,Madhya Pradesh,Ujjain,Low,5,1,8,346,8,3,59,Conditional
CASE00905,Cyber Crime & IT Act,Criminal Law,Cyber Crime-Hacking,Kerala,Kozhikode,Medium,9,9,5,166,8,3,55,Conditional
CASE00906,Environmental Law,Criminal Law,Environment-Pollution,Delhi,New Delhi,Medium,1,10,6,297,3,5,35.64,No
CASE00907,Anti-Corruption & Vigilance,Criminal Law,IPC-Cheating,Haryana,Ambala,Medium,10,9,8,237,4,6,43,Conditional
CASE00908,Human Rights & PIL,Constitutional Law,PIL-Public Interest,Maharashtra,Aurangabad,Medium,3,6,7,351,7,4,13.65,No
CASE00909,Banking & Debt Recovery,Corporate Law,Insolvency,Bihar,Munger,Medium,9,9,4,74,4,3,53.68,Conditional
CASE00910,Human Rights & PIL,Constitutional Law,Fundamental Rights-Article 15,Bihar,Gaya,High,5,8,8,289,10,2,0,No
CASE00911,Labour & Employment Disputes,Labour Law,Harassment-Sexual,Gujarat,Bhavnagar,High,6,4,8,195,3,4,27,No
CASE00912,Human Rights & PIL,Constitutional Law,PIL-Public Interest,Tamil Nadu,Vellore,High,6,7,6,373,5,2,8.24,No
CASE00913,Intellectual Property,Civil Law,Copyright,Kerala,Kollam,High,6,4,9,54,4,2,35.2,No
CASE00914,Cyber Crime & IT Act,Criminal Law,Cyber Crime-Identity Theft,Haryana,Ambala,Medium,8,6,5,327,5,5,49,Conditional
CASE00915,Property Disputes,Property Law,Land-Boundary,Rajasthan,Jodhpur,Low,1,9,4,249,4,2,55.8,Conditional
CASE00916,Motor Accident Claims,Civil Law,Torts-Motor Accident,Delhi,New Delhi,Medium,7,3,7,214,5,5,79.92,Yes
CASE00917,Arbitration & Mediation,Corporate Law,Arbitration-Challenge,Tamil Nadu,Chennai,Medium,7,2,7,306,1,4,51.5,Conditional
CASE00918,Civil Suits,Civil Law,Torts-Motor Accident,Gujarat,Rajkot,High,10,6,3,267,5,2,56,Conditional
CASE00919,Environmental Law,Criminal Law,Environment-Pollution,West Bengal,Siliguri,Medium,8,2,6,266,7,2,54,Conditional
CASE00920,Bail Applications,Criminal Law,IPC-Murder,Tamil Nadu,Vellore,Low,3,2,3,144,2,5,53.56,Conditional
CASE00921,Arbitration & Mediation,Corporate Law,Arbitration-International,Bihar,Patna,Low,8,2,3,141,9,4,65.12,Yes
CASE00922,Cyber Crime & IT Act,Criminal Law,Cyber Crime-Cyber Stalking,Gujarat,Rajkot,Medium,8,2,6,234,3,4,51,Conditional
CASE00923,NI Act / Cheque Bounce,Criminal Law,IPC-Criminal Breach of Trust,Rajasthan,Ajmer,High,5,6,7,270,8,6,19.53,No
CASE00924,Medical Negligence,Civil Law,Services-Health,Karnataka,Belgaum,Medium,9,7,3,110,4,6,79.04,Yes
CASE00925,Tax Law (Direct & Indirect),Administrative Law,Taxation-Professional,Delhi,East Delhi,Low,7,6,7,281,5,5,71.28,Yes
CASE00926,Motor Accident Claims,Civil Law,Torts-Motor Accident,Maharashtra,Solapur,Medium,5,10,6,352,8,3,68.25,Yes
CASE00927,Consumer Protection,Consumer Law,Services-Travel,Kerala,Thiruvananthapuram,Low,7,5,8,162,1,3,68.2,Yes
CASE00928,POCSO & Juvenile Justice,Criminal Law,IPC-Gang Rape,Delhi,Central Delhi,Medium,8,8,7,181,2,5,56.16,Conditional
CASE00929,Banking & Debt Recovery,Corporate Law,Contract-Breach,Maharashtra,Aurangabad,Medium,1,8,7,50,3,2,30.45,No
CASE00930,Medical Negligence,Civil Law,Torts-Medical Negligence,Tamil Nadu,Vellore,Medium,3,6,5,367,9,6,65.92,Yes
CASE00931,Real Estate & RERA,Property Law,Lease-Commercial,Bihar,Gaya,Medium,6,1,9,145,9,4,39.6,No
CASE00932,Bail Applications,Criminal Law,IPC-Assault,Karnataka,Hubli,High,9,4,9,117,4,5,18.72,No
CASE00933,Motor Accident Claims,Civil Law,Torts-Motor Accident,Assam,Jorhat,Medium,3,7,8,121,3,4,43,Conditional
CASE00934,Insurance Claims,Consumer Law,Torts-Motor Accident,Assam,Silchar,Low,3,1,7,259,2,2,70,Yes
CASE00935,Banking & Debt Recovery,Corporate Law,Insolvency,Karnataka,Mysore,Low,10,1,3,115,8,4,82.16,Yes
CASE00936,Environmental Law,Criminal Law,Environment-Forest,Bihar,Darbhanga,Low,6,3,7,74,10,4,46.64,Conditional
CASE00937,Arbitration & Mediation,Corporate Law,Arbitration-Challenge,Haryana,Gurugram,Medium,5,5,7,57,6,6,49,Conditional
CASE00938,Tax Law (Direct & Indirect),Administrative Law,Taxation-Service,Delhi,West Delhi,High,3,9,3,123,8,6,22.68,No
CASE00939,Family Disputes,Family Law,Inheritance-Intestate,Karnataka,Mysore,High,1,7,3,315,10,2,34.32,No
CASE00940,Motor Accident Claims,Civil Law,Torts-Motor Accident,Assam,Nagaon,High,1,8,4,157,3,6,38,No
CASE00941,Bail Applications,Criminal Law,IPC-Assault,Bihar,Darbhanga,Low,8,10,3,221,4,3,54.56,Conditional
CASE00942,Real Estate & RERA,Property Law,Housing-Society,Karnataka,Belgaum,Medium,10,1,4,114,7,4,72.8,Yes
CASE00943,Anti-Corruption & Vigilance,Criminal Law,IPC-Cheating,Madhya Pradesh,Sagar,Low,4,1,7,325,8,3,52,Conditional
CASE00944,POCSO & Juvenile Justice,Criminal Law,IPC-Gang Rape,Rajasthan,Ajmer,High,8,6,4,209,1,6,28.83,No
CASE00945,Medical Negligence,Civil Law,Services-Health,Uttar Pradesh,Kanpur,Low,9,1,4,394,1,6,89.24,Yes
CASE00946,Banking & Debt Recovery,Corporate Law,Corporate-Fraud,West Bengal,Howrah,Medium,3,1,8,96,3,6,25,No
CASE00947,Tax Law (Direct & Indirect),Administrative Law,Taxation-Property,Bihar,Munger,Medium,3,9,9,209,2,5,21.12,No
CASE00948,Real Estate & RERA,Property Law,Building-Construction,Madhya Pradesh,Indore,High,9,8,6,252,4,4,48,Conditional
CASE00949,Consumer Protection,Consumer Law,Services-Health,Karnataka,Gulbarga,Medium,9,7,4,134,3,6,74.88,Yes
CASE00950,Labour & Employment Disputes,Labour Law,Industrial-Layoff,Punjab,Jalandhar,Low,10,4,3,290,9,3,80,Yes
CASE00951,Constitutional Law,Constitutional Law,Fundamental Rights-Article 15,Maharashtra,Amravati,Low,2,2,9,78,7,4,14.7,No
CASE00952,Corporate & Commercial Law,Corporate Law,Arbitration-Enforcement,Maharashtra,Aurangabad,Low,7,4,3,221,1,4,71.4,Yes
CASE00953,Motor Accident Claims,Civil Law,Torts-Motor Accident,Delhi,New Delhi,Medium,1,4,6,378,8,3,62.64,Yes
CASE00954,Medical Negligence,Civil Law,Services-Health,Maharashtra,Solapur,Medium,8,4,4,264,3,6,82.95,Yes
CASE00955,Tax Law (Direct & Indirect),Administrative Law,Taxation-Property,Bihar,Patna,Medium,4,1,4,301,3,3,41.36,Conditional
CASE00956,Labour & Employment Disputes,Labour Law,Industrial-Layoff,Madhya Pradesh,Indore,Medium,2,7,4,96,2,2,42,Conditional
CASE00957,Criminal Appeals,Criminal Law,IPC-Cheating,Maharashtra,Pune,Medium,1,10,5,389,3,2,32.55,No
CASE00958,Banking & Debt Recovery,Corporate Law,Contract-Breach,Rajasthan,Jodhpur,High,2,6,9,254,5,3,1.86,No
CASE00959,Civil Suits,Civil Law,Torts-Motor Accident,Assam,Guwahati,Medium,6,1,9,94,2,4,57,Conditional
CASE00960,Banking & Debt Recovery,Corporate Law,Corporate-Fraud,Haryana,Hisar,Medium,4,3,7,107,6,3,43,Conditional
CASE00961,Consumer Protection,Consumer Law,Services-Health,Gujarat,Ahmedabad,Medium,2,1,6,226,2,4,47,Conditional
CASE00962,Labour & Employment Disputes,Labour Law,Wages-Overtime,Rajasthan,Kota,High,9,7,4,248,5,2,41.85,Conditional
CASE00963,Corporate & Commercial Law,Corporate Law,Director-Conflict,Karnataka,Hubli,High,10,10,5,174,7,4,39.52,No
CASE00964,Consumer Protection,Consumer Law,Products-Vehicles,Rajasthan,Udaipur,Low,4,3,5,58,3,5,66.96,Yes
CASE00965,Anti-Corruption & Vigilance,Criminal Law,IPC-Criminal Breach of Trust,Karnataka,Davangere,High,7,10,5,168,9,6,22.88,No
CASE00966,Cyber Crime & IT Act,Criminal Law,Cyber Crime-Hacking,Bihar,Darbhanga,Low,9,10,4,317,7,3,58.08,Conditional
CASE00967,Anti-Corruption & Vigilance,Criminal Law,IPC-Criminal Breach of Trust,Madhya Pradesh,Gwalior,Low,2,7,3,118,2,3,41,Conditional
CASE00968,Intellectual Property,Civil Law,Design,Kerala,Alappuzha,Low,7,3,9,340,1,5,82.5,Yes
CASE00969,POCSO & Juvenile Justice,Criminal Law,IPC-Acid Attack,Gujarat,Surat,Medium,10,4,5,196,6,5,58,Conditional
CASE00970,Property Disputes,Property Law,Land-Title,Gujarat,Rajkot,Medium,7,2,7,280,5,6,65,Yes
CASE00971,Environmental Law,Criminal Law,Environment-Forest,Bihar,Munger,High,5,4,6,187,9,3,13.2,No
CASE00972,Property Disputes,Property Law,Mortgage-Dispute,Karnataka,Gulbarga,High,1,5,9,388,8,4,3.12,No
CASE00973,Tax Law (Direct & Indirect),Administrative Law,Taxation-Property,Haryana,Rohtak,High,10,2,5,54,8,3,50,Conditional
CASE00974,Immigration & Passport Matters,Administrative Law,Licensing,Uttar Pradesh,Varanasi,High,8,4,3,333,1,6,33.12,No
CASE00975,Tax Law (Direct & Indirect),Administrative Law,Taxation-Service,Gujarat,Surat,Low,2,5,7,245,10,6,51,Conditional
CASE00976,Constitutional Law,Constitutional Law,Fundamental Rights-Article 15,Madhya Pradesh,Gwalior,Medium,3,1,5,337,3,2,14,No
CASE00977,Intellectual Property,Civil Law,Geographical Indication,Uttar Pradesh,Lucknow,Medium,2,5,4,193,6,5,54.28,Conditional
CASE00978,Writ Petitions,Constitutional Law,Writ-Habeas Corpus,Tamil Nadu,Coimbatore,High,10,3,5,173,7,3,17.51,No
CASE00979,Constitutional Law,Constitutional Law,Writ-Habeas Corpus,Kerala,Kozhikode,Low,4,2,7,248,5,2,30.8,No
CASE00980,Constitutional Law,Constitutional Law,Fundamental Rights-Article 15,Haryana,Ambala,Low,10,4,8,183,4,6,40,Conditional
CASE00981,Constitutional Law,Constitutional Law,Fundamental Rights-Article 15,Maharashtra,Aurangabad,Medium,5,4,7,151,8,5,17.85,No
CASE00982,Medical Negligence,Civil Law,Torts-Medical Negligence,Rajasthan,Ajmer,Low,1,9,9,171,5,6,53.94,Conditional
CASE00983,Corporate & Commercial Law,Corporate Law,Shareholder-Issues,Kerala,Kozhikode,High,10,8,3,187,9,5,46.2,Conditional
CASE00984,Tax Law (Direct & Indirect),Administrative Law,Taxation-Service,Haryana,Gurugram,Medium,3,4,7,64,6,5,46,Conditional
CASE00985,Immigration & Passport Matters,Administrative Law,Service-Transfer,Bihar,Darbhanga,Medium,9,9,5,83,8,2,56.32,Conditional
CASE00986,Medical Negligence,Civil Law,Torts-Medical Negligence,Maharashtra,Thane,Medium,3,10,9,179,6,6,44.1,Conditional
CASE00987,Company / Insolvency (NCLT-NCLAT),Corporate Law,Oppression-Mismanagement,Madhya Pradesh,Sagar,Low,9,2,9,360,2,5,56,Conditional
CASE00988,Banking & Debt Recovery,Corporate Law,Contract-Breach,Tamil Nadu,Salem,Low,8,10,6,159,10,2,73.13,Yes
CASE00989,Insurance Claims,Consumer Law,Torts-Motor Accident,Uttar Pradesh,Ghaziabad,High,2,10,7,334,5,6,28.52,No
CASE00990,Immigration & Passport Matters,Administrative Law,Service-Transfer,Rajasthan,Bikaner,Medium,6,6,7,382,3,5,49.29,Conditional
CASE00991,POCSO & Juvenile Justice,Criminal Law,IPC-Gang Rape,Tamil Nadu,Tirunelveli,Medium,1,10,7,201,10,5,26.78,No
CASE00992,Arbitration & Mediation,Corporate Law,Arbitration-Challenge,Haryana,Hisar,Low,1,1,8,394,4,6,34,No
CASE00993,Criminal Appeals,Criminal Law,IPC-Murder,Assam,Guwahati,Low,5,2,6,308,5,5,52,Conditional
CASE00994,Real Estate & RERA,Property Law,Building-Construction,Kerala,Alappuzha,Medium,1,7,6,97,7,6,51.7,Conditional
CASE00995,Real Estate & RERA,Property Law,Housing-Society,Bihar,Muzaffarpur,Medium,7,10,5,176,6,2,49.28,Conditional
CASE00996,Constitutional Law,Constitutional Law,Fundamental Rights-Article 15,Maharashtra,Thane,Medium,2,9,9,344,9,3,0,No
CASE00997,Banking & Debt Recovery,Corporate Law,Contract-Breach,Gujarat,Jamnagar,Medium,2,8,5,287,3,3,40,Conditional
CASE00998,Family Disputes,Family Law,Divorce-Contested,Punjab,Jalandhar,Low,4,9,3,263,6,4,77,Yes
CASE00999,Bail Applications,Criminal Law,IPC-Assault,Delhi,North Delhi,Low,2,10,6,332,1,3,48.6,Conditional
CASE01000,Tax Law (Direct & Indirect),Administrative Law,Taxation-Property,Punjab,Patiala,Low,10,10,6,391,6,3,78,Yes
CASE01001,POCSO & Juvenile Justice,Criminal Law,IPC-Rape,Karnataka,Hubli,Medium,6,2,3,227,3,5,45.76,Conditional
CASE01002,Consumer Protection,Consumer Law,Services-Travel,Haryana,Hisar,Low,3,5,8,226,7,2,56,Conditional
CASE01003,Intellectual Property,Civil Law,Patent,Madhya Pradesh,Indore,Low,4,4,6,347,7,3,80,Yes
CASE01004,Labour & Employment Disputes,Labour Law,Industrial-Layoff,Tamil Nadu,Madurai,Medium,9,7,3,302,3,4,67.98,Yes
CASE01005,Human Rights & PIL,Constitutional Law,PIL-Public Interest,Punjab,Patiala,High,9,8,6,244,5,5,14,No
CASE01006,Consumer Protection,Consumer Law,Products-Vehicles,Rajasthan,Kota,Low,5,3,7,254,6,6,70.68,Yes
CASE01007,Company / Insolvency (NCLT-NCLAT),Corporate Law,Oppression-Mismanagement,Tamil Nadu,Vellore,High,9,1,5,310,1,6,43.26,Conditional
CASE01008,Labour & Employment Disputes,Labour Law,Wages-Minimum,Punjab,Patiala,High,7,4,9,319,6,2,22,No
CASE01009,Corporate & Commercial Law,Corporate Law,Arbitration-Challenge,Kerala,Thiruvananthapuram,Medium,8,5,5,140,4,2,58.3,Conditional
CASE01010,Constitutional Law,Constitutional Law,Fundamental Rights-Article 14,Gujarat,Ahmedabad,High,8,6,9,384,8,3,0,No
CASE01011,Human Rights & PIL,Constitutional Law,Fundamental Rights-Article 21,Gujarat,Bhavnagar,Low,8,9,3,290,10,5,39,No
CASE01012,Consumer Protection,Consumer Law,Services-Health,Rajasthan,Jaipur,Medium,8,6,9,224,5,4,47.43,Conditional
CASE01013,Criminal Appeals,Criminal Law,IPC-Hurt,Maharashtra,Amravati,Medium,8,9,4,110,2,5,52.5,Conditional
CASE01014,Motor Accident Claims,Civil Law,Torts-Motor Accident,Bihar,Gaya,High,1,6,6,212,10,4,30.8,No
CASE01015,NI Act / Cheque Bounce,Criminal Law,IPC-Criminal Breach of Trust,Bihar,Muzaffarpur,High,7,1,9,379,10,3,13.2,No
CASE01016,Corporate & Commercial Law,Corporate Law,Arbitration-Enforcement,Madhya Pradesh,Ujjain,Medium,7,2,7,349,8,5,52,Conditional
CASE01017,Criminal Appeals,Criminal Law,IPC-Cheating,Uttar Pradesh,Agra,High,10,4,4,82,8,3,29.44,No
CASE01018,Immigration & Passport Matters,Administrative Law,Service-Transfer,Assam,Guwahati,High,8,8,7,277,4,3,37,No
CASE01019,POCSO & Juvenile Justice,Criminal Law,IPC-Gang Rape,Maharashtra,Amravati,Medium,7,2,5,143,3,4,46.2,Conditional
CASE01020,Banking & Debt Recovery,Corporate Law,Insolvency,Assam,Dibrugarh,Medium,3,1,5,188,3,5,36,No
CASE01021,Immigration & Passport Matters,Administrative Law,Service-Transfer,Gujarat,Ahmedabad,Low,4,3,4,151,3,3,58,Conditional
CASE01022,Tax Law (Direct & Indirect),Administrative Law,Taxation-Service,Delhi,South Delhi,Low,10,9,5,54,2,3,86.4,Yes
CASE01023,Criminal Appeals,Criminal Law,IPC-Murder,Madhya Pradesh,Sagar,Medium,4,8,4,366,4,6,42,Conditional
CASE01024,Company / Insolvency (NCLT-NCLAT),Corporate Law,Insolvency,Punjab,Patiala,High,6,4,3,219,5,6,26,No
CASE01025,Motor Accident Claims,Civil Law,Torts-Motor Accident,Assam,Jorhat,Low,5,2,5,373,4,4,85,Yes
CASE01026,Civil Suits,Civil Law,Torts-Motor Accident,West Bengal,Hooghly,Medium,8,5,6,174,6,6,79,Yes
CASE01027,Consumer Protection,Consumer Law,Practices-E-commerce,Haryana,Gurugram,Medium,4,8,9,192,2,6,42,Conditional
CASE01028,Banking & Debt Recovery,Corporate Law,Corporate-Fraud,Delhi,North Delhi,Medium,9,4,8,171,9,5,45.36,Conditional
CASE01029,Medical Negligence,Civil Law,Services-Health,Assam,Silchar,Medium,1,3,7,87,7,3,49,Conditional
CASE01030,Criminal Appeals,Criminal Law,IPC-Murder,West Bengal,Howrah,Medium,3,3,6,243,4,3,36,No
CASE01031,Real Estate & RERA,Property Law,Housing-Society,Delhi,Central Delhi,Medium,4,10,5,211,1,2,57.24,Conditional
CASE01032,Bail Applications,Criminal Law,IPC-Assault,Gujarat,Ahmedabad,High,7,2,3,352,2,2,31,No
CASE01033,Constitutional Law,Constitutional Law,Fundamental Rights-Article 15,Punjab,Ludhiana,Medium,9,1,3,59,4,2,32,No
CASE01034,Environmental Law,Criminal Law,Environment-Pollution,Assam,Jorhat,Medium,4,5,9,221,10,4,23,No
CASE01035,Tax Law (Direct & Indirect),Administrative Law,Taxation-Professional,Delhi,North Delhi,Medium,5,2,3,252,6,2,51.84,Conditional
CASE01036,Intellectual Property,Civil Law,Geographical Indication,West Bengal,Durgapur,Medium,3,3,5,292,3,5,57,Conditional
CASE01037,Corporate & Commercial Law,Corporate Law,Arbitration-Challenge,Delhi,Central Delhi,Medium,7,4,3,336,3,2,59.4,Conditional
CASE01038,Company / Insolvency (NCLT-NCLAT),Corporate Law,Insolvency,Gujarat,Ahmedabad,Low,10,7,7,95,4,6,79,Yes
CASE01039,Tax Law (Direct & Indirect),Administrative Law,Taxation-Property,Gujarat,Jamnagar,Low,5,6,7,277,5,2,63,Yes
CASE01040,Insurance Claims,Consumer Law,Services-Insurance,Bihar,Munger,High,10,2,3,68,3,5,46.64,Conditional
CASE01041,Writ Petitions,Constitutional Law,Writ-Mandamus,Uttar Pradesh,Lucknow,Low,8,4,5,156,2,4,45.08,Conditional
CASE01042,Anti-Corruption & Vigilance,Criminal Law,IPC-Cheating,Uttar Pradesh,Lucknow,Low,2,7,9,374,5,6,33.12,No
CASE01043,Constitutional Law,Constitutional Law,Writ-Habeas Corpus,Karnataka,Belgaum,Medium,2,3,5,85,4,6,10.4,No
CASE01044,Medical Negligence,Civil Law,Services-Health,Punjab,Bathinda,High,6,2,6,211,6,6,48,Conditional
CASE01045,Medical Negligence,Civil Law,Torts-Medical Negligence,Kerala,Thrissur,Low,3,10,9,325,1,3,69.3,Yes
CASE01046,Environmental Law,Criminal Law,Environment-Forest,Assam,Jorhat,Low,8,1,7,48,3,6,63,Yes
CASE01047,NI Act / Cheque Bounce,Criminal Law,IPC-Criminal Breach of Trust,Karnataka,Davangere,Medium,6,9,3,210,5,4,42.64,Conditional
CASE01048,Corporate & Commercial Law,Corporate Law,Shareholder-Issues,Rajasthan,Bikaner,High,1,6,9,93,10,2,0,No
CASE01049,Consumer Protection,Consumer Law,Practices-Misleading Ads,Delhi,East Delhi,Low,7,6,9,68,10,6,70.2,Yes
CASE01050,POCSO & Juvenile Justice,Criminal Law,IPC-Acid Attack,Punjab,Jalandhar,High,3,1,8,124,2,3,1,No
CASE01051,Property Disputes,Property Law,Housing-Society,Uttar Pradesh,Meerut,Low,1,2,6,232,6,5,48.76,Conditional
CASE01052,Labour & Employment Disputes,Labour Law,Termination-Retirement,West Bengal,Hooghly,Medium,3,10,6,166,3,2,50,Conditional
CASE01053,Criminal Appeals,Criminal Law,IPC-Murder,West Bengal,Asansol,High,6,1,5,115,10,3,21,No
CASE01054,Anti-Corruption & Vigilance,Criminal Law,IPC-Cheating,Delhi,West Delhi,Medium,2,3,8,252,9,2,19.44,No
CASE01055,Consumer Protection,Consumer Law,Services-Health,Madhya Pradesh,Sagar,Medium,3,1,9,378,8,5,39,No
CASE01056,Environmental Law,Criminal Law,Environment-Pollution,Bihar,Munger,Medium,10,4,7,204,6,5,51.04,Conditional
CASE01057,Motor Accident Claims,Civil Law,Torts-Motor Accident,Haryana,Panipat,High,6,6,4,241,8,2,47,Conditional
CASE01058,Bail Applications,Criminal Law,IPC-Hurt,West Bengal,Durgapur,Medium,5,6,8,240,4,5,30,No
CASE01059,Arbitration & Mediation,Corporate Law,Arbitration-Challenge,Haryana,Ambala,High,1,5,6,174,7,4,8,No
CASE01060,Criminal Appeals,Criminal Law,IPC-Hurt,Delhi,West Delhi,High,1,8,7,312,6,5,6.48,No
CASE01061,Civil Suits,Civil Law,Property-Title,Rajasthan,Udaipur,Low,4,1,7,131,2,2,72.54,Yes
CASE01062,Cyber Crime & IT Act,Criminal Law,IPC-Cheating,Madhya Pradesh,Indore,High,1,6,9,282,4,5,0,No
CASE01063,Constitutional Law,Constitutional Law,Writ-Mandamus,Uttar Pradesh,Varanasi,Medium,5,4,7,138,2,6,19.32,No
CASE01064,Corporate & Commercial Law,Corporate Law,Director-Conflict,Madhya Pradesh,Bhopal,Low,8,4,6,295,4,6,65,Yes
CASE01065,Anti-Corruption & Vigilance,Criminal Law,IPC-Cheating,Maharashtra,Mumbai,High,10,10,7,238,8,6,42,Conditional
CASE01066,Banking & Debt Recovery,Corporate Law,Contract-Breach,Assam,Guwahati,High,6,1,5,320,7,6,30,No
CASE01067,POCSO & Juvenile Justice,Criminal Law,IPC-Acid Attack,Madhya Pradesh,Gwalior,Medium,7,5,9,334,1,3,30,No
CASE01068,Intellectual Property,Civil Law,Copyright,Maharashtra,Aurangabad,Medium,3,3,6,84,8,4,60.9,Yes
CASE01069,Company / Insolvency (NCLT-NCLAT),Corporate Law,Arbitration-Enforcement,Bihar,Munger,Medium,6,5,5,271,7,3,39.6,No
CASE01070,Environmental Law,Criminal Law,Environment-Forest,Bihar,Patna,High,4,7,4,243,5,3,18.48,No
CASE01071,Company / Insolvency (NCLT-NCLAT),Corporate Law,Oppression-Mismanagement,West Bengal,Hooghly,Medium,7,8,4,158,2,4,49,Conditional
CASE01072,Property Disputes,Property Law,Building-Construction,Gujarat,Jamnagar,High,2,10,9,330,1,5,13,No
CASE01073,Human Rights & PIL,Constitutional Law,Fundamental Rights-Article 21,Delhi,South Delhi,Medium,5,5,7,206,8,4,23.76,No
CASE01074,Writ Petitions,Constitutional Law,Writ-Prohibition,Delhi,New Delhi,Medium,9,3,5,224,6,3,35.64,No
CASE01075,Criminal Appeals,Criminal Law,IPC-Cheating,Karnataka,Mangalore,High,2,5,7,354,10,4,10.4,No
CASE01076,Environmental Law,Criminal Law,Environment-Forest,Rajasthan,Jaipur,Low,1,10,5,241,4,5,39.06,No
CASE01077,Civil Suits,Civil Law,Torts-Motor Accident,Gujarat,Jamnagar,Medium,3,4,6,75,10,3,59,Conditional
CASE01078,Criminal Appeals,Criminal Law,IPC-Cheating,Bihar,Darbhanga,Medium,3,2,7,300,1,3,31.68,No
CASE01079,Medical Negligence,Civil Law,Services-Health,Karnataka,Mysore,Low,1,10,7,307,9,3,67.6,Yes
CASE01080,Motor Accident Claims,Civil Law,Torts-Motor Accident,Gujarat,Vadodara,Medium,7,6,4,242,3,5,66,Yes
CASE01081,Arbitration & Mediation,Corporate Law,Arbitration-International,Bihar,Gaya,Low,1,8,5,63,1,4,42.24,Conditional
CASE01082,Civil Suits,Civil Law,Torts-Motor Accident,Delhi,West Delhi,Medium,9,6,6,232,3,5,82.08,Yes
CASE01083,Arbitration & Mediation,Corporate Law,Arbitration-Appointment,Bihar,Darbhanga,Medium,10,6,3,334,5,3,55.44,Conditional
CASE01084,Constitutional Law,Constitutional Law,Fundamental Rights-Article 15,West Bengal,Hooghly,Low,6,3,4,45,1,3,40,Conditional
CASE01085,Company / Insolvency (NCLT-NCLAT),Corporate Law,Arbitration-Enforcement,Haryana,Rohtak,Medium,1,8,8,61,9,3,22,No
CASE01086,Property Disputes,Property Law,Mortgage-Dispute,West Bengal,Siliguri,Low,7,2,3,340,2,5,72,Yes
CASE01087,Insurance Claims,Consumer Law,Torts-Motor Accident,Gujarat,Jamnagar,Medium,9,2,3,294,2,5,71,Yes
CASE01088,Labour & Employment Disputes,Labour Law,Termination-Retirement,West Bengal,Siliguri,High,10,2,6,145,1,4,52,Conditional
CASE01089,Civil Suits,Civil Law,Contract-Breach,Maharashtra,Thane,Medium,5,6,5,296,3,6,66.15,Yes
CASE01090,Environmental Law,Criminal Law,Environment-Pollution,Kerala,Kochi,Medium,7,7,4,313,6,3,46.2,Conditional
CASE01091,Immigration & Passport Matters,Administrative Law,Licensing,Kerala,Thrissur,Medium,5,7,6,133,9,4,56.1,Conditional
CASE01092,Constitutional Law,Constitutional Law,Writ-Mandamus,Madhya Pradesh,Indore,High,8,3,5,41,7,5,7,No
CASE01093,Medical Negligence,Civil Law,Services-Health,Delhi,New Delhi,Medium,2,5,7,331,8,4,63.72,Yes
CASE01094,Criminal Appeals,Criminal Law,IPC-Cheating,Maharashtra,Navi Mumbai,Medium,10,10,9,169,6,3,43.05,Conditional
CASE01095,Family Disputes,Family Law,Inheritance-Intestate,Delhi,North Delhi,Medium,8,5,5,377,1,6,82.08,Yes
CASE01096,Bail Applications,Criminal Law,IPC-Assault,Kerala,Kollam,Low,9,1,7,66,7,2,70.4,Yes
CASE01097,Consumer Protection,Consumer Law,Services-Health,Kerala,Alappuzha,Low,10,3,7,114,8,3,100,Yes
CASE01098,Real Estate & RERA,Property Law,Lease-Residential,Haryana,Gurugram,Medium,2,7,3,103,3,5,48,Conditional
CASE01099,Environmental Law,Criminal Law,Environment-Forest,Uttar Pradesh,Lucknow,Low,4,3,6,192,2,4,47.84,Conditional
CASE01100,Family Disputes,Family Law,Inheritance-Intestate,Gujarat,Rajkot,High,2,7,6,323,4,6,36,No
CASE01101,Environmental Law,Criminal Law,Environment-Pollution,Delhi,East Delhi,Medium,6,10,4,372,4,4,51.84,Conditional
CASE01102,Medical Negligence,Civil Law,Torts-Medical Negligence,Rajasthan,Bikaner,Medium,1,6,3,323,7,2,47.43,Conditional
CASE01103,Cyber Crime & IT Act,Criminal Law,IPC-Cheating,Punjab,Chandigarh,Medium,1,5,5,110,8,5,27,No
CASE01104,NI Act / Cheque Bounce,Criminal Law,IPC-Criminal Breach of Trust,Rajasthan,Ajmer,Medium,7,7,7,48,9,4,42.78,Conditional
CASE01105,Banking & Debt Recovery,Corporate Law,Insolvency,Bihar,Munger,High,9,10,6,78,10,5,33.44,No
CASE01106,Corporate & Commercial Law,Corporate Law,Oppression-Mismanagement,Uttar Pradesh,Kanpur,Medium,2,8,9,185,10,6,22.08,No
CASE01107,POCSO & Juvenile Justice,Criminal Law,IPC-Gang Rape,Haryana,Panipat,High,3,10,5,297,8,2,17,No
CASE01108,Criminal Appeals,Criminal Law,IPC-Cheating,Bihar,Bhagalpur,Medium,1,6,4,371,9,6,27.28,No
CASE01109,POCSO & Juvenile Justice,Criminal Law,IPC-Gang Rape,Haryana,Faridabad,High,9,9,7,165,8,6,32,No
CASE01110,Writ Petitions,Constitutional Law,Writ-Habeas Corpus,Karnataka,Bangalore,Medium,5,6,7,96,6,6,15.6,No
CASE01111,Constitutional Law,Constitutional Law,Writ-Mandamus,Assam,Guwahati,Low,5,10,8,381,1,6,15,No
CASE01112,Anti-Corruption & Vigilance,Criminal Law,IPC-Cheating,Gujarat,Bhavnagar,Medium,9,7,5,336,8,5,52,Conditional
CASE01113,Medical Negligence,Civil Law,Torts-Medical Negligence,Maharashtra,Pune,Low,5,2,8,212,3,2,68.25,Yes
CASE01114,NI Act / Cheque Bounce,Criminal Law,IPC-Criminal Breach of Trust,Gujarat,Bhavnagar,Low,9,10,7,353,4,4,64,Yes
CASE01115,Environmental Law,Criminal Law,Environment-Forest,Punjab,Patiala,High,9,9,6,225,10,6,28,No
CASE01116,Bail Applications,Criminal Law,IPC-Assault,Tamil Nadu,Coimbatore,Medium,7,3,8,166,6,3,37.08,No
CASE01117,Tax Law (Direct & Indirect),Administrative Law,Taxation-Professional,Tamil Nadu,Tirunelveli,Medium,2,5,5,269,4,4,45.32,Conditional
CASE01118,Banking & Debt Recovery,Corporate Law,Insolvency,Uttar Pradesh,Lucknow,Medium,9,2,7,68,4,3,47.84,Conditional
CASE01119,Labour & Employment Disputes,Labour Law,Compensation-Accident,Rajasthan,Bikaner,Medium,8,1,3,79,1,2,64.17,Yes
CASE01120,Writ Petitions,Constitutional Law,Writ-Prohibition,Karnataka,Mangalore,Medium,9,3,9,180,9,4,12.48,No
CASE01121,Family Disputes,Family Law,Child Custody-Physical,Bihar,Bhagalpur,High,7,9,9,170,7,3,36.96,No
CASE01122,Civil Suits,Civil Law,Torts-Motor Accident,Maharashtra,Navi Mumbai,Medium,3,9,6,221,7,3,61.95,Yes
CASE01123,Cyber Crime & IT Act,Criminal Law,Cyber Crime-Hacking,Delhi,Central Delhi,Medium,9,3,5,133,1,4,58.32,Conditional
CASE01124,Cyber Crime & IT Act,Criminal Law,IPC-Cheating,Tamil Nadu,Madurai,Low,5,9,3,75,7,2,58.71,Conditional
CASE01125,Cyber Crime & IT Act,Criminal Law,Cyber Crime-Cyber Stalking,Punjab,Bathinda,Medium,2,2,7,327,3,5,33,No
CASE01126,Medical Negligence,Civil Law,Services-Health,Gujarat,Surat,High,10,6,3,152,5,6,57,Conditional
CASE01127,Consumer Protection,Consumer Law,Services-Health,Gujarat,Jamnagar,Medium,2,9,6,396,6,6,47,Conditional
CASE01128,Insurance Claims,Consumer Law,Services-Insurance,West Bengal,Durgapur,Low,10,4,5,47,7,6,91,Yes
CASE01129,Corporate & Commercial Law,Corporate Law,Arbitration-Enforcement,Haryana,Ambala,Medium,9,4,5,392,8,4,60,Yes
CASE01130,Insurance Claims,Consumer Law,Torts-Motor Accident,Kerala,Thrissur,Low,1,5,8,271,4,4,48.4,Conditional
CASE01131,Motor Accident Claims,Civil Law,Torts-Motor Accident,Assam,Dibrugarh,High,3,1,9,126,10,5,20,No
CASE01132,Constitutional Law,Constitutional Law,Fundamental Rights-Article 15,Punjab,Chandigarh,Medium,4,8,7,43,5,2,14,No
CASE01133,POCSO & Juvenile Justice,Criminal Law,IPC-Rape,Maharashtra,Solapur,Medium,4,3,3,49,5,3,33.6,No
CASE01134,Real Estate & RERA,Property Law,Building-Construction,Gujarat,Bhavnagar,High,6,9,3,40,3,3,41,Conditional
CASE01135,Anti-Corruption & Vigilance,Criminal Law,IPC-Criminal Breach of Trust,Haryana,Rohtak,Medium,6,3,4,124,9,3,46,Conditional
CASE01136,Anti-Corruption & Vigilance,Criminal Law,IPC-Criminal Breach of Trust,Haryana,Hisar,Medium,10,5,4,292,2,5,58,Conditional
CASE01137,Real Estate & RERA,Property Law,Lease-Commercial,Punjab,Chandigarh,Medium,3,2,7,40,7,5,48,Conditional
CASE01138,POCSO & Juvenile Justice,Criminal Law,IPC-Acid Attack,Haryana,Faridabad,Medium,4,4,8,296,9,4,26,No
CASE01139,Intellectual Property,Civil Law,Design,Rajasthan,Jodhpur,Medium,2,5,8,63,4,2,36.27,No
CASE01140,Insurance Claims,Consumer Law,Torts-Motor Accident,Tamil Nadu,Tirunelveli,Medium,1,10,8,294,6,2,31.93,No
CASE01141,Arbitration & Mediation,Corporate Law,Arbitration-Enforcement,West Bengal,Durgapur,Low,2,2,3,31,1,3,46,Conditional
CASE01142,Banking & Debt Recovery,Corporate Law,Contract-Breach,Punjab,Amritsar,Low,8,10,6,88,1,3,72,Yes
CASE01143,Immigration & Passport Matters,Administrative Law,Licensing,Karnataka,Gulbarga,Medium,4,10,4,137,3,2,52,Conditional
CASE01144,Anti-Corruption & Vigilance,Criminal Law,IPC-Criminal Breach of Trust,Gujarat,Ahmedabad,Medium,9,5,6,158,8,5,47,Conditional
CASE01145,Bail Applications,Criminal Law,IPC-Assault,Rajasthan,Kota,High,9,8,6,202,10,2,34.41,No
CASE01146,Tax Law (Direct & Indirect),Administrative Law,Taxation-Property,Karnataka,Hubli,High,4,1,8,328,4,3,10.4,No
CASE01147,Labour & Employment Disputes,Labour Law,Service-Promotion,Karnataka,Hubli,Low,7,2,3,217,8,3,78,Yes
CASE01148,Cyber Crime & IT Act,Criminal Law,Cyber Crime-Phishing,Tamil Nadu,Erode,Medium,6,9,9,42,2,5,25.75,No
CASE01149,Writ Petitions,Constitutional Law,Writ-Habeas Corpus,West Bengal,Durgapur,Low,3,2,5,381,6,2,32,No
CASE01150,Civil Suits,Civil Law,Torts-Motor Accident,Punjab,Bathinda,High,9,1,3,268,8,2,53,Conditional
CASE01151,Criminal Appeals,Criminal Law,IPC-Murder,Gujarat,Surat,Medium,7,1,7,329,5,4,47,Conditional
CASE01152,Civil Suits,Civil Law,Torts-Motor Accident,Delhi,Central Delhi,Medium,9,1,9,388,8,3,66.96,Yes
CASE01153,Bail Applications,Criminal Law,IPC-Murder,Karnataka,Hubli,Medium,4,10,8,387,1,6,28.08,No
CASE01154,Insurance Claims,Consumer Law,Torts-Motor Accident,Delhi,South Delhi,Medium,7,8,6,373,6,4,74.52,Yes
CASE01155,Criminal Appeals,Criminal Law,IPC-Murder,Kerala,Thiruvananthapuram,Medium,10,10,8,270,9,5,39.6,No
CASE01156,Property Disputes,Property Law,Lease-Commercial,Assam,Guwahati,High,10,1,6,118,10,6,47,Conditional
CASE01157,Civil Suits,Civil Law,Contract-Breach,Tamil Nadu,Tiruchirappalli,Low,7,5,3,257,1,4,93.73,Yes
CASE01158,Cyber Crime & IT Act,Criminal Law,IPC-Cheating,Bihar,Darbhanga,Medium,4,6,9,276,4,3,23.76,No
CASE01159,Insurance Claims,Consumer Law,Torts-Motor Accident,Maharashtra,Solapur,Low,9,2,6,114,5,4,92.4,Yes
CASE01160,Civil Suits,Civil Law,Contract-Breach,Punjab,Patiala,Medium,5,1,9,357,1,6,54,Conditional
CASE01161,Medical Negligence,Civil Law,Services-Health,Punjab,Chandigarh,Low,4,8,5,153,10,5,82,Yes
CASE01162,Bail Applications,Criminal Law,IPC-Assault,Haryana,Faridabad,Medium,4,4,4,150,4,6,32,No
CASE01163,Consumer Protection,Consumer Law,Products-Vehicles,Assam,Jorhat,Low,5,4,3,278,8,5,78,Yes
CASE01164,POCSO & Juvenile Justice,Criminal Law,IPC-Rape,Uttar Pradesh,Kanpur,Medium,3,1,3,148,4,5,30.36,No
CASE01165,Labour & Employment Disputes,Labour Law,Wages-Overtime,Kerala,Alappuzha,Medium,4,10,8,159,1,3,44,Conditional
CASE01166,NI Act / Cheque Bounce,Criminal Law,IPC-Cheating,West Bengal,Kolkata,Medium,10,1,6,301,6,6,57,Conditional
CASE01167,Criminal Appeals,Criminal Law,IPC-Hurt,Punjab,Bathinda,Low,7,9,6,123,4,6,64,Yes
CASE01168,Property Disputes,Property Law,Land-Encroachment,Maharashtra,Nashik,Low,2,3,6,53,3,3,69.3,Yes
CASE01169,Company / Insolvency (NCLT-NCLAT),Corporate Law,Insolvency,Uttar Pradesh,Lucknow,Medium,3,8,3,293,8,5,34.04,No
CASE01170,Environmental Law,Criminal Law,Environment-Forest,Gujarat,Jamnagar,Low,8,6,4,367,8,4,59,Conditional
CASE01171,Motor Accident Claims,Civil Law,Torts-Motor Accident,Delhi,East Delhi,Medium,5,5,3,140,5,6,68.04,Yes
CASE01172,Tax Law (Direct & Indirect),Administrative Law,Taxation-Property,Madhya Pradesh,Indore,Low,9,3,6,185,9,4,80,Yes
CASE01173,Property Disputes,Property Law,Mortgage-Dispute,Tamil Nadu,Tirunelveli,Medium,3,6,4,359,8,6,51.5,Conditional
CASE01174,Corporate & Commercial Law,Corporate Law,Director-Conflict,Rajasthan,Jaipur,Low,5,4,6,269,5,4,56.73,Conditional
CASE01175,Civil Suits,Civil Law,Property-Title,Uttar Pradesh,Noida,Low,10,7,5,155,1,5,89.24,Yes
CASE01176,Constitutional Law,Constitutional Law,Writ-Habeas Corpus,Bihar,Munger,Low,9,6,5,60,8,6,39.6,No
CASE01177,Writ Petitions,Constitutional Law,Writ-Quo Warranto,Gujarat,Ahmedabad,Medium,3,7,3,386,4,4,17,No
CASE01178,Human Rights & PIL,Constitutional Law,Fundamental Rights-Article 19,Tamil Nadu,Coimbatore,Low,5,5,9,342,6,4,22.66,No
CASE01179,Medical Negligence,Civil Law,Services-Health,Haryana,Gurugram,Low,4,7,3,162,1,2,80,Yes
CASE01180,Consumer Protection,Consumer Law,Services-Travel,Assam,Guwahati,Medium,10,3,4,161,2,4,77,Yes
CASE01181,Constitutional Law,Constitutional Law,Fundamental Rights-Article 14,Tamil Nadu,Erode,Medium,3,2,7,178,3,5,19.57,No
CASE01182,Medical Negligence,Civil Law,Torts-Medical Negligence,Madhya Pradesh,Bhopal,High,10,4,4,130,6,4,57,Conditional
CASE01183,Immigration & Passport Matters,Administrative Law,Licensing,West Bengal,Durgapur,Medium,4,5,5,351,2,2,42,Conditional
CASE01184,Constitutional Law,Constitutional Law,Fundamental Rights-Article 15,Maharashtra,Pune,High,8,1,6,256,7,5,6.3,No
CASE01185,NI Act / Cheque Bounce,Criminal Law,IPC-Cheating,West Bengal,Kolkata,Medium,6,5,3,174,10,6,47,Conditional
CASE01186,Constitutional Law,Constitutional Law,Fundamental Rights-Article 14,Assam,Guwahati,Medium,7,10,4,85,10,2,21,No
CASE01187,Medical Negligence,Civil Law,Services-Health,Uttar Pradesh,Lucknow,Medium,9,10,9,166,7,3,53.36,Conditional
CASE01188,POCSO & Juvenile Justice,Criminal Law,IPC-Rape,Karnataka,Davangere,High,10,8,7,220,8,3,33.28,No
CASE01189,Tax Law (Direct & Indirect),Administrative Law,Taxation-Property,Karnataka,Davangere,High,7,4,3,122,1,6,36.4,No
CASE01190,Banking & Debt Recovery,Corporate Law,Corporate-Fraud,Haryana,Hisar,Medium,10,9,4,149,3,4,63,Yes
CASE01191,Criminal Appeals,Criminal Law,IPC-Hurt,Rajasthan,Ajmer,Low,6,10,4,221,4,5,51.15,Conditional
CASE01192,Bail Applications,Criminal Law,IPC-Hurt,Kerala,Thrissur,Low,6,8,7,308,4,4,60.5,Yes
CASE01193,Corporate & Commercial Law,Corporate Law,Contract-Breach,Haryana,Panipat,Medium,1,10,5,279,4,4,37,No
CASE01194,Labour & Employment Disputes,Labour Law,Industrial-Retrenchment,Gujarat,Jamnagar,Medium,3,10,7,141,7,6,48,Conditional
CASE01195,Bail Applications,Criminal Law,IPC-Assault,Assam,Tinsukia,Medium,4,6,5,73,10,5,36,No
CASE01196,Anti-Corruption & Vigilance,Criminal Law,IPC-Criminal Breach of Trust,Madhya Pradesh,Sagar,Medium,4,1,8,120,5,2,26,No
CASE01197,Corporate & Commercial Law,Corporate Law,Director-Conflict,Haryana,Panipat,Medium,1,8,9,320,2,4,13,No
CASE01198,Company / Insolvency (NCLT-NCLAT),Corporate Law,Insolvency,Gujarat,Surat,Medium,3,5,4,316,4,3,37,No
CASE01199,Motor Accident Claims,Civil Law,Torts-Motor Accident,Bihar,Bhagalpur,Low,6,4,7,187,9,2,72.16,Yes
CASE01200,Medical Negligence,Civil Law,Services-Health,Punjab,Jalandhar,Medium,6,7,9,204,2,2,55,Conditional
CASE01201,Consumer Protection,Consumer Law,Products-Vehicles,Karnataka,Belgaum,Low,7,2,4,156,5,5,86.32,Yes
CASE01202,Writ Petitions,Constitutional Law,Writ-Mandamus,Tamil Nadu,Tirunelveli,High,10,6,8,169,2,2,4.12,No
CASE01203,Human Rights & PIL,Constitutional Law,PIL-Public Interest,Tamil Nadu,Tirunelveli,Medium,9,3,5,90,4,2,37.08,No
CASE01204,Medical Negligence,Civil Law,Services-Health,Madhya Pradesh,Ujjain,Medium,9,2,6,346,1,2,74,Yes
CASE01205,Consumer Protection,Consumer Law,Products-Vehicles,Kerala,Kollam,Low,5,1,7,340,7,4,85.8,Yes
CASE01206,Company / Insolvency (NCLT-NCLAT),Corporate Law,Oppression-Mismanagement,Haryana,Hisar,Medium,8,1,7,61,8,5,53,Conditional
CASE01207,Immigration & Passport Matters,Administrative Law,Licensing,Assam,Silchar,Medium,7,1,6,171,4,4,57,Conditional
CASE01208,Insurance Claims,Consumer Law,Services-Insurance,West Bengal,Hooghly,Low,10,3,5,373,3,6,95,Yes
CASE01209,Anti-Corruption & Vigilance,Criminal Law,IPC-Criminal Breach of Trust,Maharashtra,Solapur,Medium,8,9,7,351,6,5,50.4,Conditional
CASE01210,Criminal Appeals,Criminal Law,IPC-Murder,Madhya Pradesh,Gwalior,Medium,10,4,5,101,8,5,52,Conditional
CASE01211,Motor Accident Claims,Civil Law,Torts-Motor Accident,Kerala,Kozhikode,Low,9,5,7,51,9,5,100,Yes
CASE01212,Real Estate & RERA,Property Law,Lease-Commercial,West Bengal,Asansol,Medium,8,6,6,165,7,5,60,Yes
CASE01213,Civil Suits,Civil Law,Torts-Motor Accident,Gujarat,Bhavnagar,Low,7,9,5,261,4,3,87,Yes
CASE01214,Civil Suits,Civil Law,Contract-Breach,Haryana,Ambala,High,6,3,6,79,4,5,46,Conditional
CASE01215,Property Disputes,Property Law,Land-Encroachment,Assam,Jorhat,Medium,5,9,4,222,3,3,55,Conditional
CASE01216,Intellectual Property,Civil Law,Copyright,Bihar,Bhagalpur,High,7,2,9,318,6,4,34.32,No
CASE01217,Motor Accident Claims,Civil Law,Torts-Motor Accident,Assam,Nagaon,Low,4,9,5,213,4,3,73,Yes
CASE01218,Writ Petitions,Constitutional Law,Writ-Quo Warranto,Rajasthan,Bikaner,Medium,1,8,4,229,2,2,3.72,No
CASE01219,Human Rights & PIL,Constitutional Law,Fundamental Rights-Article 19,Delhi,East Delhi,High,3,9,5,187,5,5,0,No
CASE01220,Constitutional Law,Constitutional Law,Writ-Mandamus,Punjab,Patiala,Medium,9,9,4,316,6,3,27,No
CASE01221,Anti-Corruption & Vigilance,Criminal Law,IPC-Criminal Breach of Trust,West Bengal,Asansol,Medium,4,2,7,327,9,5,42,Conditional
CASE01222,Constitutional Law,Constitutional Law,Writ-Habeas Corpus,Madhya Pradesh,Ujjain,Low,10,8,3,347,6,3,49,Conditional
CASE01223,Environmental Law,Criminal Law,Environment-Pollution,Assam,Nagaon,High,2,9,7,351,5,5,12,No
CASE01224,Arbitration & Mediation,Corporate Law,Arbitration-Challenge,Maharashtra,Pune,Medium,1,2,7,154,5,4,32.55,No
CASE01225,Medical Negligence,Civil Law,Torts-Medical Negligence,Assam,Guwahati,Medium,3,1,4,102,4,4,61,Yes
CASE01226,Criminal Appeals,Criminal Law,IPC-Cheating,Tamil Nadu,Tirunelveli,Low,3,1,5,262,10,3,55.62,Conditional
CASE01227,Intellectual Property,Civil Law,Trade Mark,Tamil Nadu,Madurai,Low,5,3,9,270,9,5,63.86,Yes
CASE01228,Environmental Law,Criminal Law,Environment-Pollution,Haryana,Gurugram,Medium,2,8,4,184,2,3,29,No
CASE01229,Banking & Debt Recovery,Corporate Law,Contract-Breach,Uttar Pradesh,Noida,Medium,10,9,3,35,10,5,51.52,Conditional
CASE01230,Motor Accident Claims,Civil Law,Torts-Motor Accident,Bihar,Patna,Medium,9,8,9,137,9,4,50.16,Conditional
CASE01231,Property Disputes,Property Law,Land-Title,Gujarat,Vadodara,Medium,1,4,3,39,8,3,45,Conditional
CASE01232,Property Disputes,Property Law,Land-Boundary,Bihar,Muzaffarpur,High,9,2,9,118,10,6,30.8,No
CASE01233,Environmental Law,Criminal Law,Environment-Forest,Maharashtra,Thane,Medium,9,3,8,209,5,2,38.85,No
CASE01234,Banking & Debt Recovery,Corporate Law,Contract-Breach,West Bengal,Durgapur,High,9,4,6,162,5,4,38,No
CASE01235,Medical Negligence,Civil Law,Torts-Medical Negligence,Bihar,Gaya,Medium,5,1,3,173,6,6,53.68,Conditional
CASE01236,Banking & Debt Recovery,Corporate Law,Corporate-Fraud,Uttar Pradesh,Kanpur,Medium,9,10,6,154,8,3,55.2,Conditional
CASE01237,Banking & Debt Recovery,Corporate Law,Insolvency,Delhi,West Delhi,High,9,8,7,200,4,2,41.04,Conditional
CASE01238,Immigration & Passport Matters,Administrative Law,Service-Transfer,Bihar,Patna,High,6,4,8,256,3,6,20.24,No
CASE01239,Property Disputes,Property Law,Land-Title,Kerala,Kochi,Low,3,4,7,174,3,3,72.6,Yes
CASE01240,Insurance Claims,Consumer Law,Torts-Motor Accident,Delhi,Central Delhi,Medium,1,3,3,90,7,4,56.16,Conditional
CASE01241,Writ Petitions,Constitutional Law,Writ-Certiorari,Assam,Silchar,Low,7,6,9,163,2,6,31,No
CASE01242,Criminal Appeals,Criminal Law,IPC-Cheating,Karnataka,Gulbarga,Low,7,1,5,158,1,2,64.48,Yes
CASE01243,Immigration & Passport Matters,Administrative Law,Licensing,Bihar,Patna,High,10,6,8,98,10,5,30.8,No
CASE01244,Criminal Appeals,Criminal Law,IPC-Murder,Maharashtra,Navi Mumbai,High,5,5,4,387,1,4,16.8,No
CASE01245,Real Estate & RERA,Property Law,Lease-Commercial,Maharashtra,Thane,Medium,1,6,3,58,10,2,43.05,Conditional
CASE01246,Tax Law (Direct & Indirect),Administrative Law,Taxation-Property,Karnataka,Bangalore,Medium,9,7,5,312,4,4,60.32,Yes
CASE01247,Writ Petitions,Constitutional Law,Writ-Mandamus,Assam,Guwahati,Low,3,5,6,126,10,3,34,No
CASE01248,Tax Law (Direct & Indirect),Administrative Law,Taxation-Property,Tamil Nadu,Coimbatore,Medium,6,4,7,373,9,2,53.56,Conditional
CASE01249,Arbitration & Mediation,Corporate Law,Arbitration-Enforcement,Uttar Pradesh,Varanasi,Medium,4,1,4,192,7,3,38.64,No
CASE01250,Anti-Corruption & Vigilance,Criminal Law,IPC-Cheating,Tamil Nadu,Erode,Low,3,7,5,75,4,5,54.59,Conditional
CASE01251,Corporate & Commercial Law,Corporate Law,Shareholder-Issues,Karnataka,Davangere,Medium,4,10,9,94,2,6,29.12,No
CASE01252,Company / Insolvency (NCLT-NCLAT),Corporate Law,Insolvency,West Bengal,Hooghly,Medium,8,9,8,109,9,4,36,No
CASE01253,Anti-Corruption & Vigilance,Criminal Law,IPC-Criminal Breach of Trust,West Bengal,Kolkata,High,10,6,8,35,4,4,18,No
CASE01254,Writ Petitions,Constitutional Law,Writ-Mandamus,West Bengal,Howrah,High,8,1,3,227,8,4,14,No
CASE01255,Civil Suits,Civil Law,Torts-Motor Accident,Punjab,Chandigarh,High,1,10,8,121,10,5,14,No
CASE01256,Human Rights & PIL,Constitutional Law,Fundamental Rights-Article 19,Assam,Jorhat,High,2,7,9,251,2,3,0,No
CASE01257,Intellectual Property,Civil Law,Geographical Indication,Bihar,Munger,Medium,8,9,9,78,4,4,52.8,Conditional
CASE01258,Constitutional Law,Constitutional Law,Writ-Mandamus,Kerala,Thrissur,High,6,9,9,89,7,3,0,No
CASE01259,Anti-Corruption & Vigilance,Criminal Law,IPC-Criminal Breach of Trust,Kerala,Kollam,Medium,7,9,8,174,3,4,39.6,No
CASE01260,Insurance Claims,Consumer Law,Services-Insurance,Tamil Nadu,Vellore,Medium,7,10,4,298,1,2,66.95,Yes
CASE01261,Property Disputes,Property Law,Land-Title,Haryana,Rohtak,Medium,8,2,4,327,7,4,61,Yes
CASE01262,Labour & Employment Disputes,Labour Law,Industrial-Retrenchment,Rajasthan,Kota,Medium,5,8,5,306,1,5,51.15,Conditional
CASE01263,Corporate & Commercial Law,Corporate Law,Contract-Breach,Uttar Pradesh,Ghaziabad,Medium,10,7,8,364,9,6,44.16,Conditional
CASE01264,Environmental Law,Criminal Law,Environment-Pollution,Punjab,Bathinda,High,6,7,7,116,2,2,22,No
CASE01265,Consumer Protection,Consumer Law,Services-Health,Assam,Nagaon,High,3,5,6,140,10,3,38,No
CASE01266,Criminal Appeals,Criminal Law,IPC-Murder,Haryana,Gurugram,Low,8,2,4,197,8,6,64,Yes
CASE01267,Banking & Debt Recovery,Corporate Law,Corporate-Fraud,Rajasthan,Ajmer,Medium,6,2,3,354,4,4,48.36,Conditional
CASE01268,Intellectual Property,Civil Law,Patent,Uttar Pradesh,Meerut,Low,3,9,3,346,4,4,65.32,Yes
CASE01269,Real Estate & RERA,Property Law,Building-Construction,Assam,Jorhat,Low,5,8,9,158,1,3,60,Yes
CASE01270,Labour & Employment Disputes,Labour Law,Industrial-Layoff,Uttar Pradesh,Varanasi,High,1,2,3,251,8,3,25.76,No
CASE01271,Company / Insolvency (NCLT-NCLAT),Corporate Law,Oppression-Mismanagement,Kerala,Thrissur,Low,5,4,6,371,10,5,60.5,Yes
CASE01272,POCSO & Juvenile Justice,Criminal Law,IPC-Rape,Punjab,Amritsar,Medium,9,6,5,345,6,6,48,Conditional
CASE01273,NI Act / Cheque Bounce,Criminal Law,IPC-Cheating,Gujarat,Bhavnagar,Low,6,1,8,391,3,5,42,Conditional
CASE01274,Family Disputes,Family Law,Domestic Violence-Physical,Punjab,Jalandhar,Low,1,10,4,88,7,2,69,Yes
CASE01275,Arbitration & Mediation,Corporate Law,Arbitration-International,Maharashtra,Pune,Low,9,5,6,226,8,3,75.6,Yes
CASE01276,NI Act / Cheque Bounce,Criminal Law,IPC-Criminal Breach of Trust,Punjab,Bathinda,High,1,3,6,290,1,4,7,No
CASE01277,Banking & Debt Recovery,Corporate Law,Contract-Breach,Kerala,Kozhikode,Medium,5,5,8,233,8,4,31.9,No
CASE01278,Environmental Law,Criminal Law,Environment-Pollution,Delhi,North Delhi,Medium,10,9,5,134,7,5,63.72,Yes
CASE01279,Environmental Law,Criminal Law,Environment-Forest,Maharashtra,Mumbai,Medium,3,2,4,345,5,3,32.55,No
CASE01280,Writ Petitions,Constitutional Law,Writ-Mandamus,Haryana,Hisar,Low,3,5,9,293,6,2,9,No
CASE01281,Anti-Corruption & Vigilance,Criminal Law,IPC-Criminal Breach of Trust,Punjab,Jalandhar,Medium,5,8,4,259,8,4,45,Conditional
CASE01282,Medical Negligence,Civil Law,Torts-Medical Negligence,Haryana,Rohtak,Medium,4,9,5,192,4,2,60,Yes
CASE01283,Real Estate & RERA,Property Law,Building-Construction,West Bengal,Howrah,Low,4,1,6,375,9,3,65,Yes
CASE01284,Medical Negligence,Civil Law,Torts-Medical Negligence,West Bengal,Howrah,Medium,10,6,5,59,6,2,81,Yes
CASE01285,Banking & Debt Recovery,Corporate Law,Insolvency,West Bengal,Howrah,High,4,7,8,277,5,5,3,No
CASE01286,Criminal Appeals,Criminal Law,IPC-Murder,Haryana,Faridabad,Medium,6,6,4,44,4,3,45,Conditional
CASE01287,NI Act / Cheque Bounce,Criminal Law,IPC-Criminal Breach of Trust,West Bengal,Asansol,Medium,1,1,3,116,4,6,31,No
CASE01288,Medical Negligence,Civil Law,Services-Health,Bihar,Darbhanga,Medium,8,5,6,329,7,4,68.64,Yes
CASE01289,Immigration & Passport Matters,Administrative Law,Licensing,Punjab,Ludhiana,Low,7,2,5,58,3,3,70,Yes
CASE01290,Labour & Employment Disputes,Labour Law,Industrial-Retrenchment,Kerala,Kollam,High,3,8,9,39,7,3,16.5,No
CASE01291,Medical Negligence,Civil Law,Services-Health,Haryana,Gurugram,Medium,3,8,7,195,3,6,61,Yes
CASE01292,Immigration & Passport Matters,Administrative Law,Licensing,Rajasthan,Udaipur,High,5,2,9,145,6,3,11.16,No
CASE01293,Medical Negligence,Civil Law,Services-Health,Karnataka,Davangere,Medium,3,6,9,103,5,6,40.56,Conditional
CASE01294,Arbitration & Mediation,Corporate Law,Arbitration-International,Haryana,Faridabad,Medium,9,4,4,206,1,5,62,Yes
CASE01295,Civil Suits,Civil Law,Contract-Breach,Madhya Pradesh,Bhopal,Low,10,3,8,135,5,2,80,Yes
CASE01296,Insurance Claims,Consumer Law,Services-Insurance,Rajasthan,Udaipur,Low,8,1,6,327,7,3,81.84,Yes
CASE01297,Medical Negligence,Civil Law,Services-Health,Delhi,East Delhi,Medium,8,10,8,48,2,6,68.04,Yes
CASE01298,Real Estate & RERA,Property Law,Building-Construction,Tamil Nadu,Tiruchirappalli,Medium,1,6,6,94,10,5,41.2,Conditional
CASE01299,Family Disputes,Family Law,Maintenance-Spousal,Maharashtra,Mumbai,High,8,4,4,201,10,3,63,Yes
CASE01300,Tax Law (Direct & Indirect),Administrative Law,Taxation-Service,Punjab,Ludhiana,Medium,3,9,4,241,7,3,49,Conditional
CASE01301,Real Estate & RERA,Property Law,Housing-Society,Haryana,Panipat,Medium,10,6,9,195,2,6,55,Conditional
CASE01302,Property Disputes,Property Law,Housing-Society,Delhi,East Delhi,Low,4,10,7,399,3,3,69.12,Yes
CASE01303,Motor Accident Claims,Civil Law,Torts-Motor Accident,Maharashtra,Solapur,High,9,1,5,202,9,4,60.9,Yes
CASE01304,Labour & Employment Disputes,Labour Law,Termination-Retirement,Kerala,Alappuzha,High,9,7,7,383,3,2,56.1,Conditional
CASE01305,Corporate & Commercial Law,Corporate Law,Arbitration-Challenge,Maharashtra,Amravati,Low,5,10,3,197,3,3,65.1,Yes
CASE01306,Tax Law (Direct & Indirect),Administrative Law,Taxation-Property,West Bengal,Durgapur,High,2,3,5,344,7,5,16,No
CASE01307,Tax Law (Direct & Indirect),Administrative Law,Taxation-Property,Haryana,Ambala,High,4,9,3,80,9,2,29,No
CASE01308,Cyber Crime & IT Act,Criminal Law,Cyber Crime-Phishing,Madhya Pradesh,Ujjain,High,7,4,5,99,1,4,29,No
CASE01309,POCSO & Juvenile Justice,Criminal Law,IPC-Rape,Maharashtra,Aurangabad,Low,4,1,7,348,5,3,50.4,Conditional
CASE01310,Tax Law (Direct & Indirect),Administrative Law,Taxation-Property,Assam,Jorhat,Medium,10,5,5,232,10,4,64,Yes
CASE01311,Arbitration & Mediation,Corporate Law,Arbitration-Challenge,Rajasthan,Udaipur,Medium,6,6,8,32,3,4,31.62,No
CASE01312,Real Estate & RERA,Property Law,Building-Construction,Bihar,Gaya,Medium,4,5,6,399,9,3,43.12,Conditional
CASE01313,POCSO & Juvenile Justice,Criminal Law,IPC-Acid Attack,Tamil Nadu,Chennai,Low,5,6,7,112,4,5,52.53,Conditional
CASE01314,Banking & Debt Recovery,Corporate Law,Insolvency,Punjab,Chandigarh,Low,7,3,7,225,6,6,69,Yes
CASE01315,Consumer Protection,Consumer Law,Services-Health,Assam,Guwahati,Medium,3,8,8,45,2,5,35,No
CASE01316,Human Rights & PIL,Constitutional Law,Fundamental Rights-Article 19,Maharashtra,Thane,High,1,2,8,56,3,6,0,No
CASE01317,Consumer Protection,Consumer Law,Practices-Misleading Ads,Rajasthan,Bikaner,Medium,6,10,7,355,7,4,63.24,Yes
CASE01318,Constitutional Law,Constitutional Law,Fundamental Rights-Article 14,Gujarat,Surat,High,9,7,5,386,6,3,10,No
CASE01319,Company / Insolvency (NCLT-NCLAT),Corporate Law,Arbitration-Enforcement,Delhi,North Delhi,Low,7,1,5,85,7,2,73.44,Yes
CASE01320,Family Disputes,Family Law,Divorce-Mutual Consent,Karnataka,Mysore,Medium,6,7,9,278,7,3,56.16,Conditional
CASE01321,Insurance Claims,Consumer Law,Torts-Motor Accident,Assam,Guwahati,Medium,8,1,4,83,8,4,64,Yes
CASE01322,NI Act / Cheque Bounce,Criminal Law,IPC-Cheating,Madhya Pradesh,Ujjain,High,2,2,9,127,7,3,1,No
CASE01323,Real Estate & RERA,Property Law,Building-Construction,Assam,Jorhat,Low,8,2,4,320,5,2,80,Yes
CASE01324,Anti-Corruption & Vigilance,Criminal Law,IPC-Cheating,Karnataka,Belgaum,Low,5,1,5,210,2,4,61.36,Yes
CASE01325,Company / Insolvency (NCLT-NCLAT),Corporate Law,Arbitration-Enforcement,Delhi,West Delhi,Low,10,2,4,342,4,3,78.84,Yes
CASE01326,Labour & Employment Disputes,Labour Law,Termination-Retirement,Uttar Pradesh,Meerut,Medium,2,5,8,85,7,3,32.2,No
CASE01327,Family Disputes,Family Law,Domestic Violence-Physical,Bihar,Patna,Low,7,4,9,119,4,6,66,Yes
CASE01328,Labour & Employment Disputes,Labour Law,Wages-Minimum,Delhi,East Delhi,Medium,6,2,9,94,4,3,49.68,Conditional
CASE01329,Intellectual Property,Civil Law,Trade Mark,Kerala,Thiruvananthapuram,Low,4,2,8,176,10,4,62.7,Yes
CASE01330,Banking & Debt Recovery,Corporate Law,Insolvency,Punjab,Jalandhar,Medium,9,6,6,260,4,5,53,Conditional
CASE01331,Corporate & Commercial Law,Corporate Law,Shareholder-Issues,Kerala,Kollam,Medium,3,6,6,206,6,6,45.1,Conditional
CASE01332,Property Disputes,Property Law,Lease-Commercial,Uttar Pradesh,Meerut,Medium,8,2,5,334,4,6,56.12,Conditional
CASE01333,Family Disputes,Family Law,Maintenance-Spousal,Tamil Nadu,Tiruchirappalli,Medium,9,6,8,266,10,2,71.07,Yes
CASE01334,Human Rights & PIL,Constitutional Law,PIL-Public Interest,Assam,Dibrugarh,Low,9,9,6,261,3,2,43,Conditional
CASE01335,Consumer Protection,Consumer Law,Products-Vehicles,Gujarat,Vadodara,Medium,8,1,9,316,1,5,50,Conditional
CASE01336,Environmental Law,Criminal Law,Environment-Pollution,Kerala,Kozhikode,Low,9,4,3,106,8,4,77,Yes
CASE01337,Property Disputes,Property Law,Land-Boundary,Tamil Nadu,Chennai,Medium,5,7,4,350,7,3,57.68,Conditional
CASE01338,Company / Insolvency (NCLT-NCLAT),Corporate Law,Insolvency,Madhya Pradesh,Sagar,Medium,5,4,5,282,2,3,40,Conditional
CASE01339,Bail Applications,Criminal Law,IPC-Hurt,Kerala,Kochi,High,1,3,3,265,5,4,12.1,No
CASE01340,Environmental Law,Criminal Law,Environment-Pollution,Madhya Pradesh,Indore,Low,8,7,3,255,10,5,62,Yes
CASE01341,Cyber Crime & IT Act,Criminal Law,Cyber Crime-Hacking,Kerala,Thrissur,High,10,3,5,89,10,3,38.5,No
CASE01342,Company / Insolvency (NCLT-NCLAT),Corporate Law,Oppression-Mismanagement,Rajasthan,Jodhpur,Low,8,4,4,112,9,6,61.38,Yes
CASE01343,POCSO & Juvenile Justice,Criminal Law,IPC-Gang Rape,Tamil Nadu,Coimbatore,Medium,10,4,7,133,6,5,54.59,Conditional
CASE01344,Labour & Employment Disputes,Labour Law,Industrial-Retrenchment,Bihar,Darbhanga,Low,6,6,6,237,2,5,59.84,Conditional
CASE01345,Corporate & Commercial Law,Corporate Law,Arbitration-Enforcement,Rajasthan,Jaipur,High,3,5,9,266,2,4,5.58,No
CASE01346,Family Disputes,Family Law,Maintenance-Spousal,Uttar Pradesh,Kanpur,Medium,9,5,6,76,5,5,74.52,Yes
CASE01347,Intellectual Property,Civil Law,Design,Gujarat,Vadodara,Medium,6,6,6,130,6,2,63,Yes
CASE01348,Property Disputes,Property Law,Mortgage-Dispute,Tamil Nadu,Tiruchirappalli,Low,7,2,6,364,6,4,76.22,Yes
CASE01349,Immigration & Passport Matters,Administrative Law,Licensing,Rajasthan,Udaipur,Low,7,7,5,192,5,5,70.68,Yes
CASE01350,Real Estate & RERA,Property Law,Building-Construction,Assam,Jorhat,Medium,8,6,7,370,6,5,61,Yes
CASE01351,Insurance Claims,Consumer Law,Services-Insurance,Punjab,Patiala,High,10,4,3,142,7,3,58,Conditional
CASE01352,Bail Applications,Criminal Law,IPC-Hurt,Delhi,West Delhi,Low,1,5,7,160,10,4,41.04,Conditional
CASE01353,Civil Suits,Civil Law,Contract-Breach,West Bengal,Howrah,Low,9,6,3,68,1,4,93,Yes
CASE01354,Constitutional Law,Constitutional Law,Fundamental Rights-Article 15,Delhi,Central Delhi,Low,7,7,4,248,4,3,45.36,Conditional
CASE01355,Writ Petitions,Constitutional Law,Writ-Certiorari,Punjab,Jalandhar,Medium,10,1,9,226,5,3,18,No
CASE01356,Medical Negligence,Civil Law,Services-Health,Tamil Nadu,Salem,Medium,10,7,7,334,8,4,81.37,Yes
CASE01357,Intellectual Property,Civil Law,Trade Mark,Tamil Nadu,Vellore,Low,3,8,5,113,4,5,81.37,Yes
CASE01358,Immigration & Passport Matters,Administrative Law,Service-Transfer,Maharashtra,Amravati,Medium,1,10,6,372,10,6,34.65,No
CASE01359,Company / Insolvency (NCLT-NCLAT),Corporate Law,Oppression-Mismanagement,Karnataka,Mangalore,Low,4,6,4,235,6,2,64.48,Yes
CASE01360,Insurance Claims,Consumer Law,Torts-Motor Accident,Maharashtra,Nashik,Medium,7,9,5,239,7,4,66.15,Yes
CASE01361,Family Disputes,Family Law,Child Custody-Physical,Delhi,Central Delhi,Medium,7,5,5,399,4,3,87.48,Yes
CASE01362,Real Estate & RERA,Property Law,Housing-Society,Uttar Pradesh,Agra,Medium,5,1,3,341,7,5,49.68,Conditional
CASE01363,Environmental Law,Criminal Law,Environment-Forest,Punjab,Amritsar,Medium,5,3,5,200,1,2,44,Conditional
CASE01364,Insurance Claims,Consumer Law,Services-Insurance,Kerala,Kochi,High,6,4,7,236,7,6,48.4,Conditional
CASE01365,NI Act / Cheque Bounce,Criminal Law,IPC-Criminal Breach of Trust,Punjab,Amritsar,Low,3,7,3,223,1,6,53,Conditional
CASE01366,Criminal Appeals,Criminal Law,IPC-Hurt,Madhya Pradesh,Indore,Medium,4,7,9,203,3,5,20,No
CASE01367,Tax Law (Direct & Indirect),Administrative Law,Taxation-Professional,Gujarat,Rajkot,Medium,6,1,8,69,2,2,43,Conditional
CASE01368,Labour & Employment Disputes,Labour Law,Wages-Overtime,Rajasthan,Bikaner,Medium,6,1,3,146,8,5,51.15,Conditional
CASE01369,Bail Applications,Criminal Law,IPC-Murder,Madhya Pradesh,Jabalpur,Medium,7,6,9,165,5,4,32,No
CASE01370,Company / Insolvency (NCLT-NCLAT),Corporate Law,Insolvency,Bihar,Bhagalpur,Medium,1,4,9,280,8,4,17.6,No
CASE01371,NI Act / Cheque Bounce,Criminal Law,IPC-Criminal Breach of Trust,Punjab,Ludhiana,Low,3,6,3,160,5,4,52,Conditional
CASE01372,Real Estate & RERA,Property Law,Lease-Residential,Punjab,Bathinda,Low,7,6,4,204,1,4,75,Yes
CASE01373,POCSO & Juvenile Justice,Criminal Law,IPC-Gang Rape,Punjab,Amritsar,Medium,6,5,3,165,6,5,42,Conditional
CASE01374,Anti-Corruption & Vigilance,Criminal Law,IPC-Cheating,Karnataka,Bangalore,High,10,8,3,31,8,2,38.48,No
CASE01375,Company / Insolvency (NCLT-NCLAT),Corporate Law,Arbitration-Enforcement,Gujarat,Surat,High,6,1,4,392,10,4,27,No
CASE01376,Immigration & Passport Matters,Administrative Law,Service-Transfer,Maharashtra,Pune,Medium,4,3,9,99,6,3,30.45,No
CASE01377,Writ Petitions,Constitutional Law,Writ-Prohibition,Madhya Pradesh,Gwalior,Low,7,3,7,63,1,3,42,Conditional
CASE01378,Real Estate & RERA,Property Law,Lease-Commercial,Uttar Pradesh,Meerut,High,6,3,9,34,4,6,21.16,No
CASE01379,Corporate & Commercial Law,Corporate Law,Contract-Breach,Maharashtra,Nagpur,High,9,4,3,303,10,6,34.65,No
CASE01380,Property Disputes,Property Law,Land-Encroachment,Madhya Pradesh,Jabalpur,Low,5,8,9,48,9,2,53,Conditional
CASE01381,Tax Law (Direct & Indirect),Administrative Law,Taxation-Property,Uttar Pradesh,Lucknow,Medium,6,5,5,93,9,6,48.76,Conditional
CASE01382,Cyber Crime & IT Act,Criminal Law,Cyber Crime-Phishing,Assam,Silchar,Low,5,10,5,115,5,2,58,Conditional
CASE01383,Environmental Law,Criminal Law,Environment-Forest,Punjab,Patiala,Low,8,4,5,34,8,6,69,Yes
CASE01384,Bail Applications,Criminal Law,IPC-Murder,Punjab,Amritsar,Medium,5,3,5,242,7,3,45,Conditional
CASE01385,Anti-Corruption & Vigilance,Criminal Law,IPC-Criminal Breach of Trust,Uttar Pradesh,Lucknow,Low,1,10,7,229,6,3,43.24,Conditional
CASE01386,Labour & Employment Disputes,Labour Law,Termination-Retirement,Madhya Pradesh,Sagar,Medium,5,3,5,72,4,3,60,Yes
CASE01387,NI Act / Cheque Bounce,Criminal Law,IPC-Cheating,Uttar Pradesh,Varanasi,Medium,10,2,6,57,2,2,49.68,Conditional
CASE01388,Family Disputes,Family Law,Divorce-Mutual Consent,Uttar Pradesh,Ghaziabad,Medium,1,3,8,351,1,3,44.16,Conditional
CASE01389,Intellectual Property,Civil Law,Copyright,Karnataka,Hubli,Medium,7,4,4,376,1,2,78,Yes
CASE01390,Corporate & Commercial Law,Corporate Law,Contract-Breach,Karnataka,Mysore,Low,2,8,4,385,5,3,52,Conditional
CASE01391,Family Disputes,Family Law,Divorce-Contested,Tamil Nadu,Chennai,High,1,10,6,109,9,6,43.26,Conditional
CASE01392,Criminal Appeals,Criminal Law,IPC-Hurt,Tamil Nadu,Madurai,Medium,7,5,8,67,7,2,36.05,No
CASE01393,Human Rights & PIL,Constitutional Law,Fundamental Rights-Article 21,Rajasthan,Bikaner,Medium,8,8,4,159,8,2,24.18,No
CASE01394,Corporate & Commercial Law,Corporate Law,Director-Conflict,Assam,Nagaon,Low,4,6,7,261,8,6,61,Yes
CASE01395,Immigration & Passport Matters,Administrative Law,Service-Transfer,West Bengal,Siliguri,Low,3,5,6,142,7,4,58,Conditional
CASE01396,Company / Insolvency (NCLT-NCLAT),Corporate Law,Arbitration-Enforcement,Haryana,Rohtak,Medium,10,3,5,53,3,4,62,Yes
CASE01397,Medical Negligence,Civil Law,Services-Health,West Bengal,Asansol,Medium,10,8,8,273,7,4,65,Yes
CASE01398,Anti-Corruption & Vigilance,Criminal Law,IPC-Criminal Breach of Trust,Uttar Pradesh,Varanasi,Low,5,2,8,272,4,4,32.2,No
CASE01399,Corporate & Commercial Law,Corporate Law,Director-Conflict,West Bengal,Durgapur,Medium,5,8,4,305,5,3,47,Conditional
CASE01400,Corporate & Commercial Law,Corporate Law,Arbitration-Enforcement,Uttar Pradesh,Lucknow,Medium,7,5,5,330,6,3,49.68,Conditional
CASE01401,Motor Accident Claims,Civil Law,Torts-Motor Accident,Delhi,West Delhi,Low,10,3,7,186,8,5,99.36,Yes
CASE01402,POCSO & Juvenile Justice,Criminal Law,IPC-Rape,Uttar Pradesh,Kanpur,Low,2,1,6,195,5,3,40.48,Conditional
CASE01403,Medical Negligence,Civil Law,Torts-Medical Negligence,Rajasthan,Kota,Low,4,4,9,335,5,6,54.87,Conditional
CASE01404,Human Rights & PIL,Constitutional Law,Fundamental Rights-Article 14,Bihar,Gaya,Medium,1,6,3,35,10,5,8.8,No
CASE01405,Intellectual Property,Civil Law,Design,Punjab,Jalandhar,Medium,10,1,3,213,2,4,82,Yes
CASE01406,Arbitration & Mediation,Corporate Law,Arbitration-Appointment,Tamil Nadu,Madurai,Medium,5,7,5,173,1,6,48.41,Conditional
CASE01407,Intellectual Property,Civil Law,Trade Mark,Uttar Pradesh,Meerut,Medium,5,7,9,233,8,6,45.08,Conditional
CASE01408,Arbitration & Mediation,Corporate Law,Arbitration-Enforcement,Kerala,Alappuzha,Low,10,6,8,245,2,5,67.1,Yes
CASE01409,Banking & Debt Recovery,Corporate Law,Corporate-Fraud,West Bengal,Asansol,Medium,9,8,6,98,8,2,62,Yes
CASE01410,Labour & Employment Disputes,Labour Law,Wages-Overtime,Punjab,Jalandhar,Medium,2,3,6,370,4,2,43,Conditional
CASE01411,Banking & Debt Recovery,Corporate Law,Contract-Breach,Delhi,Central Delhi,Medium,9,7,4,68,10,4,56.16,Conditional
CASE01412,Labour & Employment Disputes,Labour Law,Industrial-Retrenchment,West Bengal,Howrah,Low,4,5,7,111,6,5,69,Yes
CASE01413,Anti-Corruption & Vigilance,Criminal Law,IPC-Cheating,Bihar,Darbhanga,Medium,9,7,8,72,1,3,28.16,No
CASE01414,Anti-Corruption & Vigilance,Criminal Law,IPC-Cheating,Tamil Nadu,Salem,Medium,7,10,9,125,6,2,32.96,No
CASE01415,Property Disputes,Property Law,Land-Encroachment,Tamil Nadu,Salem,Low,6,5,6,281,7,4,75.19,Yes
CASE01416,Human Rights & PIL,Constitutional Law,Fundamental Rights-Article 21,Kerala,Thiruvananthapuram,Low,10,9,8,214,1,2,38.5,No
CASE01417,Family Disputes,Family Law,Child Custody-Physical,Haryana,Panipat,Medium,3,8,8,144,5,2,51,Conditional
CASE01418,Banking & Debt Recovery,Corporate Law,Insolvency,Uttar Pradesh,Noida,Medium,10,5,7,268,10,2,53.36,Conditional
CASE01419,Tax Law (Direct & Indirect),Administrative Law,Taxation-Service,West Bengal,Hooghly,High,5,9,4,307,6,2,27,No
CASE01420,Property Disputes,Property Law,Housing-Society,Tamil Nadu,Erode,Low,5,10,9,319,8,4,58.71,Conditional
CASE01421,Constitutional Law,Constitutional Law,Fundamental Rights-Article 14,Bihar,Darbhanga,Low,3,8,9,298,4,4,7.92,No
CASE01422,Insurance Claims,Consumer Law,Torts-Motor Accident,Tamil Nadu,Vellore,Medium,2,2,7,341,6,2,50.47,Conditional
CASE01423,Labour & Employment Disputes,Labour Law,Wages-Overtime,Uttar Pradesh,Ghaziabad,Medium,2,7,7,354,8,6,42.32,Conditional
CASE01424,Immigration & Passport Matters,Administrative Law,Service-Transfer,Punjab,Chandigarh,Medium,9,8,3,99,4,2,61,Yes
CASE01425,POCSO & Juvenile Justice,Criminal Law,IPC-Rape,Rajasthan,Udaipur,Low,2,9,6,185,9,3,45.57,Conditional
CASE01426,Intellectual Property,Civil Law,Design,Gujarat,Vadodara,Low,5,3,6,283,4,6,82,Yes
CASE01427,Real Estate & RERA,Property Law,Lease-Commercial,Uttar Pradesh,Allahabad,Low,1,2,7,58,3,4,49.68,Conditional
CASE01428,Civil Suits,Civil Law,Torts-Motor Accident,Madhya Pradesh,Jabalpur,Medium,6,9,6,179,5,6,72,Yes
CASE01429,Arbitration & Mediation,Corporate Law,Arbitration-Challenge,Tamil Nadu,Salem,Medium,5,10,7,376,7,6,49.44,Conditional
CASE01430,Motor Accident Claims,Civil Law,Torts-Motor Accident,Madhya Pradesh,Indore,Low,1,8,7,346,8,4,66,Yes
CASE01431,Consumer Protection,Consumer Law,Products-Vehicles,Delhi,South Delhi,Medium,7,5,5,262,2,6,65.88,Yes
CASE01432,Writ Petitions,Constitutional Law,Writ-Prohibition,Rajasthan,Udaipur,Medium,6,4,7,254,1,4,25.11,No
CASE01433,Arbitration & Mediation,Corporate Law,Arbitration-Enforcement,Uttar Pradesh,Ghaziabad,Medium,1,4,7,132,4,6,34.04,No
CASE01434,Consumer Protection,Consumer Law,Products-Vehicles,Madhya Pradesh,Jabalpur,Medium,3,6,6,224,5,3,54,Conditional
CASE01435,Company / Insolvency (NCLT-NCLAT),Corporate Law,Insolvency,Bihar,Muzaffarpur,Medium,5,8,5,248,1,2,43.12,Conditional
CASE01436,Family Disputes,Family Law,Divorce-Mutual Consent,Tamil Nadu,Madurai,Medium,7,1,5,354,3,3,75.19,Yes
CASE01437,Family Disputes,Family Law,Child Custody-Physical,Tamil Nadu,Coimbatore,Low,4,8,4,113,8,3,84.46,Yes
CASE01438,Human Rights & PIL,Constitutional Law,Fundamental Rights-Article 15,Maharashtra,Nagpur,Medium,6,1,3,360,3,6,28.35,No
CASE01439,Bail Applications,Criminal Law,IPC-Murder,Tamil Nadu,Coimbatore,Medium,7,1,6,70,9,4,51.5,Conditional
CASE01440,Civil Suits,Civil Law,Property-Title,Rajasthan,Udaipur,Low,1,3,6,63,7,6,60.45,Yes
CASE01441,Anti-Corruption & Vigilance,Criminal Law,IPC-Cheating,Karnataka,Hubli,Low,5,7,3,288,10,3,52,Conditional
CASE01442,Banking & Debt Recovery,Corporate Law,Contract-Breach,Haryana,Panipat,Medium,2,7,6,256,1,3,36,No
CASE01443,Company / Insolvency (NCLT-NCLAT),Corporate Law,Insolvency,Punjab,Amritsar,Low,7,4,9,232,7,6,56,Conditional
CASE01444,Environmental Law,Criminal Law,Environment-Pollution,Punjab,Chandigarh,Low,6,3,4,233,7,6,61,Yes
CASE01445,Medical Negligence,Civil Law,Torts-Medical Negligence,Assam,Dibrugarh,Medium,8,8,9,382,5,2,63,Yes
CASE01446,Civil Suits,Civil Law,Property-Title,Delhi,New Delhi,Medium,6,8,6,103,6,6,78.84,Yes
CASE01447,Arbitration & Mediation,Corporate Law,Arbitration-International,Uttar Pradesh,Varanasi,High,6,5,6,244,8,4,28.52,No
CASE01448,Consumer Protection,Consumer Law,Products-Electronic,Karnataka,Hubli,Medium,2,10,5,384,1,4,50.96,Conditional
CASE01449,Consumer Protection,Consumer Law,Services-Health,Punjab,Bathinda,Low,8,5,5,392,4,3,81,Yes
CASE01450,Anti-Corruption & Vigilance,Criminal Law,IPC-Cheating,Gujarat,Bhavnagar,Medium,2,4,4,180,3,2,35,No
CASE01451,Property Disputes,Property Law,Land-Boundary,Haryana,Faridabad,High,9,5,7,198,9,5,52,Conditional
CASE01452,POCSO & Juvenile Justice,Criminal Law,IPC-Acid Attack,West Bengal,Siliguri,Medium,4,2,9,102,10,4,21,No
CASE01453,Cyber Crime & IT Act,Criminal Law,Cyber Crime-Hacking,West Bengal,Durgapur,Low,7,2,7,135,4,4,56,Conditional
CASE01454,Cyber Crime & IT Act,Criminal Law,Cyber Crime-Hacking,Tamil Nadu,Vellore,Medium,4,3,9,328,2,6,27.81,No
CASE01455,Arbitration & Mediation,Corporate Law,Arbitration-Enforcement,Haryana,Panipat,High,4,2,4,272,3,4,22,No
CASE01456,Bail Applications,Criminal Law,IPC-Hurt,Madhya Pradesh,Sagar,Low,7,3,3,190,4,4,57,Conditional
CASE01457,Labour & Employment Disputes,Labour Law,Termination-Retirement,Uttar Pradesh,Allahabad,Medium,7,4,9,47,10,5,45.08,Conditional
CASE01458,Tax Law (Direct & Indirect),Administrative Law,Taxation-Service,Maharashtra,Amravati,High,4,2,9,260,4,3,9.45,No
CASE01459,Motor Accident Claims,Civil Law,Torts-Motor Accident,Tamil Nadu,Madurai,Low,7,7,4,122,10,5,83.43,Yes
CASE01460,Writ Petitions,Constitutional Law,Writ-Quo Warranto,Gujarat,Bhavnagar,High,5,6,5,202,4,6,0,No
CASE01461,Consumer Protection,Consumer Law,Products-Electronic,Punjab,Jalandhar,Medium,3,3,7,399,10,3,57,Conditional
CASE01462,POCSO & Juvenile Justice,Criminal Law,IPC-Acid Attack,Kerala,Kollam,Medium,10,4,4,259,4,5,64.9,Yes
CASE01463,Intellectual Property,Civil Law,Patent,Uttar Pradesh,Noida,Medium,3,4,6,198,4,3,52.44,Conditional
CASE01464,Anti-Corruption & Vigilance,Criminal Law,IPC-Cheating,Haryana,Ambala,Medium,6,1,8,126,3,5,33,No
CASE01465,Writ Petitions,Constitutional Law,Writ-Quo Warranto,Bihar,Darbhanga,Medium,6,3,5,242,7,4,19.36,No
CASE01466,Company / Insolvency (NCLT-NCLAT),Corporate Law,Insolvency,West Bengal,Durgapur,Medium,5,8,9,81,1,5,30,No
CASE01467,Family Disputes,Family Law,Divorce-Contested,Kerala,Thiruvananthapuram,Medium,3,7,4,213,4,3,75.9,Yes
CASE01468,Arbitration & Mediation,Corporate Law,Arbitration-Enforcement,Uttar Pradesh,Ghaziabad,Low,3,5,7,315,1,4,48.76,Conditional
CASE01469,Cyber Crime & IT Act,Criminal Law,Cyber Crime-Phishing,Tamil Nadu,Chennai,Medium,4,1,4,65,10,3,39.14,No
CASE01470,Company / Insolvency (NCLT-NCLAT),Corporate Law,Arbitration-Enforcement,Uttar Pradesh,Noida,Medium,5,2,5,176,8,6,36.8,No
CASE01471,Human Rights & PIL,Constitutional Law,PIL-Public Interest,Rajasthan,Udaipur,Low,4,4,6,400,8,5,30.69,No
CASE01472,Intellectual Property,Civil Law,Design,Uttar Pradesh,Agra,Medium,8,10,6,386,4,4,70.84,Yes
CASE01473,Immigration & Passport Matters,Administrative Law,Service-Transfer,Punjab,Bathinda,Medium,3,2,3,333,8,5,45,Conditional
CASE01474,Cyber Crime & IT Act,Criminal Law,Cyber Crime-Cyber Stalking,Tamil Nadu,Tiruchirappalli,Medium,5,1,4,334,5,2,38.11,No
CASE01475,Immigration & Passport Matters,Administrative Law,Licensing,Madhya Pradesh,Gwalior,High,4,4,7,310,4,4,29,No
CASE01476,Banking & Debt Recovery,Corporate Law,Corporate-Fraud,Karnataka,Mangalore,Medium,3,7,7,312,7,2,39.52,No
CASE01477,Human Rights & PIL,Constitutional Law,Fundamental Rights-Article 15,Maharashtra,Thane,High,10,8,9,106,5,3,0,No
CASE01478,POCSO & Juvenile Justice,Criminal Law,IPC-Acid Attack,Kerala,Kochi,Medium,2,9,3,278,3,3,36.3,No
CASE01479,Real Estate & RERA,Property Law,Lease-Residential,Maharashtra,Pune,Medium,5,6,9,212,8,4,40.95,Conditional
CASE01480,Arbitration & Mediation,Corporate Law,Arbitration-Challenge,Karnataka,Mysore,High,5,2,3,343,3,3,29.12,No
CASE01481,Real Estate & RERA,Property Law,Lease-Commercial,West Bengal,Siliguri,Medium,10,4,7,292,3,6,68,Yes
CASE01482,Property Disputes,Property Law,Land-Boundary,Tamil Nadu,Chennai,Low,5,6,4,292,2,3,67.98,Yes
CASE01483,Property Disputes,Property Law,Land-Encroachment,West Bengal,Kolkata,Medium,3,8,4,322,6,2,53,Conditional
CASE01484,Writ Petitions,Constitutional Law,Writ-Mandamus,Rajasthan,Udaipur,Low,9,10,6,105,1,6,43.71,Conditional
CASE01485,Constitutional Law,Constitutional Law,Fundamental Rights-Article 14,Gujarat,Bhavnagar,Medium,4,6,4,168,2,2,15,No
CASE01486,Motor Accident Claims,Civil Law,Torts-Motor Accident,Uttar Pradesh,Varanasi,Low,2,5,7,398,10,6,62.56,Yes
CASE01487,Medical Negligence,Civil Law,Services-Health,Madhya Pradesh,Jabalpur,Low,1,1,9,124,5,5,58,Conditional
CASE01488,Company / Insolvency (NCLT-NCLAT),Corporate Law,Insolvency,Delhi,East Delhi,Medium,10,4,3,61,8,6,65.88,Yes
CASE01489,Medical Negligence,Civil Law,Services-Health,Maharashtra,Nashik,Low,7,3,8,75,6,5,69.3,Yes
CASE01490,Constitutional Law,Constitutional Law,Fundamental Rights-Article 14,Assam,Dibrugarh,High,2,7,6,151,10,3,0,No
CASE01491,Intellectual Property,Civil Law,Patent,Gujarat,Rajkot,Low,1,5,9,242,1,6,49,Conditional
CASE01492,NI Act / Cheque Bounce,Criminal Law,IPC-Criminal Breach of Trust,Assam,Tinsukia,Medium,8,1,6,355,10,3,51,Conditional
CASE01493,Medical Negligence,Civil Law,Torts-Medical Negligence,West Bengal,Kolkata,Low,6,1,7,79,7,6,82,Yes
CASE01494,Medical Negligence,Civil Law,Torts-Medical Negligence,Maharashtra,Navi Mumbai,High,9,1,4,256,1,4,57.75,Conditional
CASE01495,Real Estate & RERA,Property Law,Lease-Residential,West Bengal,Howrah,Medium,6,1,9,316,3,2,38,No
CASE01496,Banking & Debt Recovery,Corporate Law,Contract-Breach,Maharashtra,Mumbai,Medium,4,9,9,363,9,4,23.1,No
CASE01497,Human Rights & PIL,Constitutional Law,PIL-Public Interest,Assam,Silchar,Medium,9,5,7,249,3,4,27,No
CASE01498,Real Estate & RERA,Property Law,Lease-Residential,Delhi,North Delhi,Medium,7,6,9,182,10,6,52.92,Conditional
CASE01499,Cyber Crime & IT Act,Criminal Law,Cyber Crime-Identity Theft,Maharashtra,Nagpur,Medium,1,2,4,233,7,2,25.2,No
CASE01500,NI Act / Cheque Bounce,Criminal Law,IPC-Cheating,Uttar Pradesh,Lucknow,Low,8,4,4,384,2,3,61.64,Yes
CASE01501,Corporate & Commercial Law,Corporate Law,Arbitration-Enforcement,Delhi,North Delhi,High,4,7,5,58,6,5,25.92,No
CASE01502,Family Disputes,Family Law,Child Custody-Physical,West Bengal,Kolkata,Medium,4,2,8,298,10,2,51,Conditional
CASE01503,Intellectual Property,Civil Law,Geographical Indication,West Bengal,Siliguri,Medium,5,2,8,30,9,4,51,Conditional
CASE01504,Insurance Claims,Consumer Law,Torts-Motor Accident,Gujarat,Ahmedabad,Low,1,6,5,372,2,3,60,Yes
CASE01505,Civil Suits,Civil Law,Property-Title,Haryana,Faridabad,High,10,2,4,281,2,5,62,Yes
CASE01506,Bail Applications,Criminal Law,IPC-Assault,Gujarat,Ahmedabad,Medium,4,6,6,334,8,4,41,Conditional
CASE01507,Constitutional Law,Constitutional Law,Fundamental Rights-Article 14,Assam,Silchar,High,7,3,9,325,1,6,0,No
CASE01508,POCSO & Juvenile Justice,Criminal Law,IPC-Rape,Karnataka,Mysore,Medium,4,8,4,219,9,2,34.32,No
CASE01509,Immigration & Passport Matters,Administrative Law,Service-Transfer,Gujarat,Bhavnagar,Low,7,4,4,203,3,3,66,Yes
CASE01510,Criminal Appeals,Criminal Law,IPC-Hurt,Bihar,Darbhanga,Low,8,3,4,115,3,4,56.32,Conditional
CASE01511,Consumer Protection,Consumer Law,Services-Health,Haryana,Ambala,High,5,10,7,342,2,3,44,Conditional
CASE01512,Bail Applications,Criminal Law,IPC-Murder,Bihar,Muzaffarpur,Low,9,10,9,315,4,5,45.76,Conditional
CASE01513,Medical Negligence,Civil Law,Torts-Medical Negligence,Kerala,Thrissur,High,1,7,3,45,6,6,30.8,No
CASE01514,Labour & Employment Disputes,Labour Law,Service-Promotion,Delhi,New Delhi,High,4,9,5,160,1,2,34.56,No
CASE01515,Tax Law (Direct & Indirect),Administrative Law,Taxation-Property,Karnataka,Davangere,Low,1,7,8,291,7,6,44.72,Conditional
CASE01516,Tax Law (Direct & Indirect),Administrative Law,Taxation-Professional,Uttar Pradesh,Ghaziabad,Medium,5,1,6,331,2,2,47.84,Conditional
CASE01517,Constitutional Law,Constitutional Law,Fundamental Rights-Article 14,West Bengal,Siliguri,Low,9,5,5,177,9,4,47,Conditional
CASE01518,Family Disputes,Family Law,Child Custody-Legal,Madhya Pradesh,Sagar,High,3,4,4,286,7,6,40,Conditional
CASE01519,Human Rights & PIL,Constitutional Law,Fundamental Rights-Article 14,Tamil Nadu,Salem,Low,10,1,7,213,10,3,56.65,Conditional
CASE01520,Medical Negligence,Civil Law,Services-Health,Madhya Pradesh,Indore,Medium,6,3,4,107,1,2,64,Yes
CASE01521,Civil Suits,Civil Law,Property-Title,Tamil Nadu,Vellore,Medium,4,7,5,151,10,6,65.92,Yes
CASE01522,Immigration & Passport Matters,Administrative Law,Licensing,Rajasthan,Jaipur,Low,8,6,3,125,8,4,70.68,Yes
CASE01523,Consumer Protection,Consumer Law,Services-Health,Rajasthan,Udaipur,Medium,10,5,7,32,7,2,69.75,Yes
CASE01524,Tax Law (Direct & Indirect),Administrative Law,Taxation-Property,Haryana,Hisar,Medium,4,9,3,72,4,6,51,Conditional
CASE01525,Human Rights & PIL,Constitutional Law,Fundamental Rights-Article 14,Punjab,Ludhiana,Medium,10,8,5,230,9,4,40,Conditional
CASE01526,Medical Negligence,Civil Law,Torts-Medical Negligence,Uttar Pradesh,Noida,Medium,7,7,8,346,3,3,56.12,Conditional
CASE01527,POCSO & Juvenile Justice,Criminal Law,IPC-Gang Rape,Uttar Pradesh,Noida,High,6,5,7,283,2,6,19.32,No
CASE01528,Labour & Employment Disputes,Labour Law,Termination-Wrongful,Bihar,Muzaffarpur,Medium,5,7,5,161,10,2,44.88,Conditional
CASE01529,Tax Law (Direct & Indirect),Administrative Law,Taxation-Professional,Delhi,South Delhi,Low,6,10,9,369,8,3,57.24,Conditional
CASE01530,Constitutional Law,Constitutional Law,Fundamental Rights-Article 14,Punjab,Amritsar,Medium,2,1,8,55,3,4,0,No
CASE01531,POCSO & Juvenile Justice,Criminal Law,IPC-Gang Rape,Punjab,Chandigarh,Medium,1,4,7,197,7,6,33,No
CASE01532,Bail Applications,Criminal Law,IPC-Assault,Punjab,Ludhiana,Medium,3,4,7,124,6,2,35,No
CASE01533,NI Act / Cheque Bounce,Criminal Law,IPC-Cheating,Gujarat,Bhavnagar,Medium,5,5,3,34,5,3,43,Conditional
CASE01534,POCSO & Juvenile Justice,Criminal Law,IPC-Acid Attack,Uttar Pradesh,Allahabad,Low,1,2,9,101,1,4,28.52,No
CASE01535,Medical Negligence,Civil Law,Services-Health,Haryana,Gurugram,Medium,7,2,4,96,10,5,69,Yes
CASE01536,NI Act / Cheque Bounce,Criminal Law,IPC-Criminal Breach of Trust,Tamil Nadu,Coimbatore,Medium,3,1,7,217,1,2,33.99,No
CASE01537,Consumer Protection,Consumer Law,Products-Vehicles,Haryana,Gurugram,Medium,10,7,5,59,9,5,70,Yes
CASE01538,Arbitration & Mediation,Corporate Law,Arbitration-Enforcement,Haryana,Panipat,High,8,3,3,387,2,4,29,No
CASE01539,Corporate & Commercial Law,Corporate Law,Shareholder-Issues,Punjab,Ludhiana,High,4,8,4,336,6,5,24,No
CASE01540,Property Disputes,Property Law,Housing-Society,Tamil Nadu,Tirunelveli,Low,10,1,8,365,3,4,72.1,Yes
CASE01541,Medical Negligence,Civil Law,Torts-Medical Negligence,Bihar,Gaya,Medium,2,4,3,285,4,2,51.92,Conditional
CASE01542,Corporate & Commercial Law,Corporate Law,Oppression-Mismanagement,Karnataka,Davangere,Medium,4,2,9,79,3,4,33.28,No
CASE01543,Corporate & Commercial Law,Corporate Law,Director-Conflict,Punjab,Chandigarh,Medium,3,7,5,368,1,3,37,No
CASE01544,Cyber Crime & IT Act,Criminal Law,Cyber Crime-Cyber Stalking,Tamil Nadu,Tirunelveli,High,6,10,3,397,6,3,26.78,No
CASE01545,Human Rights & PIL,Constitutional Law,Fundamental Rights-Article 21,Kerala,Kozhikode,Low,7,2,8,171,6,4,26.4,No
CASE01546,Writ Petitions,Constitutional Law,Writ-Habeas Corpus,Karnataka,Mysore,Medium,2,7,5,351,4,3,13.52,No
CASE01547,Cyber Crime & IT Act,Criminal Law,IPC-Cheating,Uttar Pradesh,Lucknow,Medium,3,8,8,159,1,4,16.56,No
CASE01548,Cyber Crime & IT Act,Criminal Law,IPC-Cheating,Kerala,Thrissur,Medium,2,1,7,90,2,6,34.1,No
CASE01549,Company / Insolvency (NCLT-NCLAT),Corporate Law,Arbitration-Enforcement,Rajasthan,Udaipur,Low,9,1,9,322,2,6,55.8,Conditional
CASE01550,Cyber Crime & IT Act,Criminal Law,Cyber Crime-Phishing,Karnataka,Mysore,High,3,8,9,184,4,2,3.12,No
CASE01551,Labour & Employment Disputes,Labour Law,Wages-Minimum,Delhi,North Delhi,Medium,3,10,8,340,3,4,35.64,No
CASE01552,Cyber Crime & IT Act,Criminal Law,Cyber Crime-Identity Theft,Assam,Nagaon,Medium,9,2,9,352,3,6,33,No
CASE01553,Criminal Appeals,Criminal Law,IPC-Cheating,Punjab,Patiala,Medium,1,4,8,275,10,3,15,No
CASE01554,Civil Suits,Civil Law,Property-Title,Punjab,Patiala,Medium,9,2,8,68,3,5,63,Yes
CASE01555,Immigration & Passport Matters,Administrative Law,Licensing,Uttar Pradesh,Meerut,Medium,6,1,5,356,8,3,49.68,Conditional
CASE01556,Writ Petitions,Constitutional Law,Writ-Habeas Corpus,Uttar Pradesh,Agra,High,4,10,4,215,5,4,0,No
CASE01557,Banking & Debt Recovery,Corporate Law,Insolvency,Punjab,Ludhiana,Medium,7,8,7,290,5,2,52,Conditional
CASE01558,Criminal Appeals,Criminal Law,IPC-Murder,Madhya Pradesh,Bhopal,Medium,4,1,8,85,5,2,18,No
CASE01559,Cyber Crime & IT Act,Criminal Law,IPC-Cheating,Assam,Dibrugarh,Medium,3,1,8,121,2,3,20,No
CASE01560,Civil Suits,Civil Law,Contract-Breach,Madhya Pradesh,Bhopal,Medium,1,5,7,247,6,6,57,Conditional
CASE01561,Motor Accident Claims,Civil Law,Torts-Motor Accident,Kerala,Kollam,Medium,1,6,8,317,7,4,44,Conditional
CASE01562,Cyber Crime & IT Act,Criminal Law,Cyber Crime-Identity Theft,Assam,Silchar,Medium,8,1,9,321,5,6,36,No
CASE01563,Writ Petitions,Constitutional Law,Writ-Habeas Corpus,Assam,Jorhat,Medium,10,7,9,308,6,3,23,No
CASE01564,Criminal Appeals,Criminal Law,IPC-Murder,Maharashtra,Navi Mumbai,Medium,6,4,8,102,2,5,29.4,No
CASE01565,Corporate & Commercial Law,Corporate Law,Director-Conflict,Delhi,New Delhi,Low,1,8,4,141,10,2,55.08,Conditional
CASE01566,Motor Accident Claims,Civil Law,Torts-Motor Accident,Tamil Nadu,Chennai,Medium,4,6,6,121,5,3,62.83,Yes
CASE01567,Anti-Corruption & Vigilance,Criminal Law,IPC-Cheating,Kerala,Kollam,Medium,6,2,5,385,8,5,50.6,Conditional
CASE01568,Consumer Protection,Consumer Law,Services-Health,Bihar,Bhagalpur,Low,1,3,8,336,8,2,45.76,Conditional
CASE01569,Anti-Corruption & Vigilance,Criminal Law,IPC-Criminal Breach of Trust,Kerala,Kozhikode,Low,3,6,6,123,4,3,52.8,Conditional
CASE01570,Medical Negligence,Civil Law,Services-Health,West Bengal,Kolkata,Low,7,5,8,307,8,5,69,Yes
CASE01571,Cyber Crime & IT Act,Criminal Law,Cyber Crime-Identity Theft,Madhya Pradesh,Sagar,Low,4,4,4,125,7,6,56,Conditional
CASE01572,Consumer Protection,Consumer Law,Services-Health,Punjab,Ludhiana,Medium,9,8,7,284,3,3,71,Yes
CASE01573,Cyber Crime & IT Act,Criminal Law,Cyber Crime-Phishing,Bihar,Munger,Medium,4,10,6,323,6,2,29.04,No
CASE01574,Consumer Protection,Consumer Law,Services-Travel,West Bengal,Asansol,Low,7,1,5,126,8,3,81,Yes
CASE01575,Writ Petitions,Constitutional Law,Writ-Certiorari,Assam,Silchar,Low,9,6,8,228,1,6,36,No
CASE01576,Intellectual Property,Civil Law,Copyright,West Bengal,Hooghly,Low,10,4,9,298,2,5,76,Yes
CASE01577,Bail Applications,Criminal Law,IPC-Murder,Punjab,Amritsar,Low,10,7,4,304,6,4,71,Yes
CASE01578,Criminal Appeals,Criminal Law,IPC-Hurt,Karnataka,Belgaum,High,4,6,9,166,2,6,0,No
CASE01579,Tax Law (Direct & Indirect),Administrative Law,Taxation-Property,Kerala,Kollam,High,5,8,4,223,7,3,28.6,No
CASE01580,Cyber Crime & IT Act,Criminal Law,Cyber Crime-Identity Theft,Karnataka,Davangere,High,1,10,3,387,1,2,11.44,No
CASE01581,Civil Suits,Civil Law,Contract-Breach,Karnataka,Bangalore,Low,3,1,5,68,7,2,81.12,Yes
CASE01582,Corporate & Commercial Law,Corporate Law,Director-Conflict,Uttar Pradesh,Meerut,Low,2,10,9,173,3,3,35.88,No
CASE01583,Anti-Corruption & Vigilance,Criminal Law,IPC-Criminal Breach of Trust,Uttar Pradesh,Kanpur,Medium,9,8,9,266,5,4,33.12,No
CASE01584,NI Act / Cheque Bounce,Criminal Law,IPC-Cheating,Bihar,Bhagalpur,Medium,1,7,5,310,6,3,21.12,No
CASE01585,Tax Law (Direct & Indirect),Administrative Law,Taxation-Service,Tamil Nadu,Salem,High,9,1,9,50,9,6,28.84,No
CASE01586,Real Estate & RERA,Property Law,Building-Construction,Assam,Nagaon,Medium,1,7,3,396,9,5,42,Conditional
CASE01587,Consumer Protection,Consumer Law,Practices-Misleading Ads,Kerala,Kochi,Low,7,10,5,150,4,2,83.6,Yes
CASE01588,Company / Insolvency (NCLT-NCLAT),Corporate Law,Arbitration-Enforcement,Madhya Pradesh,Jabalpur,Medium,4,1,7,59,8,5,39,No
CASE01589,Real Estate & RERA,Property Law,Lease-Commercial,Tamil Nadu,Tiruchirappalli,High,5,9,8,171,6,2,24.72,No
CASE01590,Motor Accident Claims,Civil Law,Torts-Motor Accident,Delhi,East Delhi,Medium,10,8,8,164,1,2,69.12,Yes
CASE01591,Medical Negligence,Civil Law,Services-Health,Kerala,Kozhikode,Medium,7,2,5,285,2,4,81.4,Yes
CASE01592,Medical Negligence,Civil Law,Services-Health,Delhi,East Delhi,High,8,10,9,396,9,3,42.12,Conditional
CASE01593,Motor Accident Claims,Civil Law,Torts-Motor Accident,Kerala,Kochi,High,6,8,8,214,4,6,34.1,No
CASE01594,Insurance Claims,Consumer Law,Torts-Motor Accident,West Bengal,Hooghly,High,8,10,8,341,10,5,37,No
CASE01595,NI Act / Cheque Bounce,Criminal Law,IPC-Criminal Breach of Trust,Assam,Silchar,Medium,7,7,5,61,3,4,43,Conditional
CASE01596,Immigration & Passport Matters,Administrative Law,Service-Transfer,Gujarat,Ahmedabad,Medium,1,7,3,173,2,2,39,No
CASE01597,Environmental Law,Criminal Law,Environment-Forest,West Bengal,Kolkata,Medium,1,3,9,280,2,5,9,No
CASE01598,Family Disputes,Family Law,Child Custody-Physical,Maharashtra,Nagpur,Low,3,10,7,192,5,5,79.8,Yes
CASE01599,Intellectual Property,Civil Law,Trade Mark,Gujarat,Jamnagar,Medium,2,1,5,136,10,2,52,Conditional
CASE01600,POCSO & Juvenile Justice,Criminal Law,IPC-Acid Attack,Madhya Pradesh,Ujjain,Medium,6,1,4,372,7,6,46,Conditional
CASE01601,Constitutional Law,Constitutional Law,Writ-Habeas Corpus,Madhya Pradesh,Indore,Medium,9,10,5,194,6,2,28,No
CASE01602,Family Disputes,Family Law,Divorce-Mutual Consent,Madhya Pradesh,Bhopal,Low,3,7,7,397,7,4,80,Yes
CASE01603,Constitutional Law,Constitutional Law,Fundamental Rights-Article 14,Rajasthan,Ajmer,High,8,7,3,251,9,3,12.09,No
CASE01604,Medical Negligence,Civil Law,Torts-Medical Negligence,Assam,Nagaon,High,3,3,3,214,7,4,40,Conditional
CASE01605,Immigration & Passport Matters,Administrative Law,Licensing,Delhi,Central Delhi,Medium,7,8,5,57,8,5,61.56,Yes
CASE01606,Bail Applications,Criminal Law,IPC-Hurt,Uttar Pradesh,Allahabad,Medium,9,4,3,212,7,2,44.16,Conditional
CASE01607,Cyber Crime & IT Act,Criminal Law,Cyber Crime-Hacking,Uttar Pradesh,Lucknow,Medium,6,1,3,269,9,6,34.96,No
CASE01608,Constitutional Law,Constitutional Law,Writ-Habeas Corpus,Kerala,Kochi,Low,1,3,4,109,9,4,29.7,No
CASE01609,Human Rights & PIL,Constitutional Law,PIL-Public Interest,Haryana,Rohtak,Medium,2,5,7,194,5,5,11,No
CASE01610,Consumer Protection,Consumer Law,Services-Health,Uttar Pradesh,Noida,Medium,6,2,9,295,5,5,44.16,Conditional
CASE01611,Arbitration & Mediation,Corporate Law,Arbitration-Appointment,West Bengal,Siliguri,Low,8,5,5,311,6,2,68,Yes
CASE01612,Environmental Law,Criminal Law,Environment-Pollution,West Bengal,Durgapur,Medium,1,5,6,149,7,4,33,No
CASE01613,Real Estate & RERA,Property Law,Housing-Society,Gujarat,Bhavnagar,Medium,6,4,7,55,9,5,54,Conditional
CASE01614,Bail Applications,Criminal Law,IPC-Assault,Maharashtra,Nagpur,Low,4,8,9,329,6,3,39.9,No
CASE01615,Family Disputes,Family Law,Maintenance-Spousal,Delhi,West Delhi,Medium,2,5,7,285,1,6,64.8,Yes
CASE01616,Immigration & Passport Matters,Administrative Law,Service-Transfer,Rajasthan,Udaipur,Medium,8,8,6,71,1,5,51.15,Conditional
CASE01617,Company / Insolvency (NCLT-NCLAT),Corporate Law,Insolvency,West Bengal,Asansol,Medium,10,3,6,84,8,5,56,Conditional
CASE01618,Bail Applications,Criminal Law,IPC-Murder,Haryana,Hisar,Medium,10,8,4,243,6,4,59,Conditional
CASE01619,Company / Insolvency (NCLT-NCLAT),Corporate Law,Insolvency,Punjab,Bathinda,Medium,4,7,7,364,9,5,38,No
CASE01620,Arbitration & Mediation,Corporate Law,Arbitration-Challenge,Assam,Nagaon,Medium,9,3,4,63,2,3,61,Yes
CASE01621,Family Disputes,Family Law,Child Custody-Legal,Kerala,Kochi,Medium,8,4,8,301,1,3,72.6,Yes
CASE01622,Property Disputes,Property Law,Land-Title,Gujarat,Surat,High,8,5,5,382,9,3,45,Conditional
CASE01623,POCSO & Juvenile Justice,Criminal Law,IPC-Rape,Gujarat,Vadodara,High,7,5,6,294,2,6,24,No
CASE01624,Civil Suits,Civil Law,Torts-Motor Accident,Rajasthan,Jaipur,High,5,3,5,352,3,5,39.99,No
CASE01625,Labour & Employment Disputes,Labour Law,Wages-Overtime,Karnataka,Bangalore,Medium,6,10,9,273,6,5,45.76,Conditional
CASE01626,Writ Petitions,Constitutional Law,Writ-Prohibition,Rajasthan,Jodhpur,Low,2,7,4,152,7,6,26.04,No
CASE01627,Immigration & Passport Matters,Administrative Law,Licensing,Karnataka,Mangalore,Low,8,5,9,157,1,2,61.36,Yes
CASE01628,Tax Law (Direct & Indirect),Administrative Law,Taxation-Professional,Bihar,Muzaffarpur,High,9,6,8,220,1,4,24.64,No
CASE01629,Human Rights & PIL,Constitutional Law,PIL-Public Interest,Bihar,Munger,Medium,7,9,7,179,10,5,27.28,No
CASE01630,Bail Applications,Criminal Law,IPC-Assault,Punjab,Ludhiana,Medium,10,10,6,375,2,2,53,Conditional
CASE01631,Immigration & Passport Matters,Administrative Law,Licensing,Gujarat,Jamnagar,Medium,6,4,8,367,10,4,37,No
CASE01632,Environmental Law,Criminal Law,Environment-Forest,Assam,Tinsukia,Medium,7,4,3,269,8,4,51,Conditional
CASE01633,Cyber Crime & IT Act,Criminal Law,Cyber Crime-Cyber Stalking,Punjab,Ludhiana,High,5,1,9,374,6,2,1,No
CASE01634,Labour & Employment Disputes,Labour Law,Wages-Minimum,Maharashtra,Thane,Medium,5,5,5,33,1,5,58.8,Conditional
CASE01635,Motor Accident Claims,Civil Law,Torts-Motor Accident,Delhi,North Delhi,Medium,7,10,8,159,3,3,62.64,Yes
CASE01636,Anti-Corruption & Vigilance,Criminal Law,IPC-Cheating,Punjab,Ludhiana,Low,7,10,6,331,8,2,56,Conditional
CASE01637,Intellectual Property,Civil Law,Design,Madhya Pradesh,Ujjain,Medium,2,8,6,193,10,3,55,Conditional
CASE01638,Human Rights & PIL,Constitutional Law,Fundamental Rights-Article 14,Maharashtra,Thane,High,1,2,4,200,7,4,0,No
CASE01639,Medical Negligence,Civil Law,Torts-Medical Negligence,Uttar Pradesh,Kanpur,Low,5,7,6,155,5,6,76.36,Yes
CASE01640,Environmental Law,Criminal Law,Environment-Forest,Bihar,Muzaffarpur,Medium,8,4,5,257,3,4,42.24,Conditional
CASE01641,Bail Applications,Criminal Law,IPC-Murder,Punjab,Ludhiana,High,1,3,9,268,10,6,0,No
CASE01642,Banking & Debt Recovery,Corporate Law,Corporate-Fraud,Kerala,Thiruvananthapuram,Medium,1,8,5,336,4,2,38.5,No
CASE01643,Criminal Appeals,Criminal Law,IPC-Cheating,Haryana,Panipat,Low,6,8,6,245,1,6,57,Conditional
CASE01644,Cyber Crime & IT Act,Criminal Law,Cyber Crime-Cyber Stalking,Uttar Pradesh,Agra,Medium,9,9,3,199,2,2,51.52,Conditional
CASE01645,Banking & Debt Recovery,Corporate Law,Corporate-Fraud,Kerala,Thiruvananthapuram,Medium,2,8,5,176,6,2,39.6,No
CASE01646,Civil Suits,Civil Law,Property-Title,Karnataka,Hubli,Medium,2,4,3,200,10,2,59.28,Conditional
CASE01647,Corporate & Commercial Law,Corporate Law,Oppression-Mismanagement,Karnataka,Mangalore,Low,4,2,9,90,6,3,43.68,Conditional
CASE01648,Banking & Debt Recovery,Corporate Law,Corporate-Fraud,Assam,Jorhat,Low,8,2,9,304,10,5,49,Conditional
CASE01649,Labour & Employment Disputes,Labour Law,Harassment-Sexual,Rajasthan,Udaipur,Low,5,5,3,309,3,3,68.82,Yes
CASE01650,Motor Accident Claims,Civil Law,Torts-Motor Accident,Delhi,North Delhi,Medium,10,10,3,253,6,4,82.08,Yes
CASE01651,Banking & Debt Recovery,Corporate Law,Insolvency,Karnataka,Hubli,Low,4,5,7,169,10,6,55.12,Conditional
CASE01652,Criminal Appeals,Criminal Law,IPC-Hurt,Haryana,Hisar,Medium,4,4,7,211,1,4,42,Conditional
CASE01653,Company / Insolvency (NCLT-NCLAT),Corporate Law,Oppression-Mismanagement,Haryana,Rohtak,Medium,6,9,6,217,3,2,43,Conditional
CASE01654,POCSO & Juvenile Justice,Criminal Law,IPC-Gang Rape,Gujarat,Ahmedabad,Medium,3,10,9,99,6,2,18,No
CASE01655,Insurance Claims,Consumer Law,Services-Insurance,Haryana,Rohtak,Medium,1,7,5,51,4,6,51,Conditional
CASE01656,Immigration & Passport Matters,Administrative Law,Service-Transfer,Punjab,Ludhiana,Medium,6,10,3,46,9,3,49,Conditional
CASE01657,Property Disputes,Property Law,Housing-Society,Gujarat,Jamnagar,Low,3,10,9,79,10,6,48,Conditional
CASE01658,Company / Insolvency (NCLT-NCLAT),Corporate Law,Insolvency,Madhya Pradesh,Ujjain,High,3,10,9,138,1,4,0,No
CASE01659,Human Rights & PIL,Constitutional Law,Fundamental Rights-Article 14,Tamil Nadu,Madurai,High,10,9,6,326,4,4,19.57,No
CASE01660,Intellectual Property,Civil Law,Design,Gujarat,Vadodara,Low,10,9,7,81,9,5,93,Yes
CASE01661,Corporate & Commercial Law,Corporate Law,Director-Conflict,Haryana,Faridabad,Medium,5,10,7,232,8,6,41,Conditional
CASE01662,Anti-Corruption & Vigilance,Criminal Law,IPC-Cheating,Rajasthan,Jodhpur,Low,10,4,3,92,2,2,63.24,Yes
CASE01663,Cyber Crime & IT Act,Criminal Law,Cyber Crime-Identity Theft,Punjab,Jalandhar,Medium,6,3,5,196,4,4,39,No
CASE01664,Anti-Corruption & Vigilance,Criminal Law,IPC-Cheating,Tamil Nadu,Vellore,High,9,1,5,179,1,6,29.87,No
CASE01665,Civil Suits,Civil Law,Property-Title,Assam,Dibrugarh,Medium,7,3,9,104,1,6,61,Yes
CASE01666,Arbitration & Mediation,Corporate Law,Arbitration-Challenge,Punjab,Jalandhar,Low,4,10,4,302,3,4,62,Yes
CASE01667,NI Act / Cheque Bounce,Criminal Law,IPC-Criminal Breach of Trust,Haryana,Gurugram,High,3,8,7,307,9,6,14,No
CASE01668,Human Rights & PIL,Constitutional Law,Fundamental Rights-Article 19,Rajasthan,Kota,Medium,4,8,5,320,5,5,20.46,No
CASE01669,Civil Suits,Civil Law,Torts-Motor Accident,West Bengal,Durgapur,Medium,5,7,5,278,3,3,64,Yes
CASE01670,Company / Insolvency (NCLT-NCLAT),Corporate Law,Oppression-Mismanagement,Punjab,Bathinda,Low,4,5,7,352,4,4,61,Yes
CASE01671,Cyber Crime & IT Act,Criminal Law,IPC-Cheating,West Bengal,Asansol,Low,1,10,9,230,10,4,31,No
CASE01672,Bail Applications,Criminal Law,IPC-Murder,Madhya Pradesh,Bhopal,Medium,5,6,6,158,6,6,45,Conditional
CASE01673,Arbitration & Mediation,Corporate Law,Arbitration-Enforcement,Uttar Pradesh,Ghaziabad,Medium,6,1,6,300,5,4,44.16,Conditional
CASE01674,Medical Negligence,Civil Law,Services-Health,Delhi,New Delhi,High,5,10,5,347,9,6,49.68,Conditional
CASE01675,Anti-Corruption & Vigilance,Criminal Law,IPC-Criminal Breach of Trust,Uttar Pradesh,Agra,Medium,10,4,7,146,4,3,55.2,Conditional
CASE01676,POCSO & Juvenile Justice,Criminal Law,IPC-Rape,Bihar,Bhagalpur,High,3,3,8,209,9,6,0,No
CASE01677,Intellectual Property,Civil Law,Design,Punjab,Bathinda,Medium,1,6,9,310,9,6,35,No
CASE01678,Human Rights & PIL,Constitutional Law,Fundamental Rights-Article 21,Karnataka,Gulbarga,Medium,2,7,9,37,6,2,0,No
CASE01679,Motor Accident Claims,Civil Law,Torts-Motor Accident,Gujarat,Surat,Low,8,10,3,393,8,4,94,Yes
CASE01680,Environmental Law,Criminal Law,Environment-Forest,Bihar,Bhagalpur,Low,10,2,4,259,9,3,62.48,Yes
CASE01681,POCSO & Juvenile Justice,Criminal Law,IPC-Acid Attack,Haryana,Faridabad,High,1,1,4,261,10,5,13,No
CASE01682,Banking & Debt Recovery,Corporate Law,Insolvency,Maharashtra,Mumbai,Low,6,2,6,106,5,4,70.35,Yes
CASE01683,Family Disputes,Family Law,Child Custody-Legal,West Bengal,Kolkata,Low,3,1,3,255,4,6,81,Yes
CASE01684,Property Disputes,Property Law,Housing-Society,Rajasthan,Jaipur,High,8,1,7,353,7,5,41.85,Conditional
CASE01685,Medical Negligence,Civil Law,Services-Health,Delhi,West Delhi,High,1,5,5,38,6,6,37.8,No
CASE01686,Writ Petitions,Constitutional Law,Writ-Certiorari,Haryana,Faridabad,Medium,5,7,8,62,8,4,7,No
CASE01687,Intellectual Property,Civil Law,Copyright,Karnataka,Mangalore,Low,4,1,4,125,3,4,84.24,Yes
CASE01688,Labour & Employment Disputes,Labour Law,Harassment-Sexual,Gujarat,Vadodara,Medium,1,7,6,119,7,2,40,Conditional
CASE01689,Human Rights & PIL,Constitutional Law,Fundamental Rights-Article 15,Uttar Pradesh,Kanpur,Medium,6,1,3,117,4,3,23.92,No
CASE01690,Corporate & Commercial Law,Corporate Law,Shareholder-Issues,Gujarat,Ahmedabad,Medium,7,7,7,103,4,3,48,Conditional
CASE01691,Anti-Corruption & Vigilance,Criminal Law,IPC-Cheating,West Bengal,Durgapur,Medium,1,9,9,232,1,5,18,No
CASE01692,Family Disputes,Family Law,Divorce-Mutual Consent,Uttar Pradesh,Allahabad,Medium,8,10,5,178,5,4,69,Yes
CASE01693,Corporate & Commercial Law,Corporate Law,Oppression-Mismanagement,Rajasthan,Ajmer,Medium,2,1,7,112,8,4,30.69,No
CASE01694,Corporate & Commercial Law,Corporate Law,Arbitration-Enforcement,Madhya Pradesh,Indore,Medium,7,9,9,323,4,2,32,No
CASE01695,POCSO & Juvenile Justice,Criminal Law,IPC-Acid Attack,Karnataka,Hubli,Medium,8,8,6,122,4,2,46.8,Conditional
CASE01696,Immigration & Passport Matters,Administrative Law,Licensing,Kerala,Kochi,High,1,8,6,185,8,3,20.9,No
CASE01697,Labour & Employment Disputes,Labour Law,Harassment-Sexual,Madhya Pradesh,Sagar,Low,9,7,8,143,5,3,64,Yes
CASE01698,Human Rights & PIL,Constitutional Law,Fundamental Rights-Article 14,Maharashtra,Amravati,Low,4,4,6,300,6,5,37.8,No
CASE01699,Writ Petitions,Constitutional Law,Writ-Habeas Corpus,Bihar,Darbhanga,Low,8,7,8,77,7,2,29.04,No
CASE01700,Human Rights & PIL,Constitutional Law,Fundamental Rights-Article 19,Delhi,Central Delhi,Low,4,8,7,208,6,6,35.64,No
CASE01701,Medical Negligence,Civil Law,Torts-Medical Negligence,Assam,Jorhat,High,5,6,5,119,2,4,42,Conditional
CASE01702,Anti-Corruption & Vigilance,Criminal Law,IPC-Criminal Breach of Trust,Punjab,Amritsar,High,5,6,3,35,6,6,18,No
CASE01703,Real Estate & RERA,Property Law,Lease-Commercial,Tamil Nadu,Chennai,Medium,5,8,6,37,2,5,58.71,Conditional
CASE01704,Bail Applications,Criminal Law,IPC-Murder,West Bengal,Kolkata,Medium,4,7,5,96,9,2,39,No
CASE01705,POCSO & Juvenile Justice,Criminal Law,IPC-Rape,Bihar,Muzaffarpur,High,5,2,6,260,7,3,21.12,No
CASE01706,NI Act / Cheque Bounce,Criminal Law,IPC-Cheating,Rajasthan,Jaipur,Low,3,6,5,385,4,5,46.5,Conditional
CASE01707,Cyber Crime & IT Act,Criminal Law,Cyber Crime-Hacking,Uttar Pradesh,Ghaziabad,Low,4,3,9,89,7,5,34.04,No
CASE01708,Company / Insolvency (NCLT-NCLAT),Corporate Law,Arbitration-Enforcement,West Bengal,Kolkata,Low,2,4,5,326,10,5,54,Conditional
CASE01709,Human Rights & PIL,Constitutional Law,PIL-Public Interest,Madhya Pradesh,Gwalior,Medium,8,9,9,154,2,4,12,No
CASE01710,Medical Negligence,Civil Law,Torts-Medical Negligence,Punjab,Jalandhar,Medium,9,3,3,226,1,4,79,Yes
CASE01711,Anti-Corruption & Vigilance,Criminal Law,IPC-Criminal Breach of Trust,Assam,Nagaon,Medium,9,4,3,245,4,3,49,Conditional
CASE01712,POCSO & Juvenile Justice,Criminal Law,IPC-Acid Attack,Gujarat,Rajkot,High,10,4,9,38,4,3,16,No
CASE01713,Intellectual Property,Civil Law,Copyright,Tamil Nadu,Salem,High,7,7,5,229,2,2,56.65,Conditional
CASE01714,Banking & Debt Recovery,Corporate Law,Contract-Breach,Kerala,Kollam,Medium,7,8,4,341,6,6,58.3,Conditional
CASE01715,Constitutional Law,Constitutional Law,Fundamental Rights-Article 15,Bihar,Darbhanga,High,10,1,9,226,10,4,1.76,No
CASE01716,Family Disputes,Family Law,Child Custody-Physical,Haryana,Ambala,Low,2,8,6,208,2,4,75,Yes
CASE01717,Banking & Debt Recovery,Corporate Law,Corporate-Fraud,Gujarat,Rajkot,High,4,9,3,106,3,3,23,No
CASE01718,Motor Accident Claims,Civil Law,Torts-Motor Accident,Gujarat,Surat,Low,6,5,4,165,8,2,88,Yes
CASE01719,Family Disputes,Family Law,Inheritance-Intestate,Delhi,West Delhi,Medium,4,10,4,251,3,4,68.04,Yes
CASE01720,NI Act / Cheque Bounce,Criminal Law,IPC-Criminal Breach of Trust,Karnataka,Hubli,Medium,1,4,4,238,2,6,26,No
CASE01721,Insurance Claims,Consumer Law,Torts-Motor Accident,Maharashtra,Mumbai,Low,2,4,4,400,6,2,70.35,Yes
CASE01722,Anti-Corruption & Vigilance,Criminal Law,IPC-Cheating,Madhya Pradesh,Sagar,Low,1,5,6,57,2,4,45,Conditional
CASE01723,NI Act / Cheque Bounce,Criminal Law,IPC-Cheating,Bihar,Patna,High,9,1,4,239,5,6,25.52,No
CASE01724,Constitutional Law,Constitutional Law,Writ-Habeas Corpus,Delhi,Central Delhi,Medium,9,6,5,95,4,4,39.96,No
CASE01725,Bail Applications,Criminal Law,IPC-Murder,West Bengal,Durgapur,Low,6,9,8,117,5,3,39,No
CASE01726,Writ Petitions,Constitutional Law,Writ-Mandamus,Assam,Tinsukia,Low,4,9,5,148,4,4,27,No
CASE01727,Labour & Employment Disputes,Labour Law,Termination-Wrongful,Uttar Pradesh,Lucknow,Medium,9,8,7,107,1,3,60.72,Yes
CASE01728,Medical Negligence,Civil Law,Torts-Medical Negligence,West Bengal,Hooghly,Low,7,10,9,352,8,6,72,Yes
CASE01729,Bail Applications,Criminal Law,IPC-Murder,Gujarat,Jamnagar,High,5,2,5,109,2,6,23,No
CASE01730,Medical Negligence,Civil Law,Services-Health,Punjab,Bathinda,Medium,10,1,8,290,3,2,69,Yes
CASE01731,Insurance Claims,Consumer Law,Torts-Motor Accident,Kerala,Thrissur,Medium,7,8,8,351,8,5,61.6,Yes
CASE01732,Corporate & Commercial Law,Corporate Law,Oppression-Mismanagement,West Bengal,Durgapur,Low,1,6,4,210,9,2,43,Conditional
CASE01733,Company / Insolvency (NCLT-NCLAT),Corporate Law,Oppression-Mismanagement,Uttar Pradesh,Varanasi,Medium,10,1,7,74,3,6,59.8,Conditional
CASE01734,Banking & Debt Recovery,Corporate Law,Corporate-Fraud,Gujarat,Vadodara,High,8,6,7,336,3,4,31,No
CASE01735,Family Disputes,Family Law,Divorce-Contested,Bihar,Patna,Low,6,2,9,393,5,4,65.12,Yes
CASE01736,Medical Negligence,Civil Law,Torts-Medical Negligence,Karnataka,Mangalore,Low,10,3,8,276,8,4,86.32,Yes
CASE01737,Real Estate & RERA,Property Law,Lease-Commercial,Uttar Pradesh,Lucknow,Low,4,6,6,314,4,2,57.96,Conditional
CASE01738,Arbitration & Mediation,Corporate Law,Arbitration-Challenge,Uttar Pradesh,Noida,Low,10,3,9,41,1,4,59.8,Conditional
CASE01739,Medical Negligence,Civil Law,Torts-Medical Negligence,Assam,Jorhat,Medium,8,5,9,392,1,2,62,Yes
CASE01740,Civil Suits,Civil Law,Contract-Breach,West Bengal,Asansol,Medium,5,8,3,400,9,3,66,Yes
CASE01741,Real Estate & RERA,Property Law,Lease-Commercial,Rajasthan,Ajmer,Medium,8,7,5,217,4,2,63.24,Yes
CASE01742,POCSO & Juvenile Justice,Criminal Law,IPC-Rape,Madhya Pradesh,Sagar,High,4,5,8,378,4,5,5,No
CASE01743,Writ Petitions,Constitutional Law,Writ-Habeas Corpus,Uttar Pradesh,Varanasi,Low,9,9,4,190,8,3,43.24,Conditional
CASE01744,Banking & Debt Recovery,Corporate Law,Contract-Breach,Haryana,Hisar,Medium,10,4,6,339,4,4,59,Conditional
CASE01745,Property Disputes,Property Law,Land-Encroachment,Madhya Pradesh,Jabalpur,High,7,2,3,396,1,3,45,Conditional
CASE01746,Writ Petitions,Constitutional Law,Writ-Habeas Corpus,Maharashtra,Nagpur,Medium,2,7,9,303,4,4,0,No
CASE01747,Property Disputes,Property Law,Housing-Society,Maharashtra,Thane,Medium,3,7,5,305,10,4,47.25,Conditional
CASE01748,Family Disputes,Family Law,Domestic Violence-Physical,Madhya Pradesh,Bhopal,High,1,2,3,183,5,4,43,Conditional
CASE01749,Company / Insolvency (NCLT-NCLAT),Corporate Law,Arbitration-Enforcement,Assam,Dibrugarh,High,8,4,7,106,4,6,36,No
CASE01750,Environmental Law,Criminal Law,Environment-Pollution,Kerala,Thrissur,High,3,8,4,379,7,5,14.3,No
CASE01751,Tax Law (Direct & Indirect),Administrative Law,Taxation-Property,Madhya Pradesh,Ujjain,Low,5,4,3,173,1,5,66,Yes
CASE01752,Arbitration & Mediation,Corporate Law,Arbitration-International,Kerala,Kollam,High,6,2,9,329,10,5,14.3,No
CASE01753,Cyber Crime & IT Act,Criminal Law,Cyber Crime-Identity Theft,Punjab,Bathinda,High,9,9,7,189,10,2,29,No
CASE01754,Intellectual Property,Civil Law,Copyright,Tamil Nadu,Erode,Medium,9,5,4,253,3,2,82.4,Yes
CASE01755,Tax Law (Direct & Indirect),Administrative Law,Taxation-Service,Bihar,Darbhanga,High,3,2,3,156,9,2,21.12,No
CASE01756,Consumer Protection,Consumer Law,Practices-E-commerce,West Bengal,Hooghly,Medium,1,9,9,230,5,6,38,No
CASE01757,Anti-Corruption & Vigilance,Criminal Law,IPC-Cheating,Maharashtra,Mumbai,High,6,8,9,129,6,6,4.2,No
CASE01758,Consumer Protection,Consumer Law,Services-Health,Bihar,Muzaffarpur,Low,6,3,8,215,7,6,58.08,Conditional
CASE01759,Insurance Claims,Consumer Law,Services-Insurance,Tamil Nadu,Tiruchirappalli,Low,1,9,5,329,10,3,60.77,Yes
CASE01760,Insurance Claims,Consumer Law,Torts-Motor Accident,Tamil Nadu,Madurai,Medium,3,7,9,55,10,5,43.26,Conditional
CASE01761,Labour & Employment Disputes,Labour Law,Harassment-Sexual,Kerala,Thrissur,Low,3,5,6,330,6,3,66,Yes
CASE01762,Writ Petitions,Constitutional Law,Writ-Habeas Corpus,Bihar,Munger,Medium,4,2,9,123,10,3,1.76,No
CASE01763,Constitutional Law,Constitutional Law,Writ-Habeas Corpus,Madhya Pradesh,Jabalpur,High,5,1,4,170,2,4,5,No
CASE01764,POCSO & Juvenile Justice,Criminal Law,IPC-Rape,Bihar,Bhagalpur,Medium,3,6,4,57,8,2,33.44,No
CASE01765,Arbitration & Mediation,Corporate Law,Arbitration-Challenge,West Bengal,Howrah,High,5,10,6,146,9,2,26,No
CASE01766,Cyber Crime & IT Act,Criminal Law,Cyber Crime-Cyber Stalking,Madhya Pradesh,Sagar,Medium,8,2,7,89,5,5,54,Conditional
CASE01767,Corporate & Commercial Law,Corporate Law,Arbitration-Enforcement,Assam,Guwahati,Medium,1,2,3,225,9,5,30,No
CASE01768,Criminal Appeals,Criminal Law,IPC-Cheating,Kerala,Kochi,Medium,4,5,5,373,8,4,39.6,No
CASE01769,Constitutional Law,Constitutional Law,Writ-Mandamus,Assam,Guwahati,Low,5,8,8,84,4,5,21,No
CASE01770,Criminal Appeals,Criminal Law,IPC-Cheating,Karnataka,Mangalore,Low,8,2,7,312,6,5,62.4,Yes
CASE01771,Corporate & Commercial Law,Corporate Law,Director-Conflict,West Bengal,Siliguri,Low,3,9,7,79,8,5,54,Conditional
CASE01772,NI Act / Cheque Bounce,Criminal Law,IPC-Cheating,Gujarat,Rajkot,Low,9,7,7,47,9,6,63,Yes
CASE01773,Bail Applications,Criminal Law,IPC-Assault,West Bengal,Howrah,Medium,10,10,6,233,7,5,59,Conditional
CASE01774,NI Act / Cheque Bounce,Criminal Law,IPC-Cheating,Maharashtra,Navi Mumbai,Medium,10,7,6,324,8,6,55.65,Conditional
CASE01775,Human Rights & PIL,Constitutional Law,PIL-Public Interest,Uttar Pradesh,Meerut,Low,1,8,9,315,1,2,8.28,No
CASE01776,Environmental Law,Criminal Law,Environment-Forest,Karnataka,Bangalore,Low,1,7,9,266,4,6,32.24,No
CASE01777,Civil Suits,Civil Law,Contract-Breach,Assam,Nagaon,Low,5,8,6,183,6,4,77,Yes
CASE01778,Insurance Claims,Consumer Law,Torts-Motor Accident,Bihar,Munger,Medium,9,6,7,123,10,2,58.96,Conditional
CASE01779,Intellectual Property,Civil Law,Trade Mark,Bihar,Muzaffarpur,Medium,9,8,9,256,3,5,58.96,Conditional
CASE01780,Human Rights & PIL,Constitutional Law,PIL-Public Interest,Maharashtra,Aurangabad,Medium,6,7,5,328,10,5,18.9,No
CASE01781,Writ Petitions,Constitutional Law,Writ-Mandamus,Rajasthan,Jaipur,Medium,2,10,4,56,4,5,12.09,No
CASE01782,Immigration & Passport Matters,Administrative Law,Licensing,Haryana,Panipat,Low,9,10,6,389,8,5,79,Yes
CASE01783,Company / Insolvency (NCLT-NCLAT),Corporate Law,Oppression-Mismanagement,Uttar Pradesh,Meerut,Medium,8,4,6,236,10,2,46,Conditional
CASE01784,Anti-Corruption & Vigilance,Criminal Law,IPC-Criminal Breach of Trust,Rajasthan,Udaipur,Medium,4,2,8,60,4,6,24.18,No
CASE01785,Environmental Law,Criminal Law,Environment-Pollution,Punjab,Patiala,Low,7,4,5,248,3,3,62,Yes
CASE01786,Tax Law (Direct & Indirect),Administrative Law,Taxation-Professional,Kerala,Thrissur,Low,2,3,7,78,9,6,60.5,Yes
CASE01787,Motor Accident Claims,Civil Law,Torts-Motor Accident,West Bengal,Howrah,Low,1,6,7,392,8,2,71,Yes
CASE01788,Criminal Appeals,Criminal Law,IPC-Hurt,Karnataka,Bangalore,High,1,9,8,94,1,6,0,No
CASE01789,Arbitration & Mediation,Corporate Law,Arbitration-International,Punjab,Patiala,Medium,4,1,5,217,3,6,40,Conditional
CASE01790,Arbitration & Mediation,Corporate Law,Arbitration-Enforcement,Gujarat,Bhavnagar,Medium,7,9,6,233,5,5,46,Conditional
CASE01791,Arbitration & Mediation,Corporate Law,Arbitration-International,Assam,Guwahati,Medium,2,4,5,76,8,5,38,No
CASE01792,Banking & Debt Recovery,Corporate Law,Corporate-Fraud,Karnataka,Davangere,High,5,5,5,219,10,3,24.96,No
CASE01793,Arbitration & Mediation,Corporate Law,Arbitration-Challenge,Karnataka,Mangalore,High,10,9,3,377,4,5,43.68,Conditional
CASE01794,Intellectual Property,Civil Law,Trade Mark,Tamil Nadu,Tirunelveli,Medium,7,9,6,81,9,2,78.28,Yes
CASE01795,Criminal Appeals,Criminal Law,IPC-Hurt,Bihar,Patna,Medium,3,7,6,285,3,6,29.92,No
CASE01796,Insurance Claims,Consumer Law,Torts-Motor Accident,Bihar,Muzaffarpur,Low,1,7,8,106,3,2,46.64,Conditional
CASE01797,Banking & Debt Recovery,Corporate Law,Corporate-Fraud,Kerala,Kozhikode,Medium,8,2,3,124,9,6,61.6,Yes
CASE01798,Intellectual Property,Civil Law,Geographical Indication,West Bengal,Hooghly,Medium,4,1,4,371,7,5,65,Yes
CASE01799,Environmental Law,Criminal Law,Environment-Pollution,Kerala,Kochi,Medium,8,6,3,157,3,4,50.6,Conditional
CASE01800,NI Act / Cheque Bounce,Criminal Law,IPC-Criminal Breach of Trust,Maharashtra,Solapur,High,4,8,8,363,4,6,0,No
CASE01801,Property Disputes,Property Law,Building-Construction,West Bengal,Siliguri,High,6,2,9,196,3,3,21,No
CASE01802,Intellectual Property,Civil Law,Design,Gujarat,Jamnagar,Low,6,2,4,325,6,4,85,Yes
CASE01803,Real Estate & RERA,Property Law,Housing-Society,Punjab,Patiala,Low,8,5,7,176,10,3,78,Yes
CASE01804,Environmental Law,Criminal Law,Environment-Forest,Karnataka,Davangere,High,7,6,9,389,1,3,7.28,No
CASE01805,Consumer Protection,Consumer Law,Practices-E-commerce,Punjab,Amritsar,High,5,3,5,237,1,2,43,Conditional
CASE01806,Human Rights & PIL,Constitutional Law,Fundamental Rights-Article 15,Haryana,Rohtak,Medium,2,1,8,110,4,6,0,No
CASE01807,Immigration & Passport Matters,Administrative Law,Licensing,Maharashtra,Nashik,Medium,4,3,4,267,7,2,45.15,Conditional
CASE01808,Intellectual Property,Civil Law,Geographical Indication,Punjab,Amritsar,Medium,4,10,7,297,3,4,62,Yes
CASE01809,Anti-Corruption & Vigilance,Criminal Law,IPC-Cheating,Rajasthan,Jodhpur,Low,7,5,8,167,10,5,47.43,Conditional
CASE01810,Consumer Protection,Consumer Law,Practices-E-commerce,Rajasthan,Jaipur,Low,7,2,6,180,3,5,77.19,Yes
CASE01811,Anti-Corruption & Vigilance,Criminal Law,IPC-Criminal Breach of Trust,Rajasthan,Ajmer,Medium,6,5,6,68,1,3,38.13,No
CASE01812,Labour & Employment Disputes,Labour Law,Wages-Minimum,Maharashtra,Thane,Medium,7,9,5,280,9,2,68.25,Yes
CASE01813,Cyber Crime & IT Act,Criminal Law,Cyber Crime-Cyber Stalking,Maharashtra,Pune,Medium,6,10,3,80,1,2,45.15,Conditional
CASE01814,POCSO & Juvenile Justice,Criminal Law,IPC-Gang Rape,Bihar,Patna,Low,8,6,6,66,6,4,58.96,Conditional
CASE01815,Writ Petitions,Constitutional Law,Writ-Mandamus,Uttar Pradesh,Allahabad,Low,8,6,3,111,6,3,43.24,Conditional
CASE01816,Anti-Corruption & Vigilance,Criminal Law,IPC-Cheating,Rajasthan,Jodhpur,Low,4,4,4,132,9,6,49.29,Conditional
CASE01817,Bail Applications,Criminal Law,IPC-Hurt,Tamil Nadu,Vellore,Low,9,4,4,201,2,2,69.01,Yes
CASE01818,Constitutional Law,Constitutional Law,Writ-Mandamus,Gujarat,Jamnagar,Low,5,7,6,80,3,5,30,No
CASE01819,Criminal Appeals,Criminal Law,IPC-Murder,Punjab,Jalandhar,Low,7,7,9,191,6,4,45,Conditional
CASE01820,Real Estate & RERA,Property Law,Lease-Commercial,Haryana,Gurugram,Low,5,2,5,285,7,5,72,Yes
CASE01821,Corporate & Commercial Law,Corporate Law,Oppression-Mismanagement,Uttar Pradesh,Agra,High,10,3,4,225,6,3,40.48,Conditional
CASE01822,Bail Applications,Criminal Law,IPC-Assault,Bihar,Gaya,Medium,5,3,3,98,8,5,37.84,No
CASE01823,Labour & Employment Disputes,Labour Law,Termination-Retirement,Uttar Pradesh,Ghaziabad,Medium,3,2,6,355,10,5,45.08,Conditional
CASE01824,Cyber Crime & IT Act,Criminal Law,IPC-Cheating,Bihar,Muzaffarpur,Low,4,3,3,164,4,6,44.88,Conditional
CASE01825,Consumer Protection,Consumer Law,Products-Electronic,Kerala,Kochi,Medium,6,2,4,223,3,3,72.6,Yes
CASE01826,Human Rights & PIL,Constitutional Law,Fundamental Rights-Article 14,Maharashtra,Thane,Medium,2,5,7,210,10,4,7.35,No
CASE01827,Arbitration & Mediation,Corporate Law,Arbitration-Enforcement,West Bengal,Howrah,Medium,4,4,9,33,7,2,26,No
CASE01828,Human Rights & PIL,Constitutional Law,PIL-Public Interest,Bihar,Bhagalpur,High,2,9,8,53,9,3,0,No
CASE01829,Bail Applications,Criminal Law,IPC-Murder,Haryana,Hisar,Medium,9,6,5,194,9,3,49,Conditional
CASE01830,Environmental Law,Criminal Law,Environment-Forest,Kerala,Kozhikode,Medium,5,1,5,135,5,4,44,Conditional
CASE01831,Civil Suits,Civil Law,Property-Title,Assam,Guwahati,Low,6,2,4,350,10,5,84,Yes
CASE01832,Company / Insolvency (NCLT-NCLAT),Corporate Law,Arbitration-Enforcement,Maharashtra,Pune,Medium,1,7,4,106,10,2,32.55,No
CASE01833,NI Act / Cheque Bounce,Criminal Law,IPC-Criminal Breach of Trust,Punjab,Ludhiana,Medium,9,6,6,363,9,2,47,Conditional
CASE01834,Arbitration & Mediation,Corporate Law,Arbitration-Enforcement,Uttar Pradesh,Ghaziabad,Medium,4,1,3,135,9,4,39.56,No
CASE01835,Company / Insolvency (NCLT-NCLAT),Corporate Law,Oppression-Mismanagement,Uttar Pradesh,Kanpur,Medium,10,1,6,381,6,5,50.6,Conditional
CASE01836,Labour & Employment Disputes,Labour Law,Termination-Wrongful,Madhya Pradesh,Indore,Medium,7,10,3,50,6,3,56,Conditional
CASE01837,Tax Law (Direct & Indirect),Administrative Law,Taxation-Property,Maharashtra,Thane,Medium,3,8,7,361,5,4,44.1,Conditional
CASE01838,Writ Petitions,Constitutional Law,Writ-Habeas Corpus,Kerala,Thiruvananthapuram,Medium,3,5,7,289,1,3,12.1,No
CASE01839,Intellectual Property,Civil Law,Patent,Delhi,South Delhi,Medium,6,9,5,130,3,4,69.12,Yes
CASE01840,Cyber Crime & IT Act,Criminal Law,IPC-Cheating,Kerala,Thiruvananthapuram,High,5,10,4,364,9,4,27.5,No
CASE01841,Medical Negligence,Civil Law,Torts-Medical Negligence,Karnataka,Davangere,Low,4,9,5,65,1,2,81.12,Yes
CASE01842,Writ Petitions,Constitutional Law,Writ-Quo Warranto,Kerala,Kollam,High,6,5,7,286,5,6,0,No
CASE01843,Medical Negligence,Civil Law,Torts-Medical Negligence,Tamil Nadu,Tirunelveli,Medium,1,4,9,51,6,5,39.14,No
CASE01844,Anti-Corruption & Vigilance,Criminal Law,IPC-Cheating,West Bengal,Siliguri,Medium,4,1,3,129,9,5,42,Conditional
CASE01845,NI Act / Cheque Bounce,Criminal Law,IPC-Criminal Breach of Trust,Tamil Nadu,Tiruchirappalli,High,6,10,5,328,9,6,25.75,No
CASE01846,NI Act / Cheque Bounce,Criminal Law,IPC-Cheating,Gujarat,Vadodara,Low,9,7,8,391,2,5,50,Conditional
CASE01847,Arbitration & Mediation,Corporate Law,Arbitration-Appointment,Punjab,Chandigarh,Medium,10,3,5,60,1,4,65,Yes
CASE01848,Real Estate & RERA,Property Law,Lease-Commercial,Gujarat,Vadodara,Medium,7,3,5,327,7,6,60,Yes
CASE01849,Anti-Corruption & Vigilance,Criminal Law,IPC-Criminal Breach of Trust,Madhya Pradesh,Indore,Medium,1,1,4,263,5,2,23,No
CASE01850,Environmental Law,Criminal Law,Environment-Forest,Maharashtra,Amravati,Medium,6,5,4,230,3,4,50.4,Conditional
CASE01851,Criminal Appeals,Criminal Law,IPC-Cheating,Kerala,Kollam,High,7,8,5,379,7,6,34.1,No
CASE01852,Environmental Law,Criminal Law,Environment-Pollution,West Bengal,Siliguri,High,9,2,9,362,6,4,19,No
CASE01853,Corporate & Commercial Law,Corporate Law,Oppression-Mismanagement,Haryana,Faridabad,Low,9,7,5,338,10,5,75,Yes
CASE01854,Labour & Employment Disputes,Labour Law,Service-Promotion,Bihar,Gaya,Medium,3,2,8,103,5,4,29.92,No
CASE01855,Motor Accident Claims,Civil Law,Torts-Motor Accident,Kerala,Alappuzha,Medium,7,1,5,223,4,6,79.2,Yes
CASE01856,Real Estate & RERA,Property Law,Building-Construction,Bihar,Bhagalpur,Medium,8,6,6,205,10,3,53.68,Conditional
CASE01857,Tax Law (Direct & Indirect),Administrative Law,Taxation-Property,Bihar,Munger,High,10,5,7,35,7,5,36.08,No
CASE01858,Consumer Protection,Consumer Law,Services-Health,Haryana,Rohtak,Low,1,5,4,153,9,5,58,Conditional
CASE01859,Tax Law (Direct & Indirect),Administrative Law,Taxation-Property,Rajasthan,Ajmer,Low,1,9,5,109,6,4,46.5,Conditional
CASE01860,Arbitration & Mediation,Corporate Law,Arbitration-Enforcement,Uttar Pradesh,Meerut,Low,6,6,9,106,1,2,39.56,No
CASE01861,Civil Suits,Civil Law,Contract-Breach,Gujarat,Ahmedabad,Medium,10,9,4,91,4,5,82,Yes
CASE01862,Anti-Corruption & Vigilance,Criminal Law,IPC-Cheating,Uttar Pradesh,Noida,High,7,7,8,188,5,4,13.8,No
CASE01863,Medical Negligence,Civil Law,Torts-Medical Negligence,Punjab,Chandigarh,Low,4,3,7,249,8,4,80,Yes
CASE01864,Human Rights & PIL,Constitutional Law,Fundamental Rights-Article 21,Tamil Nadu,Coimbatore,Low,9,10,6,247,6,2,45.32,Conditional
CASE01865,Property Disputes,Property Law,Mortgage-Dispute,Rajasthan,Ajmer,High,7,5,5,81,1,2,37.2,No
CASE01866,Insurance Claims,Consumer Law,Torts-Motor Accident,Punjab,Ludhiana,Medium,9,1,5,266,9,5,71,Yes
CASE01867,Corporate & Commercial Law,Corporate Law,Shareholder-Issues,Gujarat,Rajkot,Medium,10,3,3,360,8,3,65,Yes
CASE01868,Motor Accident Claims,Civil Law,Torts-Motor Accident,Uttar Pradesh,Noida,Low,9,5,8,366,2,6,67.16,Yes
CASE01869,Real Estate & RERA,Property Law,Lease-Commercial,Bihar,Patna,Medium,8,6,8,49,4,6,44.88,Conditional
CASE01870,Civil Suits,Civil Law,Property-Title,Uttar Pradesh,Ghaziabad,Low,1,9,3,392,3,2,64.4,Yes
CASE01871,Anti-Corruption & Vigilance,Criminal Law,IPC-Cheating,Madhya Pradesh,Gwalior,Low,2,3,5,314,3,6,42,Conditional
CASE01872,Immigration & Passport Matters,Administrative Law,Service-Transfer,Assam,Tinsukia,High,8,6,9,84,1,2,23,No
CASE01873,Medical Negligence,Civil Law,Services-Health,Kerala,Kozhikode,Medium,1,5,9,170,2,6,44,Conditional
CASE01874,Property Disputes,Property Law,Land-Encroachment,West Bengal,Siliguri,Medium,2,3,8,173,6,5,28,No
CASE01875,Human Rights & PIL,Constitutional Law,Fundamental Rights-Article 19,Assam,Nagaon,Low,5,8,9,72,6,6,21,No
CASE01876,Company / Insolvency (NCLT-NCLAT),Corporate Law,Insolvency,Tamil Nadu,Erode,Medium,8,5,7,270,2,5,55.62,Conditional
CASE01877,Corporate & Commercial Law,Corporate Law,Shareholder-Issues,Delhi,East Delhi,Medium,7,5,3,255,6,3,58.32,Conditional
CASE01878,Environmental Law,Criminal Law,Environment-Pollution,Punjab,Amritsar,Medium,1,2,5,87,3,4,28,No
CASE01879,Civil Suits,Civil Law,Property-Title,Punjab,Amritsar,Medium,3,6,9,121,10,3,49,Conditional
CASE01880,Labour & Employment Disputes,Labour Law,Service-Promotion,Kerala,Kollam,Medium,5,3,3,82,9,6,58.3,Conditional
CASE01881,Cyber Crime & IT Act,Criminal Law,Cyber Crime-Cyber Stalking,Punjab,Ludhiana,High,5,8,8,287,7,2,10,No
CASE01882,Human Rights & PIL,Constitutional Law,Fundamental Rights-Article 15,West Bengal,Asansol,Medium,8,4,9,306,8,4,13,No
CASE01883,Motor Accident Claims,Civil Law,Torts-Motor Accident,Uttar Pradesh,Lucknow,Medium,6,7,5,280,2,2,63.48,Yes
CASE01884,Real Estate & RERA,Property Law,Lease-Commercial,Kerala,Kochi,Low,6,7,9,245,9,3,58.3,Conditional
CASE01885,Corporate & Commercial Law,Corporate Law,Contract-Breach,West Bengal,Hooghly,Low,5,6,5,326,8,6,64,Yes
CASE01886,Human Rights & PIL,Constitutional Law,Fundamental Rights-Article 15,Gujarat,Jamnagar,High,10,7,3,257,10,5,16,No
CASE01887,Writ Petitions,Constitutional Law,Writ-Mandamus,Uttar Pradesh,Allahabad,Low,4,5,9,68,6,6,17.48,No
CASE01888,Civil Suits,Civil Law,Property-Title,Karnataka,Mysore,Medium,3,4,9,169,10,4,43.68,Conditional
CASE01889,Consumer Protection,Consumer Law,Products-Electronic,Gujarat,Ahmedabad,High,4,3,4,373,9,3,42,Conditional
CASE01890,Arbitration & Mediation,Corporate Law,Arbitration-Appointment,Haryana,Panipat,Low,9,6,5,122,5,5,74,Yes
CASE01891,Intellectual Property,Civil Law,Trade Mark,Kerala,Kochi,Low,3,4,5,219,7,4,79.2,Yes
CASE01892,Banking & Debt Recovery,Corporate Law,Contract-Breach,Punjab,Amritsar,Medium,3,6,4,128,7,6,34,No
CASE01893,Environmental Law,Criminal Law,Environment-Forest,Delhi,North Delhi,Low,2,10,3,186,7,4,44.28,Conditional
CASE01894,Constitutional Law,Constitutional Law,Fundamental Rights-Article 14,Tamil Nadu,Erode,High,6,9,4,193,9,4,0,No
CASE01895,Property Disputes,Property Law,Land-Boundary,Uttar Pradesh,Ghaziabad,Medium,2,5,6,386,4,3,42.32,Conditional
CASE01896,POCSO & Juvenile Justice,Criminal Law,IPC-Acid Attack,Tamil Nadu,Chennai,Medium,8,10,4,321,9,6,54.59,Conditional
CASE01897,Property Disputes,Property Law,Land-Title,Tamil Nadu,Erode,Low,3,10,9,303,5,5,49.44,Conditional
CASE01898,Criminal Appeals,Criminal Law,IPC-Cheating,Madhya Pradesh,Indore,Low,3,5,8,312,8,4,34,No
CASE01899,Consumer Protection,Consumer Law,Practices-E-commerce,Uttar Pradesh,Lucknow,Low,6,9,4,217,1,3,74.52,Yes
CASE01900,NI Act / Cheque Bounce,Criminal Law,IPC-Cheating,Rajasthan,Kota,Medium,2,3,5,101,3,4,25.11,No
CASE01901,Medical Negligence,Civil Law,Services-Health,Uttar Pradesh,Lucknow,High,9,1,7,325,10,2,53.36,Conditional
CASE01902,Banking & Debt Recovery,Corporate Law,Contract-Breach,Tamil Nadu,Tiruchirappalli,Low,8,2,6,67,1,5,75.19,Yes
CASE01903,Labour & Employment Disputes,Labour Law,Wages-Overtime,Uttar Pradesh,Kanpur,Medium,10,7,4,326,8,4,61.64,Yes
CASE01904,Motor Accident Claims,Civil Law,Torts-Motor Accident,Gujarat,Bhavnagar,Medium,6,2,9,44,10,4,55,Conditional
CASE01905,Civil Suits,Civil Law,Property-Title,Punjab,Ludhiana,Medium,2,3,9,214,2,4,43,Conditional
CASE01906,Civil Suits,Civil Law,Contract-Breach,Uttar Pradesh,Noida,Low,9,8,4,243,4,6,83.72,Yes
CASE01907,Criminal Appeals,Criminal Law,IPC-Murder,Kerala,Kozhikode,Low,9,8,6,59,2,6,68.2,Yes
CASE01908,Motor Accident Claims,Civil Law,Torts-Motor Accident,Karnataka,Mysore,Medium,5,1,5,117,2,6,63.44,Yes
CASE01909,Writ Petitions,Constitutional Law,Writ-Prohibition,Gujarat,Rajkot,High,1,4,6,105,7,4,0,No
CASE01910,Intellectual Property,Civil Law,Copyright,Maharashtra,Amravati,Medium,5,2,3,83,1,6,72.45,Yes
CASE01911,Tax Law (Direct & Indirect),Administrative Law,Taxation-Property,Maharashtra,Amravati,Medium,2,2,5,261,4,2,39.9,No
CASE01912,Bail Applications,Criminal Law,IPC-Assault,Rajasthan,Ajmer,Medium,3,8,7,381,2,3,32.55,No
CASE01913,POCSO & Juvenile Justice,Criminal Law,IPC-Rape,Gujarat,Ahmedabad,Medium,2,1,9,370,9,2,19,No
CASE01914,Criminal Appeals,Criminal Law,IPC-Cheating,Delhi,North Delhi,Medium,1,4,8,285,2,2,11.88,No
CASE01915,Immigration & Passport Matters,Administrative Law,Licensing,Delhi,Central Delhi,Medium,5,10,7,286,9,6,57.24,Conditional
CASE01916,Criminal Appeals,Criminal Law,IPC-Hurt,Gujarat,Rajkot,Medium,4,3,5,173,10,6,38,No
CASE01917,Motor Accident Claims,Civil Law,Torts-Motor Accident,Bihar,Muzaffarpur,Low,9,10,5,297,6,2,77.44,Yes
CASE01918,Cyber Crime & IT Act,Criminal Law,Cyber Crime-Identity Theft,Uttar Pradesh,Lucknow,Low,10,4,8,327,6,3,50.6,Conditional
CASE01919,Banking & Debt Recovery,Corporate Law,Insolvency,Gujarat,Surat,Medium,2,5,9,119,6,6,17,No
CASE01920,Writ Petitions,Constitutional Law,Writ-Habeas Corpus,Punjab,Patiala,Medium,10,4,7,306,1,5,32,No
CASE01921,POCSO & Juvenile Justice,Criminal Law,IPC-Acid Attack,Punjab,Ludhiana,Medium,6,10,9,181,6,6,27,No
CASE01922,POCSO & Juvenile Justice,Criminal Law,IPC-Rape,Kerala,Alappuzha,High,5,10,6,57,2,5,27.5,No
CASE01923,Anti-Corruption & Vigilance,Criminal Law,IPC-Cheating,Gujarat,Bhavnagar,Low,1,1,7,75,8,2,43,Conditional
CASE01924,Insurance Claims,Consumer Law,Services-Insurance,Delhi,North Delhi,Medium,3,4,5,315,10,6,55.08,Conditional
CASE01925,Anti-Corruption & Vigilance,Criminal Law,IPC-Cheating,Tamil Nadu,Madurai,High,5,1,4,57,8,3,16.48,No
CASE01926,Company / Insolvency (NCLT-NCLAT),Corporate Law,Oppression-Mismanagement,Maharashtra,Navi Mumbai,Low,9,8,4,246,6,3,80.85,Yes
CASE01927,Environmental Law,Criminal Law,Environment-Forest,Uttar Pradesh,Agra,Medium,1,5,5,81,4,2,28.52,No
CASE01928,Company / Insolvency (NCLT-NCLAT),Corporate Law,Insolvency,Haryana,Rohtak,Low,2,2,6,37,1,3,54,Conditional
CASE01929,Constitutional Law,Constitutional Law,Fundamental Rights-Article 15,Madhya Pradesh,Jabalpur,Low,6,2,8,146,9,6,18,No
CASE01930,Corporate & Commercial Law,Corporate Law,Arbitration-Challenge,Kerala,Kozhikode,Low,7,10,8,377,1,4,53.9,Conditional
CASE01931,Human Rights & PIL,Constitutional Law,Fundamental Rights-Article 21,Haryana,Hisar,Medium,7,8,3,94,6,5,30,No
CASE01932,Human Rights & PIL,Constitutional Law,PIL-Public Interest,Madhya Pradesh,Gwalior,Low,6,2,4,174,3,2,33,No
CASE01933,Criminal Appeals,Criminal Law,IPC-Hurt,Madhya Pradesh,Ujjain,Medium,10,6,7,42,5,2,58,Conditional
CASE01934,Property Disputes,Property Law,Building-Construction,Tamil Nadu,Tirunelveli,Medium,2,10,5,100,5,4,52.53,Conditional
CASE01935,Constitutional Law,Constitutional Law,Fundamental Rights-Article 14,Gujarat,Jamnagar,High,4,8,4,302,5,2,0,No
CASE01936,Labour & Employment Disputes,Labour Law,Termination-Retirement,Rajasthan,Bikaner,Medium,6,2,8,362,10,6,43.71,Conditional
CASE01937,Consumer Protection,Consumer Law,Services-Health,Karnataka,Hubli,Medium,1,7,9,215,8,6,30.16,No
CASE01938,Environmental Law,Criminal Law,Environment-Pollution,Delhi,Central Delhi,Medium,3,9,6,30,2,2,37.8,No
CASE01939,Constitutional Law,Constitutional Law,Fundamental Rights-Article 14,Haryana,Ambala,Low,7,5,9,396,4,6,26,No
CASE01940,Civil Suits,Civil Law,Property-Title,Delhi,New Delhi,Low,6,4,9,340,9,2,70.2,Yes
CASE01941,Writ Petitions,Constitutional Law,Writ-Habeas Corpus,Bihar,Gaya,High,6,10,4,343,9,2,3.52,No
CASE01942,Environmental Law,Criminal Law,Environment-Forest,Madhya Pradesh,Indore,Medium,3,8,9,71,10,4,23,No
CASE01943,Intellectual Property,Civil Law,Trade Mark,Uttar Pradesh,Agra,Medium,5,6,7,316,5,4,61.64,Yes
CASE01944,Medical Negligence,Civil Law,Torts-Medical Negligence,Bihar,Darbhanga,High,10,5,7,191,1,4,48.4,Conditional
CASE01945,Consumer Protection,Consumer Law,Practices-Misleading Ads,Kerala,Alappuzha,Medium,1,5,9,316,5,4,33,No
CASE01946,Criminal Appeals,Criminal Law,IPC-Murder,Kerala,Kollam,High,1,3,9,335,8,6,0,No
CASE01947,Company / Insolvency (NCLT-NCLAT),Corporate Law,Insolvency,Bihar,Darbhanga,High,3,1,4,221,8,2,14.08,No
CASE01948,Labour & Employment Disputes,Labour Law,Compensation-Accident,Punjab,Chandigarh,Medium,9,7,7,112,6,3,71,Yes
CASE01949,Banking & Debt Recovery,Corporate Law,Contract-Breach,Kerala,Kochi,Medium,4,10,9,352,6,6,33,No
CASE01950,Real Estate & RERA,Property Law,Lease-Residential,Bihar,Bhagalpur,High,4,10,3,188,8,5,24.64,No
CASE01951,Corporate & Commercial Law,Corporate Law,Arbitration-Enforcement,Uttar Pradesh,Kanpur,High,2,4,5,269,7,2,11.04,No
CASE01952,Insurance Claims,Consumer Law,Services-Insurance,Haryana,Panipat,Medium,5,7,6,334,3,6,60,Yes
CASE01953,Company / Insolvency (NCLT-NCLAT),Corporate Law,Arbitration-Enforcement,Karnataka,Gulbarga,Medium,4,9,8,325,9,2,27.04,No
CASE01954,Corporate & Commercial Law,Corporate Law,Contract-Breach,Delhi,East Delhi,Low,7,5,7,42,5,2,68.04,Yes
CASE01955,Medical Negligence,Civil Law,Torts-Medical Negligence,Bihar,Darbhanga,Low,3,1,7,31,6,2,60.72,Yes
CASE01956,Motor Accident Claims,Civil Law,Torts-Motor Accident,Tamil Nadu,Madurai,High,3,8,4,157,6,2,39.14,No
CASE01957,Company / Insolvency (NCLT-NCLAT),Corporate Law,Arbitration-Enforcement,Tamil Nadu,Tirunelveli,Low,10,10,3,74,4,3,80.34,Yes
CASE01958,Intellectual Property,Civil Law,Design,Kerala,Thiruvananthapuram,Low,9,2,3,310,6,2,100,Yes
CASE01959,Banking & Debt Recovery,Corporate Law,Corporate-Fraud,Haryana,Panipat,Medium,7,3,9,168,3,3,36,No
CASE01960,Writ Petitions,Constitutional Law,Writ-Quo Warranto,Delhi,South Delhi,Medium,1,2,5,177,6,6,10.8,No
CASE01961,Bail Applications,Criminal Law,IPC-Murder,Tamil Nadu,Madurai,Medium,1,10,3,234,9,2,33.99,No
CASE01962,NI Act / Cheque Bounce,Criminal Law,IPC-Cheating,Assam,Nagaon,Medium,1,2,9,292,7,6,18,No
CASE01963,Property Disputes,Property Law,Land-Title,Tamil Nadu,Erode,Medium,5,5,3,389,8,4,53.56,Conditional
CASE01964,POCSO & Juvenile Justice,Criminal Law,IPC-Rape,West Bengal,Siliguri,Medium,7,5,5,213,4,4,48,Conditional
CASE01965,NI Act / Cheque Bounce,Criminal Law,IPC-Criminal Breach of Trust,Assam,Nagaon,High,2,4,3,215,6,3,14,No
CASE01966,Bail Applications,Criminal Law,IPC-Assault,Kerala,Kochi,High,5,6,6,139,9,2,18.7,No
CASE01967,Family Disputes,Family Law,Child Custody-Physical,Tamil Nadu,Tirunelveli,Medium,5,3,6,152,8,5,76.22,Yes
CASE01968,Cyber Crime & IT Act,Criminal Law,Cyber Crime-Identity Theft,Maharashtra,Navi Mumbai,Medium,1,9,6,348,4,6,27.3,No
CASE01969,Bail Applications,Criminal Law,IPC-Assault,West Bengal,Kolkata,High,5,4,9,274,3,6,6,No
CASE01970,Criminal Appeals,Criminal Law,IPC-Murder,Delhi,New Delhi,Medium,10,6,9,32,7,2,39.96,No
CASE01971,Civil Suits,Civil Law,Property-Title,Haryana,Gurugram,High,10,6,6,55,3,2,57,Conditional
CASE01972,Family Disputes,Family Law,Child Custody-Physical,Madhya Pradesh,Gwalior,Low,8,10,5,148,1,5,96,Yes
CASE01973,Constitutional Law,Constitutional Law,Fundamental Rights-Article 14,Haryana,Rohtak,Low,8,1,6,308,7,4,39,No
CASE01974,POCSO & Juvenile Justice,Criminal Law,IPC-Gang Rape,Kerala,Alappuzha,High,1,4,6,332,4,4,6.6,No
CASE01975,Insurance Claims,Consumer Law,Torts-Motor Accident,Delhi,New Delhi,Medium,9,9,8,78,10,2,64.8,Yes
CASE01976,Insurance Claims,Consumer Law,Services-Insurance,Uttar Pradesh,Agra,Low,6,1,6,181,8,5,68.08,Yes
CASE01977,Property Disputes,Property Law,Housing-Society,Uttar Pradesh,Varanasi,Medium,1,7,7,392,8,4,42.32,Conditional
CASE01978,Criminal Appeals,Criminal Law,IPC-Hurt,Delhi,West Delhi,Medium,6,10,4,114,10,2,46.44,Conditional
CASE01979,Company / Insolvency (NCLT-NCLAT),Corporate Law,Arbitration-Enforcement,Delhi,South Delhi,Low,10,3,8,270,10,5,65.88,Yes
CASE01980,Writ Petitions,Constitutional Law,Writ-Certiorari,Gujarat,Surat,Medium,7,3,5,91,7,5,25,No
CASE01981,Anti-Corruption & Vigilance,Criminal Law,IPC-Criminal Breach of Trust,Madhya Pradesh,Bhopal,Medium,7,5,8,333,6,4,27,No
CASE01982,Intellectual Property,Civil Law,Trade Mark,Bihar,Munger,High,3,2,6,154,2,6,30.8,No
CASE01983,Labour & Employment Disputes,Labour Law,Compensation-Accident,Tamil Nadu,Erode,Low,10,8,4,312,5,6,86.52,Yes
CASE01984,Criminal Appeals,Criminal Law,IPC-Murder,Kerala,Kochi,Low,6,6,3,78,10,3,67.1,Yes
CASE01985,Immigration & Passport Matters,Administrative Law,Licensing,West Bengal,Kolkata,Low,7,7,4,382,9,6,73,Yes
CASE01986,Insurance Claims,Consumer Law,Torts-Motor Accident,Delhi,West Delhi,Low,4,10,6,109,2,5,78.84,Yes
CASE01987,Motor Accident Claims,Civil Law,Torts-Motor Accident,Tamil Nadu,Coimbatore,Low,5,4,5,126,10,2,78.28,Yes
CASE01988,Tax Law (Direct & Indirect),Administrative Law,Taxation-Professional,Tamil Nadu,Chennai,Low,9,5,3,180,8,4,83.43,Yes
CASE01989,Intellectual Property,Civil Law,Copyright,Haryana,Hisar,Medium,7,6,7,257,10,2,70,Yes
CASE01990,Real Estate & RERA,Property Law,Building-Construction,Maharashtra,Aurangabad,High,10,1,4,319,7,4,55.65,Conditional
CASE01991,Criminal Appeals,Criminal Law,IPC-Hurt,Maharashtra,Aurangabad,Low,7,2,9,212,7,5,43.05,Conditional
CASE01992,Criminal Appeals,Criminal Law,IPC-Cheating,Tamil Nadu,Tiruchirappalli,High,3,3,8,208,9,6,0,No
CASE01993,Real Estate & RERA,Property Law,Lease-Residential,Uttar Pradesh,Noida,High,9,1,9,334,4,3,34.04,No
CASE01994,Environmental Law,Criminal Law,Environment-Forest,Rajasthan,Jaipur,Low,2,5,9,306,9,4,25.11,No
CASE01995,NI Act / Cheque Bounce,Criminal Law,IPC-Cheating,Haryana,Panipat,Low,6,8,9,146,1,5,45,Conditional
CASE01996,Real Estate & RERA,Property Law,Lease-Commercial,Haryana,Panipat,Medium,2,6,6,46,4,4,46,Conditional
CASE01997,Real Estate & RERA,Property Law,Building-Construction,Kerala,Kollam,Medium,8,4,7,265,3,6,67.1,Yes
CASE01998,Motor Accident Claims,Civil Law,Torts-Motor Accident,Maharashtra,Mumbai,Medium,3,4,9,380,3,6,45.15,Conditional
CASE01999,Arbitration & Mediation,Corporate Law,Arbitration-Challenge,Delhi,East Delhi,Medium,2,2,4,66,6,4,36.72,No
CASE02000,Corporate & Commercial Law,Corporate Law,Arbitration-Enforcement,Karnataka,Belgaum,Medium,3,8,7,261,6,6,44.72,Conditional
CASE02001,Property Disputes,Property Law,Land-Encroachment,Haryana,Hisar,High,6,7,7,137,1,3,35,No
CASE02002,Family Disputes,Family Law,Divorce-Mutual Consent,Uttar Pradesh,Ghaziabad,Medium,3,3,3,387,10,2,61.64,Yes
CASE02003,Insurance Claims,Consumer Law,Torts-Motor Accident,Karnataka,Mysore,Medium,9,8,3,58,6,4,78,Yes
CASE02004,Arbitration & Mediation,Corporate Law,Arbitration-Challenge,Uttar Pradesh,Meerut,Low,1,2,4,35,4,5,40.48,Conditional
CASE02005,Insurance Claims,Consumer Law,Torts-Motor Accident,Punjab,Ludhiana,Low,6,5,5,105,3,5,74,Yes
CASE02006,Consumer Protection,Consumer Law,Products-Vehicles,Maharashtra,Navi Mumbai,Low,7,2,9,217,9,4,74.55,Yes
CASE02007,Banking & Debt Recovery,Corporate Law,Insolvency,Assam,Dibrugarh,Medium,8,1,4,247,7,3,50,Conditional
CASE02008,Corporate & Commercial Law,Corporate Law,Contract-Breach,West Bengal,Howrah,Medium,1,3,8,194,8,3,15,No
CASE02009,Motor Accident Claims,Civil Law,Torts-Motor Accident,Haryana,Gurugram,Low,9,9,9,206,4,5,81,Yes
CASE02010,NI Act / Cheque Bounce,Criminal Law,IPC-Criminal Breach of Trust,Assam,Nagaon,Medium,7,9,8,105,3,3,36,No
CASE02011,Human Rights & PIL,Constitutional Law,PIL-Public Interest,West Bengal,Durgapur,Medium,6,8,6,356,1,2,22,No
CASE02012,Bail Applications,Criminal Law,IPC-Murder,Maharashtra,Navi Mumbai,Medium,1,8,7,171,3,4,34.65,No
CASE02013,Property Disputes,Property Law,Housing-Society,Delhi,New Delhi,High,2,9,3,195,8,4,23.76,No
CASE02014,Bail Applications,Criminal Law,IPC-Murder,Tamil Nadu,Madurai,High,7,8,5,147,9,5,25.75,No
CASE02015,Corporate & Commercial Law,Corporate Law,Director-Conflict,West Bengal,Howrah,High,4,6,9,98,6,6,9,No
CASE02016,Writ Petitions,Constitutional Law,Writ-Habeas Corpus,Kerala,Thrissur,Medium,1,3,8,233,7,6,0,No
CASE02017,Insurance Claims,Consumer Law,Services-Insurance,Assam,Silchar,Medium,10,6,8,307,2,6,58,Conditional
CASE02018,Company / Insolvency (NCLT-NCLAT),Corporate Law,Arbitration-Enforcement,Karnataka,Belgaum,Medium,8,7,5,174,5,6,52,Conditional
CASE02019,Arbitration & Mediation,Corporate Law,Arbitration-International,Assam,Jorhat,Low,1,3,3,390,10,2,50,Conditional
CASE02020,Banking & Debt Recovery,Corporate Law,Contract-Breach,Rajasthan,Kota,High,5,7,3,148,8,4,18.6,No
CASE02021,Property Disputes,Property Law,Land-Encroachment,Karnataka,Hubli,Medium,8,8,9,32,2,6,47.84,Conditional
CASE02022,Civil Suits,Civil Law,Property-Title,Haryana,Ambala,Medium,4,1,5,221,4,4,61,Yes
CASE02023,Arbitration & Mediation,Corporate Law,Arbitration-International,Maharashtra,Nagpur,High,3,6,5,368,3,5,24.15,No
CASE02024,Tax Law (Direct & Indirect),Administrative Law,Taxation-Property,Madhya Pradesh,Gwalior,Medium,6,1,3,147,10,4,49,Conditional
CASE02025,Anti-Corruption & Vigilance,Criminal Law,IPC-Criminal Breach of Trust,Uttar Pradesh,Kanpur,Medium,1,4,7,336,8,4,24.84,No
CASE02026,Company / Insolvency (NCLT-NCLAT),Corporate Law,Arbitration-Enforcement,Rajasthan,Bikaner,Low,6,4,3,360,1,3,55.8,Conditional
CASE02027,Civil Suits,Civil Law,Property-Title,Madhya Pradesh,Indore,High,4,9,6,364,3,2,37,No
CASE02028,Insurance Claims,Consumer Law,Torts-Motor Accident,Rajasthan,Bikaner,Medium,6,3,6,280,2,4,55.8,Conditional
CASE02029,Constitutional Law,Constitutional Law,Writ-Mandamus,Tamil Nadu,Tiruchirappalli,Medium,10,7,4,69,1,6,30.9,No
CASE02030,Anti-Corruption & Vigilance,Criminal Law,IPC-Criminal Breach of Trust,Haryana,Hisar,Medium,5,3,8,232,10,4,25,No
CASE02031,Real Estate & RERA,Property Law,Building-Construction,West Bengal,Durgapur,Medium,4,9,7,83,4,2,52,Conditional
CASE02032,Environmental Law,Criminal Law,Environment-Forest,Kerala,Kochi,Medium,8,6,3,140,10,6,55,Conditional
CASE02033,Property Disputes,Property Law,Building-Construction,Maharashtra,Amravati,Medium,10,1,5,108,9,4,68.25,Yes
CASE02034,Arbitration & Mediation,Corporate Law,Arbitration-Enforcement,Uttar Pradesh,Ghaziabad,Low,4,3,5,389,4,2,51.52,Conditional
CASE02035,Intellectual Property,Civil Law,Patent,Kerala,Thrissur,Low,5,3,3,149,10,4,88,Yes
CASE02036,Labour & Employment Disputes,Labour Law,Termination-Wrongful,Gujarat,Vadodara,Medium,8,2,9,242,9,5,52,Conditional
CASE02037,Property Disputes,Property Law,Land-Encroachment,Bihar,Bhagalpur,Medium,8,10,5,189,9,3,58.08,Conditional
CASE02038,Insurance Claims,Consumer Law,Services-Insurance,West Bengal,Howrah,Low,7,3,6,82,1,5,80,Yes
CASE02039,Corporate & Commercial Law,Corporate Law,Shareholder-Issues,Tamil Nadu,Vellore,Medium,2,3,9,306,5,6,19.57,No
CASE02040,Consumer Protection,Consumer Law,Products-Electronic,Assam,Dibrugarh,Medium,4,6,6,400,10,3,58,Conditional
CASE02041,Consumer Protection,Consumer Law,Services-Health,West Bengal,Howrah,Medium,9,6,7,286,7,4,71,Yes
CASE02042,Intellectual Property,Civil Law,Geographical Indication,Karnataka,Belgaum,High,4,3,5,86,1,5,39.52,No
CASE02043,Bail Applications,Criminal Law,IPC-Murder,Rajasthan,Udaipur,High,5,1,5,220,6,4,13.95,No
CASE02044,Motor Accident Claims,Civil Law,Torts-Motor Accident,Haryana,Panipat,Low,10,7,6,312,7,4,96,Yes
CASE02045,Constitutional Law,Constitutional Law,Writ-Mandamus,Madhya Pradesh,Gwalior,Medium,4,4,6,216,6,2,18,No
CASE02046,Bail Applications,Criminal Law,IPC-Hurt,Madhya Pradesh,Bhopal,Medium,3,3,8,251,4,4,15,No
CASE02047,Constitutional Law,Constitutional Law,Fundamental Rights-Article 14,Tamil Nadu,Chennai,Medium,2,3,7,158,3,5,11.33,No
CASE02048,POCSO & Juvenile Justice,Criminal Law,IPC-Gang Rape,Tamil Nadu,Tiruchirappalli,Medium,1,8,9,190,3,5,16.48,No
CASE02049,Criminal Appeals,Criminal Law,IPC-Cheating,Kerala,Thiruvananthapuram,Low,10,7,8,54,1,5,61.6,Yes
CASE02050,Banking & Debt Recovery,Corporate Law,Contract-Breach,Madhya Pradesh,Ujjain,High,6,6,4,315,6,6,31,No
CASE02051,Criminal Appeals,Criminal Law,IPC-Murder,Gujarat,Vadodara,High,9,6,5,328,4,6,32,No
CASE02052,Real Estate & RERA,Property Law,Building-Construction,West Bengal,Howrah,Medium,9,2,6,139,2,4,62,Yes
CASE02053,Consumer Protection,Consumer Law,Services-Health,Maharashtra,Amravati,Low,7,5,3,145,6,4,81.9,Yes
CASE02054,Corporate & Commercial Law,Corporate Law,Oppression-Mismanagement,Kerala,Kollam,High,8,1,7,103,7,4,42.9,Conditional
CASE02055,Labour & Employment Disputes,Labour Law,Service-Promotion,Karnataka,Bangalore,Low,8,8,9,267,3,5,68.64,Yes
CASE02056,Corporate & Commercial Law,Corporate Law,Arbitration-Enforcement,Haryana,Ambala,High,9,4,6,228,5,2,41,Conditional
CASE02057,Tax Law (Direct & Indirect),Administrative Law,Taxation-Service,Gujarat,Vadodara,Medium,8,5,5,165,9,4,60,Yes
CASE02058,Labour & Employment Disputes,Labour Law,Industrial-Layoff,Kerala,Thiruvananthapuram,Low,1,3,7,181,1,6,63.8,Yes
CASE02059,Anti-Corruption & Vigilance,Criminal Law,IPC-Cheating,Haryana,Ambala,Medium,10,8,5,374,7,5,53,Conditional
CASE02060,Family Disputes,Family Law,Divorce-Contested,Rajasthan,Jaipur,Medium,3,3,7,39,9,2,57.66,Conditional
CASE02061,Civil Suits,Civil Law,Contract-Breach,Delhi,South Delhi,Medium,4,2,8,133,2,3,55.08,Conditional
CASE02062,Arbitration & Mediation,Corporate Law,Arbitration-International,Kerala,Thiruvananthapuram,Low,8,3,9,154,1,2,57.2,Conditional
CASE02063,Immigration & Passport Matters,Administrative Law,Licensing,Uttar Pradesh,Ghaziabad,Medium,3,10,9,341,1,5,23.92,No
CASE02064,Immigration & Passport Matters,Administrative Law,Service-Transfer,Gujarat,Rajkot,High,2,8,3,153,4,6,19,No
CASE02065,Anti-Corruption & Vigilance,Criminal Law,IPC-Criminal Breach of Trust,Delhi,West Delhi,Low,3,4,3,141,3,3,48.6,Conditional
CASE02066,Tax Law (Direct & Indirect),Administrative Law,Taxation-Professional,Maharashtra,Mumbai,Medium,4,7,5,141,10,6,45.15,Conditional
CASE02067,Human Rights & PIL,Constitutional Law,PIL-Public Interest,Delhi,North Delhi,Medium,5,10,6,264,6,4,20.52,No
CASE02068,Arbitration & Mediation,Corporate Law,Arbitration-International,Gujarat,Vadodara,Low,2,9,5,193,10,6,52,Conditional
CASE02069,Writ Petitions,Constitutional Law,Writ-Certiorari,Kerala,Thiruvananthapuram,High,9,8,9,218,4,6,0,No
CASE02070,Constitutional Law,Constitutional Law,Fundamental Rights-Article 14,Madhya Pradesh,Jabalpur,High,10,10,3,323,2,4,20,No
CASE02071,Immigration & Passport Matters,Administrative Law,Service-Transfer,Bihar,Bhagalpur,Low,2,1,8,271,8,3,34.32,No
CASE02072,Bail Applications,Criminal Law,IPC-Hurt,Assam,Jorhat,Low,6,1,7,171,1,2,63,Yes
CASE02073,Arbitration & Mediation,Corporate Law,Arbitration-Enforcement,Punjab,Jalandhar,High,4,7,9,359,7,3,9,No
CASE02074,Banking & Debt Recovery,Corporate Law,Corporate-Fraud,Assam,Tinsukia,Medium,2,7,9,259,8,4,25,No
CASE02075,Writ Petitions,Constitutional Law,Writ-Quo Warranto,Gujarat,Surat,Low,1,4,4,221,8,4,20,No
CASE02076,Real Estate & RERA,Property Law,Building-Construction,Delhi,North Delhi,Medium,7,2,3,227,9,2,62.64,Yes
CASE02077,Property Disputes,Property Law,Lease-Commercial,Assam,Guwahati,Low,3,3,9,265,3,3,53,Conditional
CASE02078,Family Disputes,Family Law,Domestic Violence-Physical,Madhya Pradesh,Sagar,High,5,7,8,195,1,5,40,Conditional
CASE02079,Tax Law (Direct & Indirect),Administrative Law,Taxation-Professional,Maharashtra,Mumbai,Low,8,2,7,40,1,5,80.85,Yes
CASE02080,Immigration & Passport Matters,Administrative Law,Licensing,Madhya Pradesh,Gwalior,Medium,3,10,7,41,10,2,41,Conditional
CASE02081,Arbitration & Mediation,Corporate Law,Arbitration-Enforcement,Punjab,Chandigarh,Low,8,4,5,271,9,5,65,Yes
CASE02082,Labour & Employment Disputes,Labour Law,Termination-Retirement,Assam,Jorhat,Medium,1,4,4,392,6,2,39,No
CASE02083,Property Disputes,Property Law,Building-Construction,Karnataka,Belgaum,Medium,1,9,8,212,10,2,27.04,No
CASE02084,Property Disputes,Property Law,Housing-Society,Uttar Pradesh,Lucknow,Low,6,8,5,306,6,6,69,Yes
CASE02085,Insurance Claims,Consumer Law,Services-Insurance,Rajasthan,Kota,High,1,6,7,360,3,5,22.32,No
CASE02086,Insurance Claims,Consumer Law,Torts-Motor Accident,Haryana,Gurugram,Medium,6,6,9,251,3,5,45,Conditional
CASE02087,Immigration & Passport Matters,Administrative Law,Licensing,Uttar Pradesh,Ghaziabad,Medium,1,6,8,186,3,2,23,No
CASE02088,Tax Law (Direct & Indirect),Administrative Law,Taxation-Service,Gujarat,Jamnagar,Low,3,10,6,198,1,3,55,Conditional
CASE02089,Property Disputes,Property Law,Lease-Commercial,Uttar Pradesh,Kanpur,Low,1,7,5,159,10,4,52.44,Conditional
CASE02090,Company / Insolvency (NCLT-NCLAT),Corporate Law,Arbitration-Enforcement,Delhi,New Delhi,High,8,1,9,210,1,5,16.2,No
CASE02091,Immigration & Passport Matters,Administrative Law,Service-Transfer,Assam,Silchar,Low,9,9,3,196,10,6,82,Yes
CASE02092,Anti-Corruption & Vigilance,Criminal Law,IPC-Cheating,Assam,Jorhat,Medium,10,5,9,178,8,4,42,Conditional
CASE02093,Constitutional Law,Constitutional Law,Writ-Mandamus,Madhya Pradesh,Jabalpur,Low,5,8,5,311,1,2,40,Conditional
CASE02094,Bail Applications,Criminal Law,IPC-Murder,Delhi,Central Delhi,Low,3,8,7,38,7,4,54,Conditional
CASE02095,Arbitration & Mediation,Corporate Law,Arbitration-International,Haryana,Gurugram,Medium,1,2,8,284,4,4,20,No
CASE02096,Arbitration & Mediation,Corporate Law,Arbitration-Challenge,Haryana,Faridabad,Medium,4,8,8,86,8,3,25,No
CASE02097,Bail Applications,Criminal Law,IPC-Hurt,Tamil Nadu,Vellore,Medium,3,7,6,309,3,4,32.96,No
CASE02098,Bail Applications,Criminal Law,IPC-Assault,Bihar,Darbhanga,Medium,9,4,7,336,5,5,48.4,Conditional
CASE02099,Company / Insolvency (NCLT-NCLAT),Corporate Law,Oppression-Mismanagement,Kerala,Kochi,High,10,4,6,212,8,3,49.5,Conditional
CASE02100,Labour & Employment Disputes,Labour Law,Service-Promotion,Bihar,Muzaffarpur,High,1,9,4,180,6,5,19.36,No
CASE02101,Family Disputes,Family Law,Divorce-Mutual Consent,Maharashtra,Nashik,Medium,10,2,9,306,5,3,76.65,Yes
CASE02102,NI Act / Cheque Bounce,Criminal Law,IPC-Criminal Breach of Trust,Karnataka,Davangere,High,7,3,5,360,6,6,23.92,No
CASE02103,Motor Accident Claims,Civil Law,Torts-Motor Accident,Bihar,Muzaffarpur,High,2,2,6,393,6,5,28.16,No
CASE02104,Insurance Claims,Consumer Law,Torts-Motor Accident,Delhi,South Delhi,Medium,6,8,3,142,6,3,72.36,Yes
CASE02105,Environmental Law,Criminal Law,Environment-Forest,Maharashtra,Navi Mumbai,Medium,1,10,6,342,1,4,34.65,No
CASE02106,Constitutional Law,Constitutional Law,Writ-Mandamus,Haryana,Gurugram,Medium,7,2,8,282,1,2,11,No
CASE02107,NI Act / Cheque Bounce,Criminal Law,IPC-Criminal Breach of Trust,Madhya Pradesh,Ujjain,Medium,4,2,6,370,2,3,35,No
CASE02108,Constitutional Law,Constitutional Law,Fundamental Rights-Article 15,Punjab,Chandigarh,Medium,7,7,8,258,9,2,14,No
CASE02109,NI Act / Cheque Bounce,Criminal Law,IPC-Cheating,Rajasthan,Jodhpur,Low,9,6,6,205,5,2,63.24,Yes
CASE02110,Banking & Debt Recovery,Corporate Law,Contract-Breach,West Bengal,Asansol,Medium,9,1,6,377,6,6,54,Conditional
CASE02111,Anti-Corruption & Vigilance,Criminal Law,IPC-Criminal Breach of Trust,Assam,Nagaon,Low,1,10,7,297,1,2,41,Conditional
CASE02112,Environmental Law,Criminal Law,Environment-Forest,Maharashtra,Pune,Low,4,7,9,138,10,2,34.65,No
CASE02113,Cyber Crime & IT Act,Criminal Law,Cyber Crime-Cyber Stalking,Gujarat,Bhavnagar,Medium,3,7,5,241,6,4,36,No
CASE02114,Criminal Appeals,Criminal Law,IPC-Cheating,Bihar,Munger,Medium,9,1,6,118,2,3,46.64,Conditional
CASE02115,Motor Accident Claims,Civil Law,Torts-Motor Accident,Kerala,Thiruvananthapuram,High,2,6,7,332,1,2,42.9,Conditional
CASE02116,Banking & Debt Recovery,Corporate Law,Corporate-Fraud,Haryana,Rohtak,Low,3,6,7,153,5,5,55,Conditional
CASE02117,Human Rights & PIL,Constitutional Law,Fundamental Rights-Article 14,Gujarat,Vadodara,Medium,7,8,6,154,8,6,23,No
CASE02118,Labour & Employment Disputes,Labour Law,Service-Promotion,Karnataka,Gulbarga,Low,5,6,4,196,5,2,74.88,Yes
CASE02119,Company / Insolvency (NCLT-NCLAT),Corporate Law,Oppression-Mismanagement,Gujarat,Bhavnagar,Medium,6,7,9,228,9,2,31,No
CASE02120,Insurance Claims,Consumer Law,Torts-Motor Accident,Haryana,Rohtak,Low,1,2,7,346,7,6,59,Conditional
CASE02121,Tax Law (Direct & Indirect),Administrative Law,Taxation-Property,Assam,Tinsukia,Low,1,6,7,337,4,5,56,Conditional
CASE02122,Arbitration & Mediation,Corporate Law,Arbitration-Appointment,Tamil Nadu,Madurai,High,9,6,3,168,5,2,32.96,No
CASE02123,Intellectual Property,Civil Law,Geographical Indication,Madhya Pradesh,Bhopal,Medium,8,5,4,322,4,2,76,Yes
CASE02124,Consumer Protection,Consumer Law,Services-Travel,Uttar Pradesh,Agra,Medium,6,5,4,386,8,4,56.12,Conditional
CASE02125,Environmental Law,Criminal Law,Environment-Pollution,Punjab,Ludhiana,Medium,3,8,5,362,10,5,30,No
CASE02126,Intellectual Property,Civil Law,Trade Mark,Kerala,Kollam,High,8,7,5,289,8,2,64.9,Yes
CASE02127,Immigration & Passport Matters,Administrative Law,Service-Transfer,Uttar Pradesh,Noida,Medium,10,5,3,365,8,2,56.12,Conditional
CASE02128,Insurance Claims,Consumer Law,Torts-Motor Accident,Haryana,Gurugram,Medium,3,4,3,107,3,5,54,Conditional
CASE02129,Company / Insolvency (NCLT-NCLAT),Corporate Law,Arbitration-Enforcement,Haryana,Panipat,Medium,1,4,7,68,9,5,37,No
CASE02130,Constitutional Law,Constitutional Law,Fundamental Rights-Article 14,Kerala,Thiruvananthapuram,Medium,9,10,6,299,5,3,36.3,No
CASE02131,Property Disputes,Property Law,Building-Construction,Haryana,Hisar,Low,4,10,6,189,1,2,62,Yes
CASE02132,Intellectual Property,Civil Law,Geographical Indication,Delhi,South Delhi,Low,1,6,4,206,4,4,71.28,Yes
CASE02133,Criminal Appeals,Criminal Law,IPC-Murder,Gujarat,Surat,Medium,5,9,8,264,1,2,28,No
CASE02134,Company / Insolvency (NCLT-NCLAT),Corporate Law,Arbitration-Enforcement,Delhi,North Delhi,High,8,10,3,190,7,5,37.8,No
CASE02135,Consumer Protection,Consumer Law,Services-Travel,Karnataka,Mangalore,High,4,3,8,223,1,6,28.08,No
CASE02136,Immigration & Passport Matters,Administrative Law,Service-Transfer,Haryana,Faridabad,Low,9,9,4,332,3,3,77,Yes
CASE02137,Company / Insolvency (NCLT-NCLAT),Corporate Law,Arbitration-Enforcement,Assam,Nagaon,High,10,3,6,185,9,4,40,Conditional
CASE02138,Motor Accident Claims,Civil Law,Torts-Motor Accident,Rajasthan,Udaipur,Medium,1,4,6,150,8,4,45.57,Conditional
CASE02139,Medical Negligence,Civil Law,Torts-Medical Negligence,Delhi,North Delhi,High,3,6,9,340,1,6,24.84,No
CASE02140,Banking & Debt Recovery,Corporate Law,Insolvency,Madhya Pradesh,Gwalior,Low,7,10,6,73,10,5,68,Yes
CASE02141,Banking & Debt Recovery,Corporate Law,Insolvency,Karnataka,Hubli,Low,10,8,3,79,10,6,72.8,Yes
CASE02142,Immigration & Passport Matters,Administrative Law,Service-Transfer,Punjab,Amritsar,Low,3,7,6,343,9,6,61,Yes
CASE02143,Tax Law (Direct & Indirect),Administrative Law,Taxation-Service,Tamil Nadu,Salem,High,10,2,8,113,4,3,29.87,No
CASE02144,Arbitration & Mediation,Corporate Law,Arbitration-International,Gujarat,Vadodara,Medium,10,7,8,305,8,4,46,Conditional
CASE02145,Consumer Protection,Consumer Law,Practices-E-commerce,Madhya Pradesh,Jabalpur,Medium,2,3,9,159,6,5,40,Conditional
CASE02146,Environmental Law,Criminal Law,Environment-Pollution,West Bengal,Howrah,Medium,7,8,5,314,9,3,43,Conditional
CASE02147,NI Act / Cheque Bounce,Criminal Law,IPC-Criminal Breach of Trust,Bihar,Darbhanga,Low,1,7,8,150,6,3,26.4,No
CASE02148,Corporate & Commercial Law,Corporate Law,Arbitration-Enforcement,Kerala,Kochi,Medium,5,6,8,229,1,2,36.3,No
CASE02149,Civil Suits,Civil Law,Torts-Motor Accident,West Bengal,Siliguri,Medium,9,1,3,186,10,5,72,Yes
CASE02150,NI Act / Cheque Bounce,Criminal Law,IPC-Cheating,Rajasthan,Jodhpur,Low,5,10,4,347,2,6,47.43,Conditional
CASE02151,Human Rights & PIL,Constitutional Law,Fundamental Rights-Article 15,Tamil Nadu,Erode,High,3,10,5,253,10,2,0,No
CASE02152,Bail Applications,Criminal Law,IPC-Hurt,Delhi,New Delhi,Medium,1,4,7,95,9,6,25.92,No
CASE02153,Corporate & Commercial Law,Corporate Law,Director-Conflict,Gujarat,Jamnagar,Low,5,1,4,49,5,6,59,Conditional
CASE02154,NI Act / Cheque Bounce,Criminal Law,IPC-Criminal Breach of Trust,Rajasthan,Udaipur,Low,4,1,5,233,9,2,51.15,Conditional
CASE02155,Family Disputes,Family Law,Child Custody-Legal,Assam,Tinsukia,Low,5,2,4,35,10,2,89,Yes
CASE02156,Constitutional Law,Constitutional Law,Writ-Habeas Corpus,Bihar,Darbhanga,Medium,10,8,3,247,10,5,27.28,No
CASE02157,Labour & Employment Disputes,Labour Law,Industrial-Layoff,Gujarat,Bhavnagar,High,9,7,8,180,7,2,34,No
CASE02158,Motor Accident Claims,Civil Law,Torts-Motor Accident,Karnataka,Davangere,High,7,3,5,100,1,5,52,Conditional
CASE02159,Consumer Protection,Consumer Law,Products-Electronic,Tamil Nadu,Tiruchirappalli,Medium,8,5,7,279,6,6,67.98,Yes
CASE02160,Intellectual Property,Civil Law,Copyright,Assam,Tinsukia,Medium,9,4,3,221,8,5,79,Yes
CASE02161,Medical Negligence,Civil Law,Torts-Medical Negligence,Haryana,Ambala,High,3,9,9,373,3,5,28,No
CASE02162,Company / Insolvency (NCLT-NCLAT),Corporate Law,Oppression-Mismanagement,Madhya Pradesh,Jabalpur,Medium,10,5,7,306,4,3,63,Yes
CASE02163,Anti-Corruption & Vigilance,Criminal Law,IPC-Cheating,Bihar,Bhagalpur,Medium,3,3,5,33,3,4,32.56,No
CASE02164,Family Disputes,Family Law,Maintenance-Spousal,Haryana,Panipat,Medium,3,2,6,175,2,5,65,Yes
CASE02165,Arbitration & Mediation,Corporate Law,Arbitration-Appointment,Assam,Nagaon,High,6,9,4,212,5,6,28,No
CASE02166,Real Estate & RERA,Property Law,Building-Construction,Bihar,Muzaffarpur,Medium,9,4,3,37,2,5,62.48,Yes
CASE02167,Bail Applications,Criminal Law,IPC-Hurt,Delhi,West Delhi,Medium,2,8,9,287,3,4,20.52,No
CASE02168,Banking & Debt Recovery,Corporate Law,Insolvency,Haryana,Hisar,Medium,2,1,9,109,6,5,26,No
CASE02169,Writ Petitions,Constitutional Law,Writ-Mandamus,Gujarat,Ahmedabad,Medium,7,3,6,290,2,2,30,No
CASE02170,Tax Law (Direct & Indirect),Administrative Law,Taxation-Professional,Haryana,Faridabad,Low,5,5,7,198,1,6,66,Yes
CASE02171,Motor Accident Claims,Civil Law,Torts-Motor Accident,Maharashtra,Amravati,High,7,4,5,362,2,4,48.3,Conditional
CASE02172,Anti-Corruption & Vigilance,Criminal Law,IPC-Cheating,Haryana,Rohtak,Low,7,7,5,374,3,4,56,Conditional
CASE02173,Environmental Law,Criminal Law,Environment-Forest,Madhya Pradesh,Sagar,Medium,10,2,6,31,1,3,52,Conditional
CASE02174,Arbitration & Mediation,Corporate Law,Arbitration-International,Bihar,Munger,High,7,5,7,117,5,6,25.52,No
CASE02175,Labour & Employment Disputes,Labour Law,Wages-Overtime,Kerala,Kollam,High,7,8,9,78,6,5,24.2,No
CASE02176,Arbitration & Mediation,Corporate Law,Arbitration-Appointment,Rajasthan,Udaipur,Low,1,3,9,136,2,3,26.97,No
CASE02177,Cyber Crime & IT Act,Criminal Law,Cyber Crime-Hacking,Kerala,Kozhikode,High,8,8,5,318,8,6,35.2,No
CASE02178,Tax Law (Direct & Indirect),Administrative Law,Taxation-Property,Haryana,Panipat,Low,2,10,6,158,6,2,55,Conditional
CASE02179,NI Act / Cheque Bounce,Criminal Law,IPC-Criminal Breach of Trust,Madhya Pradesh,Ujjain,High,7,6,6,107,4,3,26,No
CASE02180,Constitutional Law,Constitutional Law,Writ-Mandamus,Bihar,Muzaffarpur,Low,8,3,5,265,4,2,41.36,Conditional
CASE02181,Bail Applications,Criminal Law,IPC-Assault,Uttar Pradesh,Kanpur,Medium,6,9,4,200,4,4,41.4,Conditional
CASE02182,Company / Insolvency (NCLT-NCLAT),Corporate Law,Insolvency,Karnataka,Mangalore,Low,1,3,7,303,5,6,48.88,Conditional
CASE02183,Banking & Debt Recovery,Corporate Law,Corporate-Fraud,Madhya Pradesh,Bhopal,Low,1,9,4,293,6,4,53,Conditional
CASE02184,Real Estate & RERA,Property Law,Building-Construction,Gujarat,Jamnagar,Low,6,8,7,393,2,2,77,Yes
CASE02185,Insurance Claims,Consumer Law,Services-Insurance,West Bengal,Durgapur,Medium,6,1,8,342,2,2,51,Conditional
CASE02186,Environmental Law,Criminal Law,Environment-Forest,Uttar Pradesh,Varanasi,Medium,9,1,3,262,10,4,47.84,Conditional
CASE02187,Motor Accident Claims,Civil Law,Torts-Motor Accident,West Bengal,Durgapur,Low,10,8,5,345,6,6,97,Yes
CASE02188,Real Estate & RERA,Property Law,Housing-Society,Uttar Pradesh,Lucknow,High,9,7,9,218,10,5,32.2,No
CASE02189,Banking & Debt Recovery,Corporate Law,Corporate-Fraud,Gujarat,Bhavnagar,Medium,1,1,9,379,5,4,22,No
CASE02190,Environmental Law,Criminal Law,Environment-Forest,West Bengal,Hooghly,High,8,1,6,278,6,5,29,No
CASE02191,Company / Insolvency (NCLT-NCLAT),Corporate Law,Insolvency,Kerala,Kollam,Low,1,7,8,62,5,6,39.6,No
CASE02192,Motor Accident Claims,Civil Law,Torts-Motor Accident,Bihar,Gaya,Medium,5,6,4,342,8,3,53.68,Conditional
CASE02193,NI Act / Cheque Bounce,Criminal Law,IPC-Criminal Breach of Trust,Assam,Tinsukia,Low,1,9,3,336,6,5,47,Conditional
CASE02194,Property Disputes,Property Law,Land-Boundary,Haryana,Faridabad,Low,3,3,4,247,2,4,67,Yes
CASE02195,Property Disputes,Property Law,Land-Boundary,West Bengal,Hooghly,Low,2,8,9,118,5,5,42,Conditional
CASE02196,Criminal Appeals,Criminal Law,IPC-Cheating,Haryana,Hisar,Medium,4,10,6,358,1,2,40,Conditional
CASE02197,Consumer Protection,Consumer Law,Products-Vehicles,Punjab,Jalandhar,Medium,2,10,6,150,8,2,52,Conditional
CASE02198,Family Disputes,Family Law,Inheritance-Intestate,Madhya Pradesh,Jabalpur,Low,4,6,8,225,4,3,63,Yes
CASE02199,Arbitration & Mediation,Corporate Law,Arbitration-International,Bihar,Muzaffarpur,Low,6,1,3,369,4,2,58.96,Conditional
CASE02200,Criminal Appeals,Criminal Law,IPC-Murder,Rajasthan,Udaipur,Low,2,8,4,39,9,4,40.92,Conditional
CASE02201,Company / Insolvency (NCLT-NCLAT),Corporate Law,Oppression-Mismanagement,Kerala,Thiruvananthapuram,Medium,2,8,4,76,6,6,40.7,Conditional
CASE02202,Property Disputes,Property Law,Housing-Society,Karnataka,Davangere,Low,2,1,7,367,5,5,64.48,Yes
CASE02203,Writ Petitions,Constitutional Law,Writ-Habeas Corpus,Delhi,New Delhi,High,3,9,9,64,7,2,0,No
CASE02204,Intellectual Property,Civil Law,Patent,Assam,Guwahati,Medium,10,2,9,263,7,5,67,Yes
CASE02205,Tax Law (Direct & Indirect),Administrative Law,Taxation-Property,Uttar Pradesh,Ghaziabad,Medium,2,5,8,358,10,4,23.92,No
CASE02206,Company / Insolvency (NCLT-NCLAT),Corporate Law,Oppression-Mismanagement,Gujarat,Jamnagar,Medium,4,7,9,60,7,6,26,No
CASE02207,Cyber Crime & IT Act,Criminal Law,Cyber Crime-Hacking,Rajasthan,Ajmer,Low,3,1,3,329,5,3,46.5,Conditional
CASE02208,Constitutional Law,Constitutional Law,Writ-Habeas Corpus,Rajasthan,Jaipur,Low,10,3,5,147,6,3,50.22,Conditional
CASE02209,Corporate & Commercial Law,Corporate Law,Arbitration-Enforcement,Assam,Jorhat,Low,4,9,3,288,1,4,58,Conditional
CASE02210,Cyber Crime & IT Act,Criminal Law,Cyber Crime-Cyber Stalking,Karnataka,Davangere,Medium,5,4,6,193,9,3,38.48,No
CASE02211,Anti-Corruption & Vigilance,Criminal Law,IPC-Cheating,Uttar Pradesh,Agra,Low,5,10,7,371,1,5,52.44,Conditional
CASE02212,Human Rights & PIL,Constitutional Law,Fundamental Rights-Article 14,Haryana,Faridabad,High,2,8,8,32,7,4,0,No
CASE02213,Writ Petitions,Constitutional Law,Writ-Certiorari,Tamil Nadu,Chennai,Medium,5,7,9,36,2,2,4.12,No
CASE02214,Arbitration & Mediation,Corporate Law,Arbitration-Appointment,Gujarat,Ahmedabad,Medium,8,2,3,271,4,3,59,Conditional
CASE02215,Cyber Crime & IT Act,Criminal Law,Cyber Crime-Hacking,Delhi,South Delhi,Low,5,1,8,112,4,4,37.8,No
CASE02216,Arbitration & Mediation,Corporate Law,Arbitration-Challenge,Haryana,Gurugram,Low,9,8,8,63,2,2,52,Conditional
CASE02217,Property Disputes,Property Law,Building-Construction,Madhya Pradesh,Sagar,Low,2,4,4,303,1,6,57,Conditional
CASE02218,Motor Accident Claims,Civil Law,Torts-Motor Accident,Rajasthan,Jaipur,Medium,10,2,6,158,7,4,70.68,Yes
CASE02219,Banking & Debt Recovery,Corporate Law,Contract-Breach,Kerala,Alappuzha,Medium,5,3,6,208,9,3,44,Conditional
CASE02220,Family Disputes,Family Law,Maintenance-Spousal,Bihar,Munger,High,1,10,4,327,6,3,29.92,No
CASE02221,Medical Negligence,Civil Law,Torts-Medical Negligence,Uttar Pradesh,Meerut,High,7,5,7,56,6,2,46.92,Conditional
CASE02222,Insurance Claims,Consumer Law,Services-Insurance,Uttar Pradesh,Varanasi,High,10,1,3,35,3,4,52.44,Conditional
CASE02223,Labour & Employment Disputes,Labour Law,Industrial-Retrenchment,Tamil Nadu,Salem,High,1,6,5,46,3,5,22.66,No
CASE02224,Immigration & Passport Matters,Administrative Law,Service-Transfer,Maharashtra,Mumbai,Medium,5,3,4,53,2,2,47.25,Conditional
CASE02225,Insurance Claims,Consumer Law,Torts-Motor Accident,West Bengal,Durgapur,Medium,6,9,4,181,7,3,65,Yes
CASE02226,Property Disputes,Property Law,Land-Title,West Bengal,Howrah,Low,8,3,6,197,1,4,74,Yes
CASE02227,Anti-Corruption & Vigilance,Criminal Law,IPC-Cheating,Haryana,Panipat,Medium,2,2,3,394,1,6,35,No
CASE02228,Consumer Protection,Consumer Law,Practices-E-commerce,Gujarat,Ahmedabad,Medium,2,10,3,70,2,5,47,Conditional
CASE02229,Constitutional Law,Constitutional Law,Fundamental Rights-Article 15,Delhi,West Delhi,High,9,7,5,116,3,2,7.56,No
CASE02230,Company / Insolvency (NCLT-NCLAT),Corporate Law,Oppression-Mismanagement,Punjab,Ludhiana,Medium,4,5,8,121,1,2,29,No
CASE02231,Criminal Appeals,Criminal Law,IPC-Murder,Maharashtra,Navi Mumbai,Medium,8,4,6,371,10,6,50.4,Conditional
CASE02232,Insurance Claims,Consumer Law,Torts-Motor Accident,Kerala,Thrissur,Medium,10,9,6,178,4,5,88,Yes
CASE02233,Civil Suits,Civil Law,Contract-Breach,Kerala,Kozhikode,Medium,7,2,3,253,7,4,75.9,Yes
CASE02234,Consumer Protection,Consumer Law,Products-Vehicles,Assam,Jorhat,Medium,6,7,7,235,1,4,62,Yes
CASE02235,Anti-Corruption & Vigilance,Criminal Law,IPC-Criminal Breach of Trust,Assam,Tinsukia,Low,10,1,4,258,4,2,75,Yes
CASE02236,Corporate & Commercial Law,Corporate Law,Arbitration-Enforcement,Gujarat,Surat,Medium,6,3,6,232,7,2,49,Conditional
CASE02237,Environmental Law,Criminal Law,Environment-Forest,Bihar,Gaya,Medium,1,7,4,157,5,5,25.52,No
CASE02238,POCSO & Juvenile Justice,Criminal Law,IPC-Gang Rape,Rajasthan,Udaipur,High,10,8,7,40,10,6,34.41,No
CASE02239,Corporate & Commercial Law,Corporate Law,Arbitration-Enforcement,Bihar,Patna,Medium,10,1,8,90,1,5,41.36,Conditional
CASE02240,Tax Law (Direct & Indirect),Administrative Law,Taxation-Service,Punjab,Patiala,Low,9,5,9,60,7,6,67,Yes
CASE02241,Property Disputes,Property Law,Land-Title,Bihar,Patna,High,4,6,4,336,10,5,29.92,No
CASE02242,POCSO & Juvenile Justice,Criminal Law,IPC-Acid Attack,Haryana,Panipat,Medium,5,1,5,145,8,4,40,Conditional
CASE02243,POCSO & Juvenile Justice,Criminal Law,IPC-Gang Rape,Assam,Tinsukia,Medium,6,3,5,205,1,6,42,Conditional
CASE02244,Writ Petitions,Constitutional Law,Writ-Prohibition,Karnataka,Mangalore,Medium,5,10,6,212,6,2,20.8,No
CASE02245,Company / Insolvency (NCLT-NCLAT),Corporate Law,Arbitration-Enforcement,Punjab,Ludhiana,High,6,3,8,347,4,2,16,No
CASE02246,Writ Petitions,Constitutional Law,Writ-Quo Warranto,Gujarat,Surat,Medium,10,1,5,215,7,3,32,No
CASE02247,Constitutional Law,Constitutional Law,Fundamental Rights-Article 14,Delhi,East Delhi,Low,3,3,4,43,3,6,31.32,No
CASE02248,Tax Law (Direct & Indirect),Administrative Law,Taxation-Service,Bihar,Munger,Medium,5,10,4,96,10,2,45.76,Conditional
CASE02249,Immigration & Passport Matters,Administrative Law,Service-Transfer,Bihar,Muzaffarpur,Low,3,4,8,388,6,5,36.08,No
CASE02250,Intellectual Property,Civil Law,Geographical Indication,Rajasthan,Jaipur,High,4,3,3,276,7,2,39.06,No
CASE02251,Writ Petitions,Constitutional Law,Writ-Certiorari,Delhi,East Delhi,High,5,8,3,253,4,6,0,No
CASE02252,Property Disputes,Property Law,Mortgage-Dispute,Karnataka,Belgaum,High,8,9,7,378,6,6,47.84,Conditional
CASE02253,Anti-Corruption & Vigilance,Criminal Law,IPC-Criminal Breach of Trust,Assam,Silchar,High,1,10,3,280,8,6,6,No
CASE02254,Banking & Debt Recovery,Corporate Law,Corporate-Fraud,Uttar Pradesh,Meerut,Medium,1,10,7,370,10,3,29.44,No
CASE02255,Environmental Law,Criminal Law,Environment-Forest,West Bengal,Hooghly,Medium,5,4,7,399,4,4,35,No
CASE02256,Real Estate & RERA,Property Law,Lease-Commercial,Maharashtra,Amravati,High,4,2,8,72,7,2,16.8,No
CASE02257,Environmental Law,Criminal Law,Environment-Pollution,Assam,Nagaon,Low,6,8,4,303,2,3,63,Yes
CASE02258,Labour & Employment Disputes,Labour Law,Termination-Retirement,Gujarat,Vadodara,Low,4,2,5,190,5,6,65,Yes
CASE02259,Anti-Corruption & Vigilance,Criminal Law,IPC-Cheating,Assam,Silchar,High,9,6,7,233,4,2,31,No
CASE02260,Writ Petitions,Constitutional Law,Writ-Habeas Corpus,West Bengal,Asansol,Medium,5,3,7,272,3,2,16,No
CASE02261,Constitutional Law,Constitutional Law,Writ-Habeas Corpus,Punjab,Amritsar,Low,9,9,7,239,9,3,50,Conditional
CASE02262,Intellectual Property,Civil Law,Geographical Indication,Madhya Pradesh,Indore,Medium,1,9,3,177,8,6,53,Conditional
CASE02263,Company / Insolvency (NCLT-NCLAT),Corporate Law,Insolvency,Maharashtra,Thane,Medium,4,9,5,245,2,6,48.3,Conditional
CASE02264,Arbitration & Mediation,Corporate Law,Arbitration-Enforcement,Maharashtra,Amravati,Low,4,3,6,137,6,3,56.7,Conditional
CASE02265,Family Disputes,Family Law,Domestic Violence-Physical,Maharashtra,Mumbai,Low,6,10,4,43,7,5,90.3,Yes
CASE02266,Consumer Protection,Consumer Law,Services-Travel,Kerala,Alappuzha,Medium,4,1,4,244,6,3,63.8,Yes
CASE02267,Consumer Protection,Consumer Law,Products-Electronic,Haryana,Gurugram,Medium,9,3,3,362,3,5,72,Yes
CASE02268,Company / Insolvency (NCLT-NCLAT),Corporate Law,Insolvency,Haryana,Gurugram,Low,7,2,6,196,7,5,68,Yes
CASE02269,Tax Law (Direct & Indirect),Administrative Law,Taxation-Property,Assam,Dibrugarh,High,5,10,7,83,8,5,29,No
CASE02270,Constitutional Law,Constitutional Law,Fundamental Rights-Article 15,Gujarat,Rajkot,Low,4,4,8,318,3,3,12,No
CASE02271,Consumer Protection,Consumer Law,Services-Travel,Punjab,Amritsar,Low,3,6,7,92,9,3,71,Yes
CASE02272,Tax Law (Direct & Indirect),Administrative Law,Taxation-Service,Tamil Nadu,Erode,Medium,9,8,6,383,6,6,59.74,Conditional
CASE02273,Consumer Protection,Consumer Law,Products-Electronic,Maharashtra,Navi Mumbai,Low,9,1,4,302,4,3,87.15,Yes
CASE02274,Environmental Law,Criminal Law,Environment-Pollution,Assam,Dibrugarh,Medium,8,6,9,78,10,5,29,No
CASE02275,Immigration & Passport Matters,Administrative Law,Service-Transfer,Tamil Nadu,Chennai,Low,1,10,7,127,5,4,59.74,Conditional
CASE02276,Writ Petitions,Constitutional Law,Writ-Mandamus,Delhi,New Delhi,Low,8,5,4,389,6,5,52.92,Conditional
CASE02277,NI Act / Cheque Bounce,Criminal Law,IPC-Criminal Breach of Trust,Tamil Nadu,Vellore,Low,6,3,9,308,10,5,39.14,No
CASE02278,Environmental Law,Criminal Law,Environment-Forest,Tamil Nadu,Erode,Medium,5,5,4,348,3,3,45.32,Conditional
CASE02279,Insurance Claims,Consumer Law,Torts-Motor Accident,Rajasthan,Bikaner,Medium,6,4,9,32,9,5,40.92,Conditional
CASE02280,Medical Negligence,Civil Law,Services-Health,Madhya Pradesh,Ujjain,Low,6,7,5,301,9,2,83,Yes
CASE02281,Labour & Employment Disputes,Labour Law,Industrial-Retrenchment,Maharashtra,Thane,Low,7,8,5,41,4,3,85.05,Yes
CASE02282,Immigration & Passport Matters,Administrative Law,Service-Transfer,Bihar,Gaya,Medium,8,2,4,392,10,2,47.52,Conditional
CASE02283,Civil Suits,Civil Law,Contract-Breach,Assam,Dibrugarh,Low,9,1,7,262,2,6,93,Yes
CASE02284,Tax Law (Direct & Indirect),Administrative Law,Taxation-Service,Gujarat,Jamnagar,Medium,8,6,3,119,7,5,62,Yes
CASE02285,Banking & Debt Recovery,Corporate Law,Corporate-Fraud,Rajasthan,Ajmer,Medium,6,4,3,153,4,3,44.64,Conditional
CASE02286,Banking & Debt Recovery,Corporate Law,Corporate-Fraud,Madhya Pradesh,Bhopal,Medium,2,4,9,336,5,5,24,No
CASE02287,Arbitration & Mediation,Corporate Law,Arbitration-International,Karnataka,Mangalore,Low,6,7,4,158,9,3,61.36,Yes
CASE02288,NI Act / Cheque Bounce,Criminal Law,IPC-Criminal Breach of Trust,Uttar Pradesh,Meerut,Low,2,4,3,331,9,2,42.32,Conditional
CASE02289,Motor Accident Claims,Civil Law,Torts-Motor Accident,Madhya Pradesh,Sagar,Low,8,1,7,170,4,3,88,Yes
CASE02290,Criminal Appeals,Criminal Law,IPC-Murder,West Bengal,Asansol,High,1,2,6,245,10,4,5,No
CASE02291,Anti-Corruption & Vigilance,Criminal Law,IPC-Criminal Breach of Trust,Bihar,Gaya,Medium,6,10,7,313,9,4,37.84,No
CASE02292,NI Act / Cheque Bounce,Criminal Law,IPC-Cheating,Madhya Pradesh,Bhopal,Low,7,8,4,399,6,6,57,Conditional
CASE02293,Immigration & Passport Matters,Administrative Law,Service-Transfer,Haryana,Rohtak,Medium,2,9,5,365,3,4,37,No
CASE02294,Insurance Claims,Consumer Law,Services-Insurance,Delhi,South Delhi,Low,1,5,6,38,4,4,65.88,Yes
CASE02295,NI Act / Cheque Bounce,Criminal Law,IPC-Cheating,West Bengal,Howrah,Low,2,2,3,175,8,5,44,Conditional
CASE02296,Medical Negligence,Civil Law,Services-Health,Gujarat,Bhavnagar,Medium,6,4,7,186,7,2,68,Yes
CASE02297,Environmental Law,Criminal Law,Environment-Forest,Madhya Pradesh,Indore,Medium,9,1,3,353,6,4,55,Conditional
CASE02298,Consumer Protection,Consumer Law,Practices-E-commerce,Gujarat,Rajkot,Medium,4,4,3,136,7,6,62,Yes
CASE02299,Anti-Corruption & Vigilance,Criminal Law,IPC-Cheating,Bihar,Munger,Medium,3,4,7,325,1,6,25.52,No
CASE02300,Writ Petitions,Constitutional Law,Writ-Mandamus,Madhya Pradesh,Bhopal,Low,6,7,9,134,9,6,18,No
CASE02301,Motor Accident Claims,Civil Law,Torts-Motor Accident,Uttar Pradesh,Lucknow,Medium,3,7,5,280,8,6,51.52,Conditional
CASE02302,Civil Suits,Civil Law,Torts-Motor Accident,West Bengal,Hooghly,Medium,5,3,3,206,6,5,68,Yes
CASE02303,Writ Petitions,Constitutional Law,Writ-Prohibition,Uttar Pradesh,Noida,Low,10,2,6,314,7,4,41.4,Conditional
CASE02304,Corporate & Commercial Law,Corporate Law,Director-Conflict,Maharashtra,Amravati,Medium,3,1,8,109,4,3,19.95,No
CASE02305,Corporate & Commercial Law,Corporate Law,Shareholder-Issues,Assam,Guwahati,High,4,4,5,139,1,6,21,No
CASE02306,Labour & Employment Disputes,Labour Law,Termination-Retirement,West Bengal,Kolkata,High,4,1,7,179,10,5,31,No
CASE02307,Banking & Debt Recovery,Corporate Law,Insolvency,Delhi,South Delhi,Medium,9,10,3,233,6,3,58.32,Conditional
CASE02308,Labour & Employment Disputes,Labour Law,Compensation-Accident,Punjab,Patiala,Low,2,3,7,80,3,5,63,Yes
CASE02309,Banking & Debt Recovery,Corporate Law,Corporate-Fraud,Bihar,Muzaffarpur,Medium,10,2,4,57,8,4,52.8,Conditional
CASE02310,Consumer Protection,Consumer Law,Products-Electronic,Uttar Pradesh,Kanpur,Low,4,10,6,80,8,5,63.48,Yes
CASE02311,Arbitration & Mediation,Corporate Law,Arbitration-Challenge,Kerala,Alappuzha,Low,10,7,7,364,4,2,83.6,Yes
CASE02312,Bail Applications,Criminal Law,IPC-Assault,Madhya Pradesh,Indore,Medium,4,6,8,335,3,3,24,No
CASE02313,Bail Applications,Criminal Law,IPC-Hurt,Assam,Dibrugarh,Medium,10,4,6,109,7,4,57,Conditional
CASE02314,Bail Applications,Criminal Law,IPC-Assault,Karnataka,Belgaum,High,8,5,6,182,8,4,24.96,No
CASE02315,Banking & Debt Recovery,Corporate Law,Contract-Breach,Punjab,Ludhiana,Medium,7,9,8,190,9,5,32,No
CASE02316,Criminal Appeals,Criminal Law,IPC-Hurt,West Bengal,Hooghly,High,4,5,4,399,5,2,17,No
CASE02317,Intellectual Property,Civil Law,Trade Mark,Maharashtra,Amravati,Medium,9,4,8,34,1,3,65.1,Yes
CASE02318,NI Act / Cheque Bounce,Criminal Law,IPC-Cheating,Madhya Pradesh,Indore,Medium,8,4,6,109,4,2,51,Conditional
CASE02319,Human Rights & PIL,Constitutional Law,Fundamental Rights-Article 14,West Bengal,Howrah,Low,7,7,4,296,7,6,38,No
CASE02320,Criminal Appeals,Criminal Law,IPC-Murder,Punjab,Bathinda,Medium,1,4,9,70,2,2,8,No
CASE02321,Constitutional Law,Constitutional Law,Fundamental Rights-Article 14,West Bengal,Hooghly,Medium,9,5,9,367,1,5,21,No
CASE02322,Insurance Claims,Consumer Law,Services-Insurance,Bihar,Darbhanga,Low,3,9,4,141,8,3,58.08,Conditional
CASE02323,Arbitration & Mediation,Corporate Law,Arbitration-International,Haryana,Ambala,Medium,6,8,4,176,7,2,48,Conditional
CASE02324,Arbitration & Mediation,Corporate Law,Arbitration-Appointment,Maharashtra,Aurangabad,Medium,8,6,9,219,8,5,38.85,No
CASE02325,Arbitration & Mediation,Corporate Law,Arbitration-Appointment,Haryana,Faridabad,High,4,3,7,95,3,4,21,No
CASE02326,Civil Suits,Civil Law,Contract-Breach,West Bengal,Howrah,Medium,7,9,9,148,10,3,59,Conditional
CASE02327,Environmental Law,Criminal Law,Environment-Forest,Uttar Pradesh,Varanasi,Medium,8,3,6,149,3,2,45.08,Conditional
CASE02328,Constitutional Law,Constitutional Law,Writ-Mandamus,Kerala,Alappuzha,Low,3,10,9,229,2,3,12.1,No
CASE02329,Civil Suits,Civil Law,Contract-Breach,Assam,Dibrugarh,Medium,4,4,8,71,3,5,47,Conditional
CASE02330,Anti-Corruption & Vigilance,Criminal Law,IPC-Cheating,Tamil Nadu,Coimbatore,Medium,8,4,7,388,9,4,55.62,Conditional
CASE02331,Immigration & Passport Matters,Administrative Law,Licensing,Rajasthan,Jaipur,High,4,2,6,61,4,3,22.32,No
CASE02332,Company / Insolvency (NCLT-NCLAT),Corporate Law,Oppression-Mismanagement,Delhi,East Delhi,Medium,9,6,4,324,1,6,60.48,Yes
CASE02333,Motor Accident Claims,Civil Law,Torts-Motor Accident,Delhi,New Delhi,Medium,5,7,4,301,3,5,70.2,Yes
CASE02334,Bail Applications,Criminal Law,IPC-Hurt,Maharashtra,Solapur,Medium,8,6,3,62,8,6,49.35,Conditional
CASE02335,Cyber Crime & IT Act,Criminal Law,Cyber Crime-Phishing,Tamil Nadu,Salem,Medium,10,4,6,378,5,3,55.62,Conditional
CASE02336,Writ Petitions,Constitutional Law,Writ-Mandamus,Delhi,West Delhi,Low,6,2,6,278,5,3,39.96,No
CASE02337,Real Estate & RERA,Property Law,Lease-Commercial,Delhi,West Delhi,Medium,6,4,8,247,3,6,51.84,Conditional
CASE02338,Constitutional Law,Constitutional Law,Writ-Mandamus,Haryana,Hisar,Medium,5,6,4,71,5,2,17,No
CASE02339,Civil Suits,Civil Law,Contract-Breach,Bihar,Patna,Low,3,7,4,80,7,6,61.6,Yes
CASE02340,Arbitration & Mediation,Corporate Law,Arbitration-Enforcement,Bihar,Muzaffarpur,Medium,6,7,7,391,7,5,41.36,Conditional
CASE02341,Corporate & Commercial Law,Corporate Law,Arbitration-Challenge,Delhi,Central Delhi,Low,9,9,9,46,7,2,66.96,Yes
CASE02342,Insurance Claims,Consumer Law,Services-Insurance,Gujarat,Bhavnagar,High,3,5,5,263,1,6,29,No
CASE02343,Constitutional Law,Constitutional Law,Writ-Habeas Corpus,Madhya Pradesh,Ujjain,Medium,9,9,5,322,1,4,36,No
CASE02344,Tax Law (Direct & Indirect),Administrative Law,Taxation-Service,Kerala,Kochi,High,10,5,3,145,3,6,51.7,Conditional
CASE02345,Environmental Law,Criminal Law,Environment-Pollution,Tamil Nadu,Vellore,Medium,2,8,4,68,4,3,35.02,No
CASE02346,Immigration & Passport Matters,Administrative Law,Service-Transfer,Kerala,Kollam,Low,4,5,4,268,9,4,67.1,Yes
CASE02347,Corporate & Commercial Law,Corporate Law,Contract-Breach,Bihar,Bhagalpur,Medium,7,9,9,179,6,5,29.92,No
CASE02348,Banking & Debt Recovery,Corporate Law,Insolvency,Karnataka,Mysore,Medium,5,7,5,41,6,4,49.92,Conditional
CASE02349,Family Disputes,Family Law,Divorce-Mutual Consent,Bihar,Bhagalpur,Low,2,4,7,288,4,2,69.52,Yes
CASE02350,NI Act / Cheque Bounce,Criminal Law,IPC-Cheating,Haryana,Panipat,High,6,4,7,76,5,2,27,No
CASE02351,Anti-Corruption & Vigilance,Criminal Law,IPC-Cheating,Tamil Nadu,Madurai,Medium,3,7,3,41,4,3,35.02,No
CASE02352,Labour & Employment Disputes,Labour Law,Harassment-Sexual,Kerala,Kochi,Low,4,8,3,147,6,4,69.3,Yes
CASE02353,Constitutional Law,Constitutional Law,Writ-Habeas Corpus,Kerala,Kollam,Medium,8,7,6,149,10,5,34.1,No
CASE02354,Company / Insolvency (NCLT-NCLAT),Corporate Law,Arbitration-Enforcement,Assam,Tinsukia,Medium,10,10,7,302,5,2,55,Conditional
CASE02355,Family Disputes,Family Law,Divorce-Contested,Bihar,Gaya,High,3,10,8,379,2,3,24.64,No
CASE02356,Intellectual Property,Civil Law,Copyright,Assam,Guwahati,High,8,9,5,386,10,5,50,Conditional
CASE02357,Anti-Corruption & Vigilance,Criminal Law,IPC-Criminal Breach of Trust,Maharashtra,Solapur,High,5,7,9,76,3,3,7.35,No
CASE02358,Motor Accident Claims,Civil Law,Torts-Motor Accident,Kerala,Alappuzha,Medium,10,5,4,177,1,6,82.5,Yes
CASE02359,Cyber Crime & IT Act,Criminal Law,Cyber Crime-Cyber Stalking,Rajasthan,Udaipur,Medium,6,7,9,167,6,2,30.69,No
CASE02360,Intellectual Property,Civil Law,Copyright,Kerala,Kollam,Medium,9,6,6,150,7,3,84.7,Yes
CASE02361,Anti-Corruption & Vigilance,Criminal Law,IPC-Cheating,Bihar,Gaya,Low,4,7,9,97,6,4,31.68,No
CASE02362,Company / Insolvency (NCLT-NCLAT),Corporate Law,Arbitration-Enforcement,Assam,Jorhat,Medium,10,5,7,400,8,4,55,Conditional
CASE02363,Human Rights & PIL,Constitutional Law,PIL-Public Interest,Delhi,West Delhi,Low,6,1,3,126,2,4,45.36,Conditional
CASE02364,Environmental Law,Criminal Law,Environment-Pollution,Maharashtra,Thane,Low,7,6,5,92,8,6,68.25,Yes
CASE02365,Environmental Law,Criminal Law,Environment-Forest,Punjab,Amritsar,Low,7,2,7,203,8,2,60,Yes
CASE02366,Human Rights & PIL,Constitutional Law,Fundamental Rights-Article 15,Karnataka,Belgaum,Low,6,6,5,185,9,5,40.56,Conditional
CASE02367,Family Disputes,Family Law,Divorce-Contested,Maharashtra,Nashik,Low,10,8,6,142,2,2,100,Yes
CASE02368,Insurance Claims,Consumer Law,Services-Insurance,Rajasthan,Bikaner,Medium,2,4,6,385,5,5,47.43,Conditional
CASE02369,Constitutional Law,Constitutional Law,Fundamental Rights-Article 14,Uttar Pradesh,Allahabad,Medium,1,1,9,365,2,2,0,No
CASE02370,Property Disputes,Property Law,Lease-Commercial,Delhi,South Delhi,Medium,5,6,7,229,9,4,64.8,Yes
CASE02371,POCSO & Juvenile Justice,Criminal Law,IPC-Acid Attack,Tamil Nadu,Coimbatore,High,5,6,6,133,1,2,22.66,No
CASE02372,Intellectual Property,Civil Law,Geographical Indication,Madhya Pradesh,Jabalpur,High,5,10,5,379,8,3,50,Conditional
CASE02373,Banking & Debt Recovery,Corporate Law,Corporate-Fraud,Kerala,Kochi,Low,8,6,4,330,7,6,75.9,Yes
CASE02374,Motor Accident Claims,Civil Law,Torts-Motor Accident,Madhya Pradesh,Jabalpur,Low,8,10,3,300,4,5,90,Yes
CASE02375,Intellectual Property,Civil Law,Geographical Indication,Bihar,Muzaffarpur,Medium,2,5,9,369,5,3,37.84,No
CASE02376,POCSO & Juvenile Justice,Criminal Law,IPC-Acid Attack,Karnataka,Bangalore,Low,8,3,3,253,6,3,65.52,Yes
CASE02377,Tax Law (Direct & Indirect),Administrative Law,Taxation-Property,Madhya Pradesh,Bhopal,Medium,3,4,5,215,9,2,49,Conditional
CASE02378,Banking & Debt Recovery,Corporate Law,Contract-Breach,Madhya Pradesh,Jabalpur,High,1,1,5,368,1,6,12,No
CASE02379,Medical Negligence,Civil Law,Services-Health,Assam,Nagaon,High,7,3,7,384,9,2,51,Conditional
CASE02380,Criminal Appeals,Criminal Law,IPC-Murder,Uttar Pradesh,Ghaziabad,Low,8,7,9,337,6,6,46.92,Conditional
CASE02381,Anti-Corruption & Vigilance,Criminal Law,IPC-Cheating,Punjab,Bathinda,Medium,9,4,5,79,8,2,56,Conditional
CASE02382,Immigration & Passport Matters,Administrative Law,Service-Transfer,Uttar Pradesh,Allahabad,High,4,9,6,102,6,6,26.68,No
CASE02383,Family Disputes,Family Law,Domestic Violence-Physical,Maharashtra,Amravati,Low,5,9,7,322,6,4,87.15,Yes
CASE02384,Consumer Protection,Consumer Law,Services-Travel,Uttar Pradesh,Varanasi,Low,2,5,8,240,8,5,49.68,Conditional
CASE02385,Company / Insolvency (NCLT-NCLAT),Corporate Law,Insolvency,Madhya Pradesh,Gwalior,Low,6,8,8,149,6,6,44,Conditional
CASE02386,POCSO & Juvenile Justice,Criminal Law,IPC-Acid Attack,Gujarat,Bhavnagar,Medium,8,9,3,245,10,5,47,Conditional
CASE02387,Cyber Crime & IT Act,Criminal Law,IPC-Cheating,Uttar Pradesh,Lucknow,High,6,1,7,296,6,4,25.76,No
CASE02388,Insurance Claims,Consumer Law,Services-Insurance,Haryana,Rohtak,High,6,8,8,285,3,3,31,No
CASE02389,Insurance Claims,Consumer Law,Services-Insurance,West Bengal,Siliguri,Medium,1,8,8,282,3,4,38,No
CASE02390,Cyber Crime & IT Act,Criminal Law,IPC-Cheating,Haryana,Rohtak,Medium,6,2,8,183,1,5,30,No
CASE02391,Motor Accident Claims,Civil Law,Torts-Motor Accident,Madhya Pradesh,Sagar,Medium,6,3,9,163,7,6,53,Conditional
CASE02392,POCSO & Juvenile Justice,Criminal Law,IPC-Gang Rape,Kerala,Alappuzha,Medium,10,3,3,277,3,6,64.9,Yes
CASE02393,Company / Insolvency (NCLT-NCLAT),Corporate Law,Oppression-Mismanagement,Assam,Guwahati,Medium,4,7,9,67,6,5,22,No
CASE02394,Cyber Crime & IT Act,Criminal Law,Cyber Crime-Hacking,Uttar Pradesh,Ghaziabad,High,9,8,8,395,4,2,16.56,No
CASE02395,POCSO & Juvenile Justice,Criminal Law,IPC-Gang Rape,Delhi,Central Delhi,High,6,1,7,139,3,6,22.68,No
CASE02396,Intellectual Property,Civil Law,Design,Rajasthan,Jodhpur,High,8,3,3,168,8,2,49.29,Conditional
CASE02397,Human Rights & PIL,Constitutional Law,PIL-Public Interest,West Bengal,Siliguri,Medium,8,10,8,293,8,2,15,No
CASE02398,Civil Suits,Civil Law,Contract-Breach,Madhya Pradesh,Jabalpur,Medium,4,8,6,64,2,4,59,Conditional
CASE02399,Cyber Crime & IT Act,Criminal Law,Cyber Crime-Cyber Stalking,Gujarat,Rajkot,Medium,5,8,5,368,4,2,42,Conditional
CASE02400,Motor Accident Claims,Civil Law,Torts-Motor Accident,Bihar,Bhagalpur,Medium,5,10,8,390,6,2,42.24,Conditional
CASE02401,Bail Applications,Criminal Law,IPC-Assault,Tamil Nadu,Madurai,Medium,1,8,9,239,10,2,17.51,No
CASE02402,Banking & Debt Recovery,Corporate Law,Contract-Breach,Punjab,Bathinda,Medium,4,1,5,302,10,5,46,Conditional
CASE02403,Anti-Corruption & Vigilance,Criminal Law,IPC-Cheating,Tamil Nadu,Chennai,Low,9,2,9,191,3,4,52.53,Conditional
CASE02404,Intellectual Property,Civil Law,Patent,Punjab,Amritsar,Low,6,7,7,353,5,4,80,Yes
CASE02405,Writ Petitions,Constitutional Law,Writ-Quo Warranto,Maharashtra,Amravati,Low,3,6,7,111,3,4,28.35,No
CASE02406,Medical Negligence,Civil Law,Services-Health,Tamil Nadu,Madurai,High,7,3,6,194,1,3,56.65,Conditional
CASE02407,Real Estate & RERA,Property Law,Building-Construction,Rajasthan,Udaipur,Medium,10,3,9,152,7,6,52.08,Conditional
CASE02408,POCSO & Juvenile Justice,Criminal Law,IPC-Acid Attack,Punjab,Jalandhar,Low,5,10,4,135,5,4,51,Conditional
CASE02409,Corporate & Commercial Law,Corporate Law,Arbitration-Enforcement,Tamil Nadu,Chennai,Medium,5,9,5,73,6,3,46.35,Conditional
CASE02410,Immigration & Passport Matters,Administrative Law,Licensing,West Bengal,Howrah,Medium,3,9,7,131,3,3,39,No
CASE02411,Civil Suits,Civil Law,Property-Title,Madhya Pradesh,Bhopal,High,4,10,8,54,1,5,22,No
CASE02412,Tax Law (Direct & Indirect),Administrative Law,Taxation-Property,Maharashtra,Nagpur,High,7,8,7,301,6,2,35.7,No
CASE02413,Property Disputes,Property Law,Housing-Society,Punjab,Patiala,Medium,1,6,6,194,3,2,47,Conditional
CASE02414,Labour & Employment Disputes,Labour Law,Industrial-Retrenchment,Maharashtra,Navi Mumbai,High,5,1,8,284,10,5,17.85,No
CASE02415,Intellectual Property,Civil Law,Patent,Punjab,Chandigarh,Medium,6,6,6,329,7,6,65,Yes
CASE02416,Anti-Corruption & Vigilance,Criminal Law,IPC-Criminal Breach of Trust,Tamil Nadu,Madurai,Low,3,6,7,257,6,6,46.35,Conditional
CASE02417,Real Estate & RERA,Property Law,Building-Construction,Assam,Silchar,High,1,6,8,341,7,5,4,No
CASE02418,Arbitration & Mediation,Corporate Law,Arbitration-International,Uttar Pradesh,Kanpur,Medium,7,1,6,71,6,3,42.32,Conditional
CASE02419,Tax Law (Direct & Indirect),Administrative Law,Taxation-Professional,Uttar Pradesh,Varanasi,Medium,7,2,4,68,10,4,53.36,Conditional
CASE02420,Writ Petitions,Constitutional Law,Writ-Habeas Corpus,Haryana,Panipat,Medium,2,3,3,265,6,2,15,No
CASE02421,Cyber Crime & IT Act,Criminal Law,Cyber Crime-Phishing,Haryana,Faridabad,Low,8,2,5,374,1,2,62,Yes
CASE02422,Consumer Protection,Consumer Law,Services-Travel,Madhya Pradesh,Sagar,Low,4,3,5,265,3,2,77,Yes
CASE02423,Cyber Crime & IT Act,Criminal Law,Cyber Crime-Phishing,Assam,Tinsukia,Low,2,8,8,63,5,5,31,No
CASE02424,Criminal Appeals,Criminal Law,IPC-Hurt,Maharashtra,Navi Mumbai,Medium,6,1,4,185,2,5,39.9,No
CASE02425,Family Disputes,Family Law,Child Custody-Physical,Rajasthan,Udaipur,Medium,6,5,6,335,5,6,64.17,Yes
CASE02426,Property Disputes,Property Law,Lease-Commercial,Assam,Jorhat,Low,2,1,5,188,7,4,62,Yes
CASE02427,Cyber Crime & IT Act,Criminal Law,Cyber Crime-Hacking,Kerala,Thrissur,Medium,7,6,8,312,10,6,35.2,No
CASE02428,Corporate & Commercial Law,Corporate Law,Director-Conflict,Rajasthan,Jodhpur,High,2,10,9,329,8,3,3.72,No
CASE02429,Civil Suits,Civil Law,Torts-Motor Accident,Tamil Nadu,Erode,Low,9,6,3,262,2,6,95.79,Yes
CASE02430,Banking & Debt Recovery,Corporate Law,Insolvency,Madhya Pradesh,Bhopal,Medium,8,1,7,269,3,6,49,Conditional
CASE02431,NI Act / Cheque Bounce,Criminal Law,IPC-Criminal Breach of Trust,Madhya Pradesh,Indore,Medium,1,8,5,71,2,4,23,No
CASE02432,Company / Insolvency (NCLT-NCLAT),Corporate Law,Arbitration-Enforcement,Madhya Pradesh,Jabalpur,Medium,7,1,7,232,5,3,48,Conditional
CASE02433,Constitutional Law,Constitutional Law,Fundamental Rights-Article 14,West Bengal,Asansol,Medium,1,10,3,351,2,3,5,No
CASE02434,Arbitration & Mediation,Corporate Law,Arbitration-Enforcement,Karnataka,Hubli,High,8,10,6,100,1,5,35.36,No
CASE02435,POCSO & Juvenile Justice,Criminal Law,IPC-Gang Rape,West Bengal,Kolkata,Medium,3,10,4,315,3,3,29,No
CASE02436,Bail Applications,Criminal Law,IPC-Murder,Punjab,Chandigarh,Low,4,3,9,340,5,6,32,No
CASE02437,Tax Law (Direct & Indirect),Administrative Law,Taxation-Property,Kerala,Kozhikode,Medium,6,4,6,322,4,4,58.3,Conditional
CASE02438,Family Disputes,Family Law,Divorce-Mutual Consent,Gujarat,Surat,Low,2,3,8,256,6,3,62,Yes
CASE02439,Medical Negligence,Civil Law,Services-Health,Madhya Pradesh,Jabalpur,High,5,1,6,183,3,2,47,Conditional
CASE02440,Company / Insolvency (NCLT-NCLAT),Corporate Law,Arbitration-Enforcement,Delhi,East Delhi,Medium,7,7,4,381,9,5,56.16,Conditional
CASE02441,Real Estate & RERA,Property Law,Building-Construction,Assam,Silchar,Medium,9,2,8,280,7,3,54,Conditional
CASE02442,Human Rights & PIL,Constitutional Law,Fundamental Rights-Article 15,Bihar,Darbhanga,Medium,6,7,4,61,6,5,16.72,No
CASE02443,NI Act / Cheque Bounce,Criminal Law,IPC-Criminal Breach of Trust,Rajasthan,Bikaner,High,7,2,9,277,8,3,6.51,No
CASE02444,Arbitration & Mediation,Corporate Law,Arbitration-International,Kerala,Thrissur,Low,5,5,3,88,6,6,67.1,Yes
CASE02445,NI Act / Cheque Bounce,Criminal Law,IPC-Criminal Breach of Trust,Tamil Nadu,Madurai,Medium,10,2,3,62,3,3,59.74,Conditional
CASE02446,POCSO & Juvenile Justice,Criminal Law,IPC-Acid Attack,Maharashtra,Navi Mumbai,High,8,3,5,383,2,4,30.45,No
CASE02447,Cyber Crime & IT Act,Criminal Law,Cyber Crime-Cyber Stalking,Madhya Pradesh,Jabalpur,Low,7,7,9,394,5,2,48,Conditional
CASE02448,Civil Suits,Civil Law,Torts-Motor Accident,Karnataka,Belgaum,Medium,6,6,5,61,4,6,74.88,Yes
CASE02449,Consumer Protection,Consumer Law,Products-Vehicles,Haryana,Gurugram,High,5,8,7,75,10,4,37,No
CASE02450,Motor Accident Claims,Civil Law,Torts-Motor Accident,West Bengal,Howrah,Low,5,9,4,306,7,2,76,Yes
CASE02451,Cyber Crime & IT Act,Criminal Law,IPC-Cheating,Punjab,Ludhiana,Medium,5,5,5,146,2,2,42,Conditional
CASE02452,Property Disputes,Property Law,Housing-Society,Karnataka,Gulbarga,Medium,10,5,9,38,3,4,56.16,Conditional
CASE02453,Consumer Protection,Consumer Law,Practices-Misleading Ads,Bihar,Patna,Low,8,7,3,375,1,2,77.44,Yes
CASE02454,Property Disputes,Property Law,Lease-Commercial,Rajasthan,Ajmer,Low,3,2,8,263,6,4,40.92,Conditional
CASE02455,Labour & Employment Disputes,Labour Law,Compensation-Accident,Maharashtra,Nagpur,Medium,7,3,4,79,8,4,61.95,Yes
CASE02456,Anti-Corruption & Vigilance,Criminal Law,IPC-Cheating,Tamil Nadu,Tirunelveli,Medium,9,1,6,84,4,5,48.41,Conditional
CASE02457,Labour & Employment Disputes,Labour Law,Compensation-Accident,Maharashtra,Navi Mumbai,Low,6,3,7,306,7,4,81.9,Yes
CASE02458,Immigration & Passport Matters,Administrative Law,Service-Transfer,Maharashtra,Solapur,High,8,4,9,272,6,2,22.05,No
CASE02459,Intellectual Property,Civil Law,Patent,Bihar,Darbhanga,Low,9,6,6,194,5,4,83.6,Yes
CASE02460,Criminal Appeals,Criminal Law,IPC-Hurt,Karnataka,Mysore,Medium,3,10,4,320,7,6,30.16,No
CASE02461,Civil Suits,Civil Law,Property-Title,Karnataka,Mysore,Low,4,5,6,372,10,3,83.2,Yes
CASE02462,Family Disputes,Family Law,Child Custody-Legal,Kerala,Kozhikode,Low,8,6,9,263,7,5,85.8,Yes
CASE02463,Civil Suits,Civil Law,Torts-Motor Accident,West Bengal,Asansol,Medium,2,5,8,146,1,5,38,No
CASE02464,NI Act / Cheque Bounce,Criminal Law,IPC-Criminal Breach of Trust,Bihar,Darbhanga,Low,2,2,9,204,5,6,24.64,No
CASE02465,Criminal Appeals,Criminal Law,IPC-Hurt,Assam,Guwahati,Low,8,5,4,145,2,3,61,Yes
CASE02466,Anti-Corruption & Vigilance,Criminal Law,IPC-Cheating,Kerala,Thrissur,Low,8,8,3,362,3,6,70.4,Yes
CASE02467,Motor Accident Claims,Civil Law,Torts-Motor Accident,Delhi,North Delhi,Low,2,5,9,191,6,4,58.32,Conditional
CASE02468,Civil Suits,Civil Law,Contract-Breach,Maharashtra,Aurangabad,Medium,6,5,7,152,9,2,66.15,Yes
CASE02469,Environmental Law,Criminal Law,Environment-Forest,Uttar Pradesh,Meerut,Medium,6,9,7,350,1,6,43.24,Conditional
CASE02470,Real Estate & RERA,Property Law,Building-Construction,Bihar,Bhagalpur,Medium,7,5,3,91,5,2,57.2,Conditional
CASE02471,Human Rights & PIL,Constitutional Law,Fundamental Rights-Article 19,Karnataka,Davangere,Low,3,3,7,186,9,3,28.08,No
CASE02472,Tax Law (Direct & Indirect),Administrative Law,Taxation-Service,Maharashtra,Nagpur,Medium,7,5,7,40,1,4,60.9,Yes
CASE02473,Bail Applications,Criminal Law,IPC-Assault,Bihar,Darbhanga,Low,9,10,5,232,9,6,62.48,Yes
CASE02474,Motor Accident Claims,Civil Law,Torts-Motor Accident,Punjab,Chandigarh,Medium,4,8,5,217,5,6,67,Yes
CASE02475,Civil Suits,Civil Law,Property-Title,Punjab,Jalandhar,Medium,10,7,8,176,10,4,61,Yes
CASE02476,POCSO & Juvenile Justice,Criminal Law,IPC-Gang Rape,Tamil Nadu,Vellore,Medium,6,4,8,51,10,3,33.99,No
CASE02477,Motor Accident Claims,Civil Law,Torts-Motor Accident,Kerala,Thiruvananthapuram,Medium,5,2,5,150,3,5,69.3,Yes
CASE02478,Consumer Protection,Consumer Law,Services-Health,Assam,Dibrugarh,Medium,10,2,9,365,5,6,65,Yes
CASE02479,Company / Insolvency (NCLT-NCLAT),Corporate Law,Oppression-Mismanagement,Delhi,East Delhi,Medium,7,9,6,325,1,5,54,Conditional
CASE02480,Human Rights & PIL,Constitutional Law,Fundamental Rights-Article 14,Punjab,Bathinda,Medium,3,7,5,94,10,5,16,No
CASE02481,Constitutional Law,Constitutional Law,Fundamental Rights-Article 14,Haryana,Rohtak,Medium,5,9,4,358,10,2,18,No
CASE02482,Immigration & Passport Matters,Administrative Law,Service-Transfer,Assam,Silchar,Medium,10,5,5,60,7,2,60,Yes
CASE02483,Labour & Employment Disputes,Labour Law,Termination-Retirement,Assam,Guwahati,Low,3,10,3,342,1,4,64,Yes
CASE02484,Real Estate & RERA,Property Law,Housing-Society,Punjab,Chandigarh,Medium,3,5,5,150,2,5,45,Conditional
CASE02485,Immigration & Passport Matters,Administrative Law,Licensing,Delhi,North Delhi,High,5,5,7,339,4,3,28.08,No
CASE02486,Labour & Employment Disputes,Labour Law,Harassment-Sexual,Delhi,West Delhi,Medium,4,6,3,121,2,3,51.84,Conditional
CASE02487,Medical Negligence,Civil Law,Services-Health,West Bengal,Howrah,Medium,8,8,8,115,1,3,56,Conditional
CASE02488,NI Act / Cheque Bounce,Criminal Law,IPC-Cheating,Kerala,Thrissur,Low,7,1,5,189,4,3,72.6,Yes
CASE02489,Civil Suits,Civil Law,Torts-Motor Accident,Assam,Silchar,High,7,4,4,272,1,3,52,Conditional
CASE02490,NI Act / Cheque Bounce,Criminal Law,IPC-Cheating,Tamil Nadu,Madurai,Medium,4,6,5,58,7,3,39.14,No
CASE02491,Corporate & Commercial Law,Corporate Law,Contract-Breach,Tamil Nadu,Vellore,Low,1,2,8,366,8,4,38.11,No
CASE02492,Criminal Appeals,Criminal Law,IPC-Murder,West Bengal,Kolkata,Low,9,7,3,258,6,3,64,Yes
CASE02493,Tax Law (Direct & Indirect),Administrative Law,Taxation-Property,Bihar,Gaya,Medium,6,7,5,263,10,6,45.76,Conditional
CASE02494,Civil Suits,Civil Law,Contract-Breach,Kerala,Alappuzha,Low,1,9,8,278,8,5,61.6,Yes
CASE02495,Family Disputes,Family Law,Child Custody-Legal,Assam,Nagaon,Medium,4,1,8,47,9,3,53,Conditional
CASE02496,Immigration & Passport Matters,Administrative Law,Service-Transfer,Assam,Tinsukia,Low,3,5,8,207,6,2,40,Conditional
CASE02497,Civil Suits,Civil Law,Property-Title,West Bengal,Durgapur,Low,1,4,6,57,2,5,64,Yes
CASE02498,Constitutional Law,Constitutional Law,Fundamental Rights-Article 15,Maharashtra,Thane,Low,3,1,8,41,10,6,19.95,No
CASE02499,NI Act / Cheque Bounce,Criminal Law,IPC-Cheating,West Bengal,Hooghly,High,6,5,3,263,7,2,20,No
CASE02500,Human Rights & PIL,Constitutional Law,Fundamental Rights-Article 19,Gujarat,Jamnagar,Medium,6,6,9,358,3,5,7,No
CASE02501,NI Act / Cheque Bounce,Criminal Law,IPC-Cheating,Delhi,Central Delhi,High,7,1,8,130,8,6,14.04,No
CASE02502,Company / Insolvency (NCLT-NCLAT),Corporate Law,Arbitration-Enforcement,Haryana,Panipat,High,10,4,4,72,5,6,45,Conditional
CASE02503,Property Disputes,Property Law,Building-Construction,West Bengal,Kolkata,Medium,3,9,9,289,7,4,29,No
CASE02504,Insurance Claims,Consumer Law,Services-Insurance,Uttar Pradesh,Meerut,Medium,6,9,3,326,5,3,59.8,Conditional
CASE02505,Family Disputes,Family Law,Inheritance-Intestate,Tamil Nadu,Coimbatore,High,1,8,6,393,7,4,44.29,Conditional
CASE02506,Labour & Employment Disputes,Labour Law,Harassment-Sexual,Punjab,Chandigarh,Medium,1,9,6,48,8,3,44,Conditional
CASE02507,Labour & Employment Disputes,Labour Law,Industrial-Layoff,Tamil Nadu,Coimbatore,Medium,1,4,8,88,8,4,27.81,No
CASE02508,Tax Law (Direct & Indirect),Administrative Law,Taxation-Service,Haryana,Panipat,Medium,10,7,4,171,8,2,69,Yes
CASE02509,Family Disputes,Family Law,Domestic Violence-Physical,Maharashtra,Pune,High,4,8,5,322,2,3,51.45,Conditional
CASE02510,Civil Suits,Civil Law,Contract-Breach,Assam,Nagaon,Medium,9,2,7,180,3,4,79,Yes
CASE02511,Intellectual Property,Civil Law,Design,Maharashtra,Mumbai,Medium,8,1,9,74,4,6,58.8,Conditional
CASE02512,Constitutional Law,Constitutional Law,Fundamental Rights-Article 14,Maharashtra,Nashik,High,1,3,5,359,1,2,0,No
CASE02513,Insurance Claims,Consumer Law,Torts-Motor Accident,Uttar Pradesh,Ghaziabad,Medium,2,8,4,152,7,6,50.6,Conditional
CASE02514,Company / Insolvency (NCLT-NCLAT),Corporate Law,Oppression-Mismanagement,Uttar Pradesh,Kanpur,Low,4,10,8,393,1,2,39.56,No
CASE02515,Bail Applications,Criminal Law,IPC-Murder,Bihar,Muzaffarpur,Medium,4,8,5,130,2,5,35.2,No
CASE02516,Family Disputes,Family Law,Divorce-Contested,Bihar,Bhagalpur,Low,2,10,9,218,6,3,51.04,Conditional
CASE02517,Banking & Debt Recovery,Corporate Law,Contract-Breach,Punjab,Patiala,Medium,3,2,8,105,5,4,22,No
CASE02518,Consumer Protection,Consumer Law,Products-Electronic,Karnataka,Belgaum,Medium,4,9,3,234,9,6,62.4,Yes
CASE02519,Immigration & Passport Matters,Administrative Law,Licensing,Kerala,Kozhikode,Low,6,8,5,373,8,2,79.2,Yes
CASE02520,Motor Accident Claims,Civil Law,Torts-Motor Accident,Assam,Nagaon,Medium,2,2,8,186,1,3,38,No
CASE02521,Labour & Employment Disputes,Labour Law,Service-Promotion,Kerala,Kollam,Low,2,9,9,97,3,2,46.2,Conditional
CASE02522,POCSO & Juvenile Justice,Criminal Law,IPC-Gang Rape,Haryana,Ambala,Medium,2,6,4,371,2,4,32,No
CASE02523,Writ Petitions,Constitutional Law,Writ-Certiorari,Maharashtra,Thane,Low,4,1,7,337,1,5,33.6,No
CASE02524,Criminal Appeals,Criminal Law,IPC-Cheating,Haryana,Ambala,Low,4,5,5,43,8,3,56,Conditional
CASE02525,Property Disputes,Property Law,Lease-Commercial,Assam,Tinsukia,Medium,10,9,9,398,10,6,51,Conditional
CASE02526,Motor Accident Claims,Civil Law,Torts-Motor Accident,Karnataka,Mysore,Medium,7,9,7,253,1,2,70.72,Yes
CASE02527,Family Disputes,Family Law,Divorce-Mutual Consent,Bihar,Darbhanga,Medium,1,7,6,269,3,3,52.8,Conditional
CASE02528,Property Disputes,Property Law,Land-Title,Rajasthan,Bikaner,Medium,8,8,4,292,5,5,63.24,Yes
CASE02529,Consumer Protection,Consumer Law,Products-Vehicles,Madhya Pradesh,Sagar,Low,1,5,9,211,8,2,51,Conditional
CASE02530,Environmental Law,Criminal Law,Environment-Forest,Maharashtra,Navi Mumbai,Low,6,3,4,371,8,3,55.65,Conditional
CASE02531,Immigration & Passport Matters,Administrative Law,Licensing,Uttar Pradesh,Agra,Medium,9,1,6,349,7,5,54.28,Conditional
CASE02532,Constitutional Law,Constitutional Law,Writ-Mandamus,Madhya Pradesh,Bhopal,High,4,9,4,233,8,6,0,No
CASE02533,Intellectual Property,Civil Law,Design,West Bengal,Howrah,Low,4,6,9,304,3,2,66,Yes
CASE02534,Bail Applications,Criminal Law,IPC-Murder,Tamil Nadu,Chennai,High,8,8,3,377,9,3,35.02,No
CASE02535,Family Disputes,Family Law,Divorce-Contested,Bihar,Patna,High,4,1,5,360,2,6,38.72,No
CASE02536,Insurance Claims,Consumer Law,Services-Insurance,West Bengal,Siliguri,High,10,10,8,85,4,2,40,Conditional
CASE02537,Labour & Employment Disputes,Labour Law,Industrial-Retrenchment,Karnataka,Hubli,Medium,3,1,4,53,7,5,46.8,Conditional
CASE02538,Immigration & Passport Matters,Administrative Law,Service-Transfer,Maharashtra,Solapur,Medium,5,8,7,101,6,6,48.3,Conditional
CASE02539,Consumer Protection,Consumer Law,Products-Electronic,Uttar Pradesh,Allahabad,High,1,5,8,165,4,3,7.36,No
CASE02540,Cyber Crime & IT Act,Criminal Law,Cyber Crime-Phishing,Gujarat,Ahmedabad,Medium,10,9,4,181,2,5,58,Conditional
CASE02541,Real Estate & RERA,Property Law,Lease-Residential,Madhya Pradesh,Indore,Low,10,3,4,294,10,5,80,Yes
CASE02542,Criminal Appeals,Criminal Law,IPC-Murder,Kerala,Kozhikode,Low,1,2,4,149,3,5,47.3,Conditional
CASE02543,Anti-Corruption & Vigilance,Criminal Law,IPC-Criminal Breach of Trust,Madhya Pradesh,Ujjain,High,1,1,4,309,7,4,13,No
CASE02544,Real Estate & RERA,Property Law,Lease-Residential,Maharashtra,Mumbai,Low,1,4,7,193,10,6,56.7,Conditional
CASE02545,Writ Petitions,Constitutional Law,Writ-Habeas Corpus,Tamil Nadu,Tiruchirappalli,Medium,2,5,9,57,5,3,0,No
CASE02546,Company / Insolvency (NCLT-NCLAT),Corporate Law,Arbitration-Enforcement,Gujarat,Jamnagar,Low,9,3,8,355,1,6,52,Conditional
CASE02547,Motor Accident Claims,Civil Law,Torts-Motor Accident,Haryana,Faridabad,High,9,9,7,197,4,6,59,Conditional
CASE02548,Medical Negligence,Civil Law,Services-Health,Madhya Pradesh,Indore,Low,6,3,6,39,2,4,80,Yes
CASE02549,Property Disputes,Property Law,Land-Boundary,Kerala,Kochi,Low,1,2,3,64,5,3,63.8,Yes
CASE02550,Human Rights & PIL,Constitutional Law,PIL-Public Interest,Haryana,Ambala,Medium,1,4,4,302,1,6,11,No
CASE02551,Medical Negligence,Civil Law,Torts-Medical Negligence,Gujarat,Bhavnagar,Medium,10,4,4,376,9,2,76,Yes
CASE02552,Insurance Claims,Consumer Law,Torts-Motor Accident,Haryana,Panipat,High,6,2,9,227,4,3,28,No
CASE02553,Motor Accident Claims,Civil Law,Torts-Motor Accident,Punjab,Bathinda,High,7,6,3,328,6,5,54,Conditional
CASE02554,Human Rights & PIL,Constitutional Law,Fundamental Rights-Article 14,Assam,Tinsukia,Low,7,9,5,99,7,4,37,No
CASE02555,Corporate & Commercial Law,Corporate Law,Shareholder-Issues,Kerala,Kochi,Medium,7,4,5,316,1,6,61.6,Yes
CASE02556,NI Act / Cheque Bounce,Criminal Law,IPC-Cheating,Karnataka,Mysore,Medium,10,10,9,142,9,5,41.6,Conditional
CASE02557,NI Act / Cheque Bounce,Criminal Law,IPC-Cheating,Bihar,Patna,Medium,3,10,9,390,4,2,18.48,No
CASE02558,Tax Law (Direct & Indirect),Administrative Law,Taxation-Service,Assam,Tinsukia,Low,10,5,5,146,6,5,79,Yes
CASE02559,Real Estate & RERA,Property Law,Building-Construction,Bihar,Bhagalpur,Medium,6,3,8,142,4,2,36.08,No
CASE02560,Labour & Employment Disputes,Labour Law,Termination-Retirement,Tamil Nadu,Chennai,Low,2,4,6,44,9,5,61.8,Yes
CASE02561,Intellectual Property,Civil Law,Copyright,Gujarat,Ahmedabad,Low,2,9,9,355,4,4,51,Conditional
CASE02562,Criminal Appeals,Criminal Law,IPC-Cheating,Uttar Pradesh,Varanasi,Low,6,8,7,310,8,6,54.28,Conditional
CASE02563,Real Estate & RERA,Property Law,Housing-Society,Gujarat,Ahmedabad,Medium,8,4,4,48,10,6,68,Yes
CASE02564,Cyber Crime & IT Act,Criminal Law,Cyber Crime-Cyber Stalking,Delhi,Central Delhi,Medium,8,3,6,232,1,3,58.32,Conditional
CASE02565,Tax Law (Direct & Indirect),Administrative Law,Taxation-Property,Karnataka,Hubli,High,4,8,6,257,6,3,26,No
CASE02566,Cyber Crime & IT Act,Criminal Law,Cyber Crime-Cyber Stalking,Haryana,Hisar,Medium,10,10,5,259,5,5,53,Conditional
CASE02567,Consumer Protection,Consumer Law,Practices-E-commerce,Punjab,Amritsar,Medium,9,4,3,77,7,6,67,Yes
CASE02568,Environmental Law,Criminal Law,Environment-Forest,Bihar,Munger,High,6,5,7,388,9,2,17.6,No
CASE02569,Bail Applications,Criminal Law,IPC-Hurt,Maharashtra,Mumbai,Medium,5,5,5,356,3,6,45.15,Conditional
CASE02570,Constitutional Law,Constitutional Law,Fundamental Rights-Article 15,Rajasthan,Udaipur,High,8,4,4,395,7,2,12.09,No
CASE02571,Anti-Corruption & Vigilance,Criminal Law,IPC-Cheating,Madhya Pradesh,Ujjain,Medium,7,10,3,193,1,6,49,Conditional
CASE02572,POCSO & Juvenile Justice,Criminal Law,IPC-Gang Rape,Gujarat,Vadodara,Medium,1,9,3,286,3,4,27,No
CASE02573,Consumer Protection,Consumer Law,Services-Health,Punjab,Patiala,Medium,2,5,5,53,4,6,47,Conditional
CASE02574,Constitutional Law,Constitutional Law,Fundamental Rights-Article 15,Karnataka,Davangere,Low,4,8,3,295,2,2,33.28,No
CASE02575,Criminal Appeals,Criminal Law,IPC-Murder,Delhi,South Delhi,Low,2,6,7,377,8,4,47.52,Conditional
CASE02576,Writ Petitions,Constitutional Law,Writ-Quo Warranto,Gujarat,Surat,High,1,7,6,368,3,3,0,No
CASE02577,Consumer Protection,Consumer Law,Products-Vehicles,West Bengal,Siliguri,High,1,1,6,162,4,3,31,No
CASE02578,Constitutional Law,Constitutional Law,Writ-Mandamus,Tamil Nadu,Chennai,High,6,10,7,374,8,6,0,No
CASE02579,Property Disputes,Property Law,Housing-Society,Tamil Nadu,Erode,Low,9,2,6,31,2,6,86.52,Yes
CASE02580,Labour & Employment Disputes,Labour Law,Wages-Overtime,Haryana,Gurugram,Low,5,8,7,301,9,3,75,Yes
CASE02581,Environmental Law,Criminal Law,Environment-Pollution,Bihar,Patna,Low,8,1,9,275,10,5,42.24,Conditional
CASE02582,POCSO & Juvenile Justice,Criminal Law,IPC-Gang Rape,Punjab,Jalandhar,Medium,5,7,3,57,7,4,36,No
CASE02583,Medical Negligence,Civil Law,Services-Health,Kerala,Thrissur,Medium,9,4,9,35,3,3,63.8,Yes
CASE02584,Bail Applications,Criminal Law,IPC-Hurt,Rajasthan,Ajmer,Medium,4,1,7,98,6,6,34.41,No
CASE02585,Civil Suits,Civil Law,Torts-Motor Accident,Kerala,Kozhikode,High,4,5,8,113,4,2,35.2,No
CASE02586,Intellectual Property,Civil Law,Patent,Delhi,North Delhi,High,10,4,9,324,9,5,50.76,Conditional
CASE02587,Company / Insolvency (NCLT-NCLAT),Corporate Law,Oppression-Mismanagement,Madhya Pradesh,Jabalpur,Medium,1,1,3,215,2,4,32,No
CASE02588,Anti-Corruption & Vigilance,Criminal Law,IPC-Cheating,Gujarat,Ahmedabad,Medium,6,1,6,97,5,6,42,Conditional
CASE02589,Property Disputes,Property Law,Building-Construction,Haryana,Ambala,Medium,6,1,8,337,9,4,42,Conditional
CASE02590,Company / Insolvency (NCLT-NCLAT),Corporate Law,Insolvency,Madhya Pradesh,Indore,High,7,3,4,335,5,2,35,No
CASE02591,Family Disputes,Family Law,Divorce-Mutual Consent,Kerala,Kozhikode,Medium,5,5,7,360,4,5,73.7,Yes
CASE02592,Banking & Debt Recovery,Corporate Law,Contract-Breach,Tamil Nadu,Tirunelveli,High,5,2,3,184,8,4,25.75,No
CASE02593,POCSO & Juvenile Justice,Criminal Law,IPC-Acid Attack,Punjab,Amritsar,Medium,8,2,7,85,7,5,46,Conditional
CASE02594,Environmental Law,Criminal Law,Environment-Pollution,Uttar Pradesh,Ghaziabad,Low,10,6,8,169,9,4,46.92,Conditional
CASE02595,Human Rights & PIL,Constitutional Law,Fundamental Rights-Article 21,Uttar Pradesh,Lucknow,Medium,1,4,3,117,3,6,11.04,No
CASE02596,Intellectual Property,Civil Law,Geographical Indication,Tamil Nadu,Madurai,Medium,6,5,5,77,2,4,64.89,Yes
CASE02597,Corporate & Commercial Law,Corporate Law,Arbitration-Challenge,Bihar,Muzaffarpur,Low,10,1,4,363,10,3,64.24,Yes
CASE02598,Arbitration & Mediation,Corporate Law,Arbitration-Enforcement,Delhi,West Delhi,Low,6,9,7,389,10,6,72.36,Yes
CASE02599,Human Rights & PIL,Constitutional Law,Fundamental Rights-Article 21,Delhi,Central Delhi,Low,7,8,9,33,8,6,32.4,No
CASE02600,NI Act / Cheque Bounce,Criminal Law,IPC-Cheating,Maharashtra,Nashik,Medium,3,1,6,357,2,2,34.65,No
CASE02601,Constitutional Law,Constitutional Law,Fundamental Rights-Article 14,Karnataka,Mangalore,Low,9,10,4,245,4,3,50.96,Conditional
CASE02602,Insurance Claims,Consumer Law,Torts-Motor Accident,Kerala,Alappuzha,Medium,4,10,4,313,10,5,64.9,Yes
CASE02603,Civil Suits,Civil Law,Property-Title,Haryana,Gurugram,Low,6,6,8,200,1,6,71,Yes
CASE02604,Labour & Employment Disputes,Labour Law,Compensation-Accident,Delhi,North Delhi,Medium,8,4,8,275,9,3,51.84,Conditional
CASE02605,Insurance Claims,Consumer Law,Torts-Motor Accident,Punjab,Amritsar,Medium,5,1,4,146,8,4,56,Conditional
CASE02606,Arbitration & Mediation,Corporate Law,Arbitration-Challenge,Tamil Nadu,Coimbatore,Low,1,4,4,68,6,5,46.35,Conditional
CASE02607,Immigration & Passport Matters,Administrative Law,Licensing,Gujarat,Surat,Medium,9,2,9,74,6,6,50,Conditional
CASE02608,NI Act / Cheque Bounce,Criminal Law,IPC-Cheating,Bihar,Bhagalpur,Low,8,7,7,280,5,4,60.72,Yes
CASE02609,Arbitration & Mediation,Corporate Law,Arbitration-Challenge,Gujarat,Ahmedabad,Low,9,4,3,147,9,2,71,Yes
CASE02610,Labour & Employment Disputes,Labour Law,Industrial-Retrenchment,Karnataka,Bangalore,Medium,7,9,5,156,9,3,66.56,Yes
CASE02611,Bail Applications,Criminal Law,IPC-Murder,Madhya Pradesh,Gwalior,Medium,10,2,8,268,6,4,40,Conditional
CASE02612,Cyber Crime & IT Act,Criminal Law,Cyber Crime-Phishing,Uttar Pradesh,Allahabad,Medium,3,1,4,82,4,5,31.28,No
CASE02613,Criminal Appeals,Criminal Law,IPC-Murder,Karnataka,Mysore,Low,1,7,6,295,6,6,45.76,Conditional
CASE02614,Real Estate & RERA,Property Law,Lease-Commercial,Madhya Pradesh,Sagar,Medium,2,6,5,108,9,4,42,Conditional
CASE02615,Insurance Claims,Consumer Law,Services-Insurance,Delhi,North Delhi,Medium,4,5,3,90,4,5,60.48,Yes
CASE02616,Medical Negligence,Civil Law,Torts-Medical Negligence,Karnataka,Hubli,Low,6,8,4,96,10,6,90.48,Yes
CASE02617,Banking & Debt Recovery,Corporate Law,Insolvency,Tamil Nadu,Madurai,High,2,7,7,368,9,4,14.42,No
CASE02618,Real Estate & RERA,Property Law,Housing-Society,West Bengal,Hooghly,Medium,6,10,5,278,10,3,61,Yes
CASE02619,Banking & Debt Recovery,Corporate Law,Insolvency,Tamil Nadu,Madurai,Medium,10,5,7,197,6,4,61.8,Yes
CASE02620,Motor Accident Claims,Civil Law,Torts-Motor Accident,Madhya Pradesh,Gwalior,Low,1,2,4,103,6,5,64,Yes
CASE02621,NI Act / Cheque Bounce,Criminal Law,IPC-Cheating,Delhi,East Delhi,Low,4,2,7,98,7,2,51.84,Conditional
CASE02622,Labour & Employment Disputes,Labour Law,Wages-Minimum,Delhi,North Delhi,Low,3,9,6,118,5,4,73.44,Yes
CASE02623,Property Disputes,Property Law,Land-Boundary,Gujarat,Bhavnagar,Low,4,10,8,77,3,2,53,Conditional
CASE02624,Tax Law (Direct & Indirect),Administrative Law,Taxation-Professional,Delhi,East Delhi,Low,4,6,9,140,10,4,46.44,Conditional
CASE02625,Company / Insolvency (NCLT-NCLAT),Corporate Law,Insolvency,Kerala,Thrissur,Medium,5,9,9,209,4,4,33,No
CASE02626,Family Disputes,Family Law,Child Custody-Physical,Tamil Nadu,Madurai,Medium,2,2,5,329,5,3,60.77,Yes
CASE02627,Company / Insolvency (NCLT-NCLAT),Corporate Law,Oppression-Mismanagement,Uttar Pradesh,Meerut,Low,10,3,9,250,8,2,53.36,Conditional
CASE02628,Corporate & Commercial Law,Corporate Law,Oppression-Mismanagement,Karnataka,Belgaum,Low,8,8,3,395,8,5,72.8,Yes
CASE02629,Intellectual Property,Civil Law,Design,Haryana,Rohtak,Low,3,5,7,123,4,3,70,Yes
CASE02630,Company / Insolvency (NCLT-NCLAT),Corporate Law,Insolvency,Madhya Pradesh,Indore,Low,5,4,5,308,2,5,55,Conditional
CASE02631,Real Estate & RERA,Property Law,Lease-Residential,Assam,Dibrugarh,Low,10,6,4,192,7,4,86,Yes
CASE02632,Criminal Appeals,Criminal Law,IPC-Cheating,Karnataka,Bangalore,Low,3,9,4,285,3,6,47.84,Conditional
CASE02633,Writ Petitions,Constitutional Law,Writ-Prohibition,Assam,Tinsukia,Medium,5,6,9,283,5,4,0,No
CASE02634,Intellectual Property,Civil Law,Trade Mark,Karnataka,Hubli,High,10,5,4,212,9,3,59.28,Conditional
CASE02635,Civil Suits,Civil Law,Contract-Breach,Punjab,Chandigarh,Medium,10,4,6,303,6,6,78,Yes
CASE02636,Writ Petitions,Constitutional Law,Writ-Quo Warranto,Rajasthan,Jodhpur,Medium,8,1,7,75,4,4,26.04,No
CASE02637,Medical Negligence,Civil Law,Services-Health,Karnataka,Belgaum,Low,3,5,6,232,1,2,81.12,Yes
CASE02638,Immigration & Passport Matters,Administrative Law,Licensing,Maharashtra,Nashik,Medium,3,3,8,273,7,6,26.25,No
CASE02639,Constitutional Law,Constitutional Law,Fundamental Rights-Article 14,Maharashtra,Mumbai,Low,10,3,4,298,10,3,53.55,Conditional
CASE02640,Arbitration & Mediation,Corporate Law,Arbitration-Enforcement,Gujarat,Jamnagar,Low,7,3,8,219,1,3,52,Conditional
CASE02641,Arbitration & Mediation,Corporate Law,Arbitration-Challenge,Uttar Pradesh,Ghaziabad,Low,7,4,9,310,2,6,44.16,Conditional
CASE02642,Insurance Claims,Consumer Law,Services-Insurance,Karnataka,Mangalore,Medium,3,8,5,133,9,5,60.32,Yes
CASE02643,Criminal Appeals,Criminal Law,IPC-Murder,Bihar,Darbhanga,Medium,7,8,4,260,3,3,42.24,Conditional
CASE02644,Anti-Corruption & Vigilance,Criminal Law,IPC-Criminal Breach of Trust,Punjab,Chandigarh,Medium,4,1,4,329,5,2,39,No
CASE02645,Real Estate & RERA,Property Law,Lease-Commercial,Bihar,Patna,Medium,9,7,9,38,6,2,44.88,Conditional
CASE02646,Cyber Crime & IT Act,Criminal Law,Cyber Crime-Cyber Stalking,Kerala,Thiruvananthapuram,Low,3,9,7,32,5,3,59.4,Conditional
CASE02647,Medical Negligence,Civil Law,Services-Health,Punjab,Patiala,Medium,3,7,3,396,9,3,61,Yes
CASE02648,Human Rights & PIL,Constitutional Law,PIL-Public Interest,Madhya Pradesh,Ujjain,Medium,10,3,9,322,2,3,23,No
CASE02649,Company / Insolvency (NCLT-NCLAT),Corporate Law,Oppression-Mismanagement,Gujarat,Bhavnagar,Medium,1,2,3,334,9,3,32,No
CASE02650,Insurance Claims,Consumer Law,Services-Insurance,Delhi,Central Delhi,Medium,1,6,4,100,2,4,49.68,Conditional
CASE02651,Arbitration & Mediation,Corporate Law,Arbitration-International,Haryana,Gurugram,Medium,10,5,8,304,4,2,48,Conditional
CASE02652,Anti-Corruption & Vigilance,Criminal Law,IPC-Cheating,Gujarat,Jamnagar,Low,2,1,6,325,5,4,46,Conditional
CASE02653,Cyber Crime & IT Act,Criminal Law,Cyber Crime-Hacking,Rajasthan,Bikaner,Medium,1,7,5,155,1,2,26.97,No
CASE02654,Writ Petitions,Constitutional Law,Writ-Habeas Corpus,Madhya Pradesh,Sagar,Medium,5,6,6,57,8,6,24,No
CASE02655,Medical Negligence,Civil Law,Torts-Medical Negligence,Kerala,Kozhikode,Low,10,9,7,36,4,3,100,Yes
CASE02656,Medical Negligence,Civil Law,Services-Health,West Bengal,Asansol,Medium,5,1,3,188,1,2,67,Yes
CASE02657,Criminal Appeals,Criminal Law,IPC-Murder,Maharashtra,Solapur,Low,5,9,6,231,1,6,52.5,Conditional
CASE02658,Human Rights & PIL,Constitutional Law,Fundamental Rights-Article 14,Bihar,Darbhanga,Medium,1,9,3,339,1,6,3.52,No
CASE02659,Arbitration & Mediation,Corporate Law,Arbitration-Challenge,Tamil Nadu,Tiruchirappalli,Medium,9,8,9,38,9,2,43.26,Conditional
CASE02660,Tax Law (Direct & Indirect),Administrative Law,Taxation-Professional,Uttar Pradesh,Varanasi,High,1,6,7,318,3,2,15.64,No
CASE02661,Human Rights & PIL,Constitutional Law,Fundamental Rights-Article 19,Rajasthan,Jodhpur,High,8,2,9,88,3,6,0,No
CASE02662,Cyber Crime & IT Act,Criminal Law,Cyber Crime-Phishing,Gujarat,Surat,Medium,2,8,8,144,6,6,11,No
CASE02663,Civil Suits,Civil Law,Torts-Motor Accident,Maharashtra,Aurangabad,Medium,1,3,3,389,5,4,60.9,Yes
CASE02664,Company / Insolvency (NCLT-NCLAT),Corporate Law,Insolvency,Uttar Pradesh,Lucknow,High,4,5,4,370,5,6,24.84,No
CASE02665,Banking & Debt Recovery,Corporate Law,Corporate-Fraud,Delhi,Central Delhi,Low,7,10,9,175,7,3,56.16,Conditional
CASE02666,Arbitration & Mediation,Corporate Law,Arbitration-Appointment,Bihar,Munger,High,5,1,8,121,2,5,13.2,No
CASE02667,Family Disputes,Family Law,Child Custody-Physical,Karnataka,Mangalore,Medium,6,3,3,129,3,2,78,Yes
CASE02668,Consumer Protection,Consumer Law,Products-Electronic,Bihar,Muzaffarpur,Low,6,8,6,51,10,5,66,Yes
CASE02669,Arbitration & Mediation,Corporate Law,Arbitration-International,Punjab,Patiala,Low,10,6,8,118,6,2,60,Yes
CASE02670,Bail Applications,Criminal Law,IPC-Assault,West Bengal,Siliguri,Medium,10,4,7,279,1,2,51,Conditional
CASE02671,Cyber Crime & IT Act,Criminal Law,Cyber Crime-Identity Theft,Punjab,Ludhiana,Medium,9,8,6,379,6,5,52,Conditional
CASE02672,Environmental Law,Criminal Law,Environment-Forest,Assam,Jorhat,Medium,9,9,8,358,6,4,37,No
CASE02673,Motor Accident Claims,Civil Law,Torts-Motor Accident,Gujarat,Ahmedabad,Low,2,6,3,62,4,5,75,Yes
CASE02674,Environmental Law,Criminal Law,Environment-Forest,Kerala,Thiruvananthapuram,Medium,9,8,3,150,8,3,52.8,Conditional
CASE02675,Bail Applications,Criminal Law,IPC-Murder,Assam,Jorhat,Medium,9,4,4,79,8,2,50,Conditional
CASE02676,Labour & Employment Disputes,Labour Law,Termination-Retirement,Delhi,North Delhi,High,5,10,5,287,1,3,39.96,No
CASE02677,Environmental Law,Criminal Law,Environment-Pollution,Maharashtra,Mumbai,High,5,6,7,356,1,2,24.15,No
CASE02678,Criminal Appeals,Criminal Law,IPC-Cheating,Karnataka,Gulbarga,Low,5,6,8,61,9,5,38.48,No
CASE02679,Labour & Employment Disputes,Labour Law,Termination-Retirement,Kerala,Thiruvananthapuram,Low,10,5,3,218,1,4,97.9,Yes
CASE02680,NI Act / Cheque Bounce,Criminal Law,IPC-Cheating,Delhi,East Delhi,High,3,8,8,137,3,6,0,No
CASE02681,Intellectual Property,Civil Law,Trade Mark,Karnataka,Gulbarga,Low,1,8,4,152,9,4,71.76,Yes
CASE02682,Insurance Claims,Consumer Law,Torts-Motor Accident,Punjab,Patiala,High,5,9,8,104,8,4,21,No
CASE02683,Medical Negligence,Civil Law,Services-Health,West Bengal,Asansol,Low,3,4,9,215,4,5,60,Yes
CASE02684,Human Rights & PIL,Constitutional Law,Fundamental Rights-Article 14,Haryana,Gurugram,Medium,4,8,9,88,1,3,0,No
CASE02685,Arbitration & Mediation,Corporate Law,Arbitration-International,Uttar Pradesh,Agra,High,7,1,5,306,3,5,31.28,No
CASE02686,Anti-Corruption & Vigilance,Criminal Law,IPC-Cheating,Tamil Nadu,Coimbatore,Low,8,6,5,144,6,4,71.07,Yes
CASE02687,NI Act / Cheque Bounce,Criminal Law,IPC-Criminal Breach of Trust,Karnataka,Gulbarga,Medium,10,10,8,136,7,4,44.72,Conditional
CASE02688,NI Act / Cheque Bounce,Criminal Law,IPC-Criminal Breach of Trust,Tamil Nadu,Tirunelveli,Low,2,9,8,254,7,4,26.78,No
CASE02689,Corporate & Commercial Law,Corporate Law,Oppression-Mismanagement,Haryana,Gurugram,Medium,9,3,7,274,3,4,60,Yes
CASE02690,POCSO & Juvenile Justice,Criminal Law,IPC-Rape,Uttar Pradesh,Ghaziabad,Low,1,4,7,322,6,4,42.32,Conditional
CASE02691,Labour & Employment Disputes,Labour Law,Wages-Minimum,Haryana,Gurugram,High,2,7,3,273,8,2,25,No
CASE02692,Tax Law (Direct & Indirect),Administrative Law,Taxation-Professional,Punjab,Patiala,Medium,3,9,6,398,2,6,41,Conditional
CASE02693,Civil Suits,Civil Law,Contract-Breach,Maharashtra,Navi Mumbai,Medium,3,8,9,400,1,6,40.95,Conditional
CASE02694,Constitutional Law,Constitutional Law,Writ-Mandamus,Rajasthan,Jodhpur,High,10,6,6,350,10,6,13.95,No
CASE02695,Motor Accident Claims,Civil Law,Torts-Motor Accident,Karnataka,Davangere,Low,3,5,7,283,4,3,73.84,Yes
CASE02696,Bail Applications,Criminal Law,IPC-Hurt,Rajasthan,Jaipur,High,4,9,4,280,9,6,16.74,No
CASE02697,Writ Petitions,Constitutional Law,Writ-Prohibition,Bihar,Patna,High,7,1,6,130,8,3,8.8,No
CASE02698,Consumer Protection,Consumer Law,Products-Vehicles,Karnataka,Davangere,Low,1,5,3,97,1,5,65.52,Yes
CASE02699,Family Disputes,Family Law,Child Custody-Physical,Kerala,Alappuzha,Low,10,6,8,218,4,5,93.5,Yes
CASE02700,Medical Negligence,Civil Law,Services-Health,Bihar,Munger,Low,1,10,4,372,1,3,58.08,Conditional
CASE02701,Immigration & Passport Matters,Administrative Law,Licensing,Delhi,West Delhi,Medium,5,5,5,163,3,6,57.24,Conditional
CASE02702,Constitutional Law,Constitutional Law,Writ-Habeas Corpus,Punjab,Ludhiana,Low,5,5,9,174,7,2,25,No
CASE02703,Arbitration & Mediation,Corporate Law,Arbitration-Appointment,Kerala,Alappuzha,High,2,9,7,287,4,4,19.8,No
CASE02704,Criminal Appeals,Criminal Law,IPC-Cheating,Maharashtra,Mumbai,Medium,4,1,6,248,7,2,40.95,Conditional
CASE02705,Anti-Corruption & Vigilance,Criminal Law,IPC-Cheating,Bihar,Gaya,Medium,3,1,7,173,8,3,32.56,No
CASE02706,Tax Law (Direct & Indirect),Administrative Law,Taxation-Property,Madhya Pradesh,Bhopal,Medium,2,10,5,311,8,4,37,No
CASE02707,Arbitration & Mediation,Corporate Law,Arbitration-International,Karnataka,Mangalore,Low,8,10,9,210,3,4,50.96,Conditional
CASE02708,NI Act / Cheque Bounce,Criminal Law,IPC-Criminal Breach of Trust,Karnataka,Belgaum,Medium,1,2,5,46,7,4,28.08,No
CASE02709,Cyber Crime & IT Act,Criminal Law,Cyber Crime-Phishing,Tamil Nadu,Chennai,Medium,1,10,8,117,8,6,11.33,No
CASE02710,Banking & Debt Recovery,Corporate Law,Corporate-Fraud,Gujarat,Rajkot,Low,3,1,4,138,3,4,56,Conditional
CASE02711,Civil Suits,Civil Law,Property-Title,West Bengal,Siliguri,Medium,5,8,9,273,2,4,55,Conditional
CASE02712,POCSO & Juvenile Justice,Criminal Law,IPC-Rape,Gujarat,Rajkot,Medium,7,2,5,148,8,4,42,Conditional
CASE02713,Property Disputes,Property Law,Building-Construction,Uttar Pradesh,Allahabad,Medium,10,2,5,241,2,4,69,Yes
CASE02714,Constitutional Law,Constitutional Law,Fundamental Rights-Article 15,Haryana,Gurugram,Medium,5,7,4,279,8,4,21,No
CASE02715,Immigration & Passport Matters,Administrative Law,Licensing,Punjab,Chandigarh,Medium,3,2,7,293,1,6,40,Conditional
CASE02716,NI Act / Cheque Bounce,Criminal Law,IPC-Criminal Breach of Trust,Uttar Pradesh,Agra,Medium,4,2,7,143,3,6,30.36,No
CASE02717,Intellectual Property,Civil Law,Patent,Assam,Nagaon,Low,6,10,8,66,8,3,63,Yes
CASE02718,Consumer Protection,Consumer Law,Practices-Misleading Ads,Tamil Nadu,Tiruchirappalli,High,8,6,3,110,9,5,53.56,Conditional
CASE02719,Family Disputes,Family Law,Divorce-Contested,Punjab,Jalandhar,Medium,2,5,8,131,8,5,51,Conditional
CASE02720,Medical Negligence,Civil Law,Services-Health,Assam,Dibrugarh,Medium,9,6,8,360,10,6,63,Yes
CASE02721,Consumer Protection,Consumer Law,Products-Electronic,West Bengal,Asansol,High,9,9,9,347,5,2,32,No
CASE02722,Intellectual Property,Civil Law,Design,West Bengal,Siliguri,Medium,10,7,9,119,5,5,64,Yes
CASE02723,Corporate & Commercial Law,Corporate Law,Director-Conflict,Uttar Pradesh,Meerut,Low,10,10,4,199,4,2,66.24,Yes
CASE02724,Human Rights & PIL,Constitutional Law,PIL-Public Interest,Haryana,Ambala,Medium,4,1,3,189,4,4,21,No
CASE02725,Writ Petitions,Constitutional Law,Writ-Certiorari,Tamil Nadu,Salem,Low,1,2,7,185,8,4,19.57,No
CASE02726,Corporate & Commercial Law,Corporate Law,Director-Conflict,Madhya Pradesh,Gwalior,Medium,8,6,9,101,9,3,38,No
CASE02727,Motor Accident Claims,Civil Law,Torts-Motor Accident,Maharashtra,Mumbai,Low,7,9,9,34,5,4,69.3,Yes
CASE02728,Company / Insolvency (NCLT-NCLAT),Corporate Law,Arbitration-Enforcement,Tamil Nadu,Erode,Medium,4,5,9,186,10,5,26.78,No
CASE02729,Arbitration & Mediation,Corporate Law,Arbitration-International,Rajasthan,Kota,Medium,1,9,8,108,6,5,18.6,No
CASE02730,Real Estate & RERA,Property Law,Lease-Residential,Punjab,Amritsar,Medium,9,9,6,314,9,2,62,Yes
CASE02731,Environmental Law,Criminal Law,Environment-Pollution,Rajasthan,Kota,High,8,10,3,38,4,3,31.62,No
CASE02732,Writ Petitions,Constitutional Law,Writ-Quo Warranto,Karnataka,Bangalore,Medium,8,1,9,323,1,4,11.44,No
CASE02733,Banking & Debt Recovery,Corporate Law,Insolvency,Tamil Nadu,Chennai,Medium,5,3,9,317,4,4,35.02,No
CASE02734,Insurance Claims,Consumer Law,Services-Insurance,Punjab,Patiala,High,9,5,3,400,4,6,51,Conditional
CASE02735,Environmental Law,Criminal Law,Environment-Forest,West Bengal,Siliguri,Low,3,2,3,93,7,6,48,Conditional
CASE02736,Consumer Protection,Consumer Law,Services-Travel,Haryana,Ambala,Medium,5,9,4,174,1,2,59,Conditional
CASE02737,Immigration & Passport Matters,Administrative Law,Service-Transfer,Uttar Pradesh,Ghaziabad,Low,6,9,8,177,7,3,47.84,Conditional
CASE02738,POCSO & Juvenile Justice,Criminal Law,IPC-Gang Rape,Assam,Jorhat,Medium,7,3,7,319,7,5,43,Conditional
CASE02739,Banking & Debt Recovery,Corporate Law,Corporate-Fraud,Gujarat,Vadodara,Medium,8,1,7,131,9,5,55,Conditional
CASE02740,Criminal Appeals,Criminal Law,IPC-Cheating,Madhya Pradesh,Sagar,High,10,3,3,354,6,5,34,No
CASE02741,Labour & Employment Disputes,Labour Law,Termination-Retirement,Gujarat,Surat,High,5,2,8,300,7,4,24,No
CASE02742,NI Act / Cheque Bounce,Criminal Law,IPC-Cheating,Assam,Jorhat,High,1,1,6,240,4,4,13,No
CASE02743,POCSO & Juvenile Justice,Criminal Law,IPC-Rape,Kerala,Thiruvananthapuram,Low,3,8,4,244,6,2,59.4,Conditional
CASE02744,Insurance Claims,Consumer Law,Torts-Motor Accident,Rajasthan,Udaipur,Medium,4,8,4,352,7,2,56.73,Conditional
CASE02745,Insurance Claims,Consumer Law,Torts-Motor Accident,Assam,Nagaon,Medium,1,9,4,119,9,2,43,Conditional
CASE02746,Company / Insolvency (NCLT-NCLAT),Corporate Law,Oppression-Mismanagement,Rajasthan,Ajmer,Low,10,5,3,81,1,6,71.61,Yes
CASE02747,Insurance Claims,Consumer Law,Services-Insurance,Assam,Dibrugarh,High,5,9,9,299,6,5,22,No
CASE02748,Medical Negligence,Civil Law,Torts-Medical Negligence,Kerala,Kochi,Low,8,6,3,160,7,6,92.4,Yes
CASE02749,Civil Suits,Civil Law,Contract-Breach,Punjab,Amritsar,Low,6,10,3,273,8,4,87,Yes
CASE02750,NI Act / Cheque Bounce,Criminal Law,IPC-Cheating,West Bengal,Asansol,Medium,1,6,9,228,4,2,9,No
CASE02751,Company / Insolvency (NCLT-NCLAT),Corporate Law,Oppression-Mismanagement,Karnataka,Davangere,High,10,10,5,170,2,5,41.6,Conditional
CASE02752,Criminal Appeals,Criminal Law,IPC-Hurt,Karnataka,Belgaum,Low,8,8,3,167,8,2,69.68,Yes
CASE02753,Bail Applications,Criminal Law,IPC-Hurt,Madhya Pradesh,Sagar,Low,3,9,4,201,10,5,45,Conditional
CASE02754,Constitutional Law,Constitutional Law,Fundamental Rights-Article 14,Tamil Nadu,Salem,Medium,5,4,6,105,1,2,22.66,No
CASE02755,Intellectual Property,Civil Law,Geographical Indication,Assam,Jorhat,High,4,10,9,346,7,2,24,No
CASE02756,Cyber Crime & IT Act,Criminal Law,Cyber Crime-Cyber Stalking,Assam,Tinsukia,Medium,10,8,4,91,1,6,56,Conditional
CASE02757,Bail Applications,Criminal Law,IPC-Assault,Punjab,Bathinda,High,9,9,7,271,3,3,32,No
CASE02758,Labour & Employment Disputes,Labour Law,Industrial-Layoff,Rajasthan,Jodhpur,Medium,7,7,7,132,2,6,54.87,Conditional
CASE02759,Bail Applications,Criminal Law,IPC-Hurt,Bihar,Munger,High,10,7,7,142,7,5,29.04,No
CASE02760,Writ Petitions,Constitutional Law,Writ-Certiorari,Madhya Pradesh,Bhopal,Medium,1,10,6,379,3,5,3,No
CASE02761,Corporate & Commercial Law,Corporate Law,Director-Conflict,Madhya Pradesh,Jabalpur,Medium,5,1,8,332,6,4,25,No
CASE02762,Anti-Corruption & Vigilance,Criminal Law,IPC-Cheating,West Bengal,Siliguri,Low,7,7,7,193,1,4,58,Conditional
CASE02763,Medical Negligence,Civil Law,Services-Health,Uttar Pradesh,Noida,Medium,2,10,8,94,2,2,34.96,No
CASE02764,Property Disputes,Property Law,Land-Title,Kerala,Kochi,Medium,2,3,7,345,8,6,52.8,Conditional
CASE02765,Environmental Law,Criminal Law,Environment-Forest,West Bengal,Asansol,Medium,6,3,3,304,1,2,40,Conditional
CASE02766,Motor Accident Claims,Civil Law,Torts-Motor Accident,Assam,Dibrugarh,Low,1,3,5,99,4,4,69,Yes
CASE02767,Consumer Protection,Consumer Law,Practices-Misleading Ads,Rajasthan,Jodhpur,Medium,10,7,7,248,7,5,69.75,Yes
CASE02768,Real Estate & RERA,Property Law,Building-Construction,Assam,Jorhat,Medium,6,4,8,140,10,4,43,Conditional
CASE02769,Insurance Claims,Consumer Law,Services-Insurance,Kerala,Kollam,High,2,8,4,116,3,2,30.8,No
CASE02770,Constitutional Law,Constitutional Law,Writ-Mandamus,West Bengal,Hooghly,Low,6,7,8,212,2,6,21,No
CASE02771,Consumer Protection,Consumer Law,Practices-E-commerce,West Bengal,Asansol,Low,9,10,9,135,8,3,74,Yes
CASE02772,Family Disputes,Family Law,Domestic Violence-Physical,Haryana,Faridabad,Medium,3,9,6,108,8,4,60,Yes
CASE02773,Motor Accident Claims,Civil Law,Torts-Motor Accident,Maharashtra,Solapur,Low,9,4,7,206,6,4,99.75,Yes
CASE02774,Cyber Crime & IT Act,Criminal Law,Cyber Crime-Identity Theft,Maharashtra,Thane,Low,6,4,5,201,4,2,58.8,Conditional
CASE02775,Banking & Debt Recovery,Corporate Law,Contract-Breach,Uttar Pradesh,Varanasi,Medium,3,1,7,170,9,2,36.8,No
CASE02776,Family Disputes,Family Law,Domestic Violence-Physical,Punjab,Bathinda,Medium,2,8,6,230,7,5,64,Yes
CASE02777,Environmental Law,Criminal Law,Environment-Pollution,Haryana,Rohtak,Medium,3,7,4,190,9,2,32,No
CASE02778,Arbitration & Mediation,Corporate Law,Arbitration-International,Haryana,Hisar,Medium,6,3,7,51,6,2,48,Conditional
CASE02779,Insurance Claims,Consumer Law,Torts-Motor Accident,Bihar,Gaya,Low,10,1,4,90,7,3,76.56,Yes
CASE02780,Cyber Crime & IT Act,Criminal Law,Cyber Crime-Phishing,Maharashtra,Pune,Medium,8,7,3,326,2,3,53.55,Conditional
CASE02781,POCSO & Juvenile Justice,Criminal Law,IPC-Acid Attack,Bihar,Muzaffarpur,High,8,2,7,225,7,4,23.76,No
CASE02782,POCSO & Juvenile Justice,Criminal Law,IPC-Rape,Kerala,Kollam,Low,1,6,8,354,2,3,27.5,No
CASE02783,Corporate & Commercial Law,Corporate Law,Oppression-Mismanagement,Haryana,Faridabad,Low,7,7,6,282,5,3,62,Yes
CASE02784,Company / Insolvency (NCLT-NCLAT),Corporate Law,Arbitration-Enforcement,Madhya Pradesh,Bhopal,Medium,5,10,8,53,10,4,35,No
CASE02785,Bail Applications,Criminal Law,IPC-Hurt,Madhya Pradesh,Jabalpur,Medium,9,5,5,137,6,6,57,Conditional
CASE02786,Tax Law (Direct & Indirect),Administrative Law,Taxation-Service,Punjab,Jalandhar,Medium,1,4,8,187,6,5,21,No
CASE02787,Environmental Law,Criminal Law,Environment-Pollution,Maharashtra,Nagpur,Low,9,6,5,93,9,4,71.4,Yes
CASE02788,NI Act / Cheque Bounce,Criminal Law,IPC-Criminal Breach of Trust,Tamil Nadu,Coimbatore,Medium,2,10,6,58,4,4,26.78,No
CASE02789,Cyber Crime & IT Act,Criminal Law,Cyber Crime-Hacking,Delhi,New Delhi,Low,4,10,8,338,3,3,42.12,Conditional
CASE02790,Motor Accident Claims,Civil Law,Torts-Motor Accident,Uttar Pradesh,Lucknow,Low,9,1,6,112,10,5,80.96,Yes
CASE02791,Medical Negligence,Civil Law,Torts-Medical Negligence,Assam,Nagaon,Low,2,3,9,136,8,6,59,Conditional
CASE02792,POCSO & Juvenile Justice,Criminal Law,IPC-Rape,Assam,Tinsukia,High,4,3,4,33,1,6,18,No
CASE02793,Writ Petitions,Constitutional Law,Writ-Mandamus,Rajasthan,Jaipur,Low,4,7,7,298,3,6,31.62,No
CASE02794,Corporate & Commercial Law,Corporate Law,Director-Conflict,Punjab,Jalandhar,Medium,8,6,4,99,1,3,54,Conditional
CASE02795,Environmental Law,Criminal Law,Environment-Pollution,Karnataka,Davangere,Medium,5,3,5,398,4,2,46.8,Conditional
CASE02796,Real Estate & RERA,Property Law,Housing-Society,Gujarat,Vadodara,Medium,10,2,5,305,2,4,69,Yes
CASE02797,Corporate & Commercial Law,Corporate Law,Arbitration-Enforcement,Haryana,Faridabad,High,9,6,4,174,5,5,35,No
CASE02798,Company / Insolvency (NCLT-NCLAT),Corporate Law,Arbitration-Enforcement,Uttar Pradesh,Kanpur,High,9,9,9,250,9,6,21.16,No
CASE02799,Insurance Claims,Consumer Law,Torts-Motor Accident,Gujarat,Rajkot,Low,5,7,8,395,10,3,55,Conditional
CASE02800,Motor Accident Claims,Civil Law,Torts-Motor Accident,Tamil Nadu,Tiruchirappalli,Low,9,7,9,301,7,2,79.31,Yes
CASE02801,Property Disputes,Property Law,Land-Encroachment,Madhya Pradesh,Indore,Low,9,3,5,306,8,5,77,Yes
CASE02802,Corporate & Commercial Law,Corporate Law,Arbitration-Enforcement,Rajasthan,Jaipur,Low,1,7,4,270,2,2,47.43,Conditional
CASE02803,Labour & Employment Disputes,Labour Law,Industrial-Retrenchment,Gujarat,Rajkot,Low,1,3,4,146,9,3,54,Conditional
CASE02804,Civil Suits,Civil Law,Contract-Breach,West Bengal,Siliguri,Medium,1,2,8,355,5,4,38,No
CASE02805,Writ Petitions,Constitutional Law,Writ-Prohibition,Assam,Silchar,Low,8,2,7,192,5,4,41,Conditional
CASE02806,NI Act / Cheque Bounce,Criminal Law,IPC-Criminal Breach of Trust,Gujarat,Jamnagar,Low,1,3,8,267,6,5,32,No
CASE02807,Banking & Debt Recovery,Corporate Law,Insolvency,Tamil Nadu,Erode,High,4,5,5,267,6,5,24.72,No
CASE02808,Property Disputes,Property Law,Land-Encroachment,Uttar Pradesh,Noida,Medium,8,3,4,60,6,6,63.48,Yes
CASE02809,Constitutional Law,Constitutional Law,Writ-Habeas Corpus,Bihar,Patna,Low,7,8,7,393,6,5,31.68,No
CASE02810,Arbitration & Mediation,Corporate Law,Arbitration-Appointment,Bihar,Darbhanga,Medium,1,7,5,229,10,6,31.68,No
CASE02811,Medical Negligence,Civil Law,Services-Health,Bihar,Gaya,Medium,9,8,4,238,8,5,72.16,Yes
CASE02812,Insurance Claims,Consumer Law,Services-Insurance,Maharashtra,Thane,High,1,10,5,352,6,6,28.35,No
CASE02813,Environmental Law,Criminal Law,Environment-Pollution,Punjab,Patiala,High,1,10,9,386,7,6,0,No
CASE02814,Intellectual Property,Civil Law,Copyright,Delhi,New Delhi,Medium,7,7,8,175,2,4,58.32,Conditional
CASE02815,Anti-Corruption & Vigilance,Criminal Law,IPC-Criminal Breach of Trust,Punjab,Ludhiana,High,7,8,7,250,10,5,28,No
CASE02816,Human Rights & PIL,Constitutional Law,Fundamental Rights-Article 15,Delhi,South Delhi,Low,8,1,8,330,8,2,35.64,No
CASE02817,POCSO & Juvenile Justice,Criminal Law,IPC-Acid Attack,Uttar Pradesh,Noida,Medium,2,1,8,147,1,5,12.88,No
CASE02818,NI Act / Cheque Bounce,Criminal Law,IPC-Cheating,Haryana,Hisar,Medium,1,8,3,53,5,5,27,No
CASE02819,Insurance Claims,Consumer Law,Services-Insurance,Tamil Nadu,Vellore,Medium,4,5,4,195,8,5,62.83,Yes
CASE02820,Writ Petitions,Constitutional Law,Writ-Certiorari,Punjab,Jalandhar,Medium,7,9,8,156,6,3,14,No
CASE02821,Real Estate & RERA,Property Law,Lease-Residential,Tamil Nadu,Tiruchirappalli,High,10,7,6,223,7,4,56.65,Conditional
CASE02822,Constitutional Law,Constitutional Law,Writ-Habeas Corpus,Gujarat,Bhavnagar,Medium,2,9,8,158,5,3,0,No
CASE02823,Family Disputes,Family Law,Child Custody-Legal,Bihar,Munger,Low,9,1,5,264,2,4,86.24,Yes
CASE02824,NI Act / Cheque Bounce,Criminal Law,IPC-Criminal Breach of Trust,Bihar,Patna,Low,8,10,7,266,6,2,51.92,Conditional
CASE02825,Tax Law (Direct & Indirect),Administrative Law,Taxation-Property,West Bengal,Howrah,Low,9,10,5,350,3,2,79,Yes
CASE02826,NI Act / Cheque Bounce,Criminal Law,IPC-Cheating,Uttar Pradesh,Agra,Low,5,5,6,180,7,4,54.28,Conditional
CASE02827,Tax Law (Direct & Indirect),Administrative Law,Taxation-Service,Rajasthan,Ajmer,High,3,3,4,359,8,2,25.11,No
CASE02828,Anti-Corruption & Vigilance,Criminal Law,IPC-Cheating,Rajasthan,Udaipur,Medium,8,2,6,330,3,5,48.36,Conditional
CASE02829,Labour & Employment Disputes,Labour Law,Industrial-Layoff,Haryana,Gurugram,Low,6,9,4,263,3,3,71,Yes
CASE02830,Immigration & Passport Matters,Administrative Law,Service-Transfer,Maharashtra,Aurangabad,Medium,6,5,6,128,8,3,57.75,Conditional
CASE02831,Corporate & Commercial Law,Corporate Law,Contract-Breach,Kerala,Kollam,Medium,2,2,4,105,2,5,37.4,No
CASE02832,Motor Accident Claims,Civil Law,Torts-Motor Accident,Tamil Nadu,Chennai,Medium,1,8,5,220,5,6,58.71,Conditional
CASE02833,NI Act / Cheque Bounce,Criminal Law,IPC-Criminal Breach of Trust,Bihar,Patna,Medium,7,1,4,35,8,4,41.36,Conditional
CASE02834,Insurance Claims,Consumer Law,Torts-Motor Accident,West Bengal,Siliguri,Low,3,4,7,341,4,6,70,Yes
CASE02835,Medical Negligence,Civil Law,Services-Health,Haryana,Hisar,Medium,4,3,3,138,6,4,58,Conditional
CASE02836,Writ Petitions,Constitutional Law,Writ-Certiorari,Uttar Pradesh,Meerut,Low,7,4,9,233,5,2,20.24,No
CASE02837,Anti-Corruption & Vigilance,Criminal Law,IPC-Criminal Breach of Trust,Punjab,Jalandhar,Low,4,9,6,76,2,4,55,Conditional
CASE02838,Insurance Claims,Consumer Law,Services-Insurance,Gujarat,Surat,Medium,5,4,9,172,7,3,46,Conditional
CASE02839,Constitutional Law,Constitutional Law,Writ-Habeas Corpus,Bihar,Muzaffarpur,Medium,2,2,3,342,1,2,6.16,No
CASE02840,Motor Accident Claims,Civil Law,Torts-Motor Accident,Delhi,South Delhi,Low,10,4,6,146,1,4,100,Yes
CASE02841,Bail Applications,Criminal Law,IPC-Murder,Tamil Nadu,Chennai,High,4,4,7,362,5,5,21.63,No
CASE02842,Tax Law (Direct & Indirect),Administrative Law,Taxation-Professional,Gujarat,Surat,Medium,9,8,9,92,4,6,44,Conditional
CASE02843,Anti-Corruption & Vigilance,Criminal Law,IPC-Cheating,Uttar Pradesh,Ghaziabad,High,2,5,5,287,9,4,10.12,No
CASE02844,POCSO & Juvenile Justice,Criminal Law,IPC-Rape,West Bengal,Asansol,Low,10,7,3,47,10,2,69,Yes
CASE02845,POCSO & Juvenile Justice,Criminal Law,IPC-Rape,Bihar,Patna,Medium,8,7,8,267,1,3,31.68,No
CASE02846,NI Act / Cheque Bounce,Criminal Law,IPC-Cheating,Assam,Guwahati,Low,8,5,3,150,5,6,59,Conditional
CASE02847,Environmental Law,Criminal Law,Environment-Pollution,Maharashtra,Thane,High,3,7,8,277,1,4,2.1,No
CASE02848,Real Estate & RERA,Property Law,Housing-Society,Tamil Nadu,Salem,Medium,4,10,3,117,4,4,55.62,Conditional
CASE02849,POCSO & Juvenile Justice,Criminal Law,IPC-Gang Rape,Haryana,Faridabad,Medium,1,10,8,228,5,4,8,No
CASE02850,Arbitration & Mediation,Corporate Law,Arbitration-Appointment,Kerala,Kozhikode,Medium,2,4,7,307,5,4,38.5,No
CASE02851,Family Disputes,Family Law,Child Custody-Physical,Uttar Pradesh,Lucknow,Low,7,2,4,242,6,6,80.96,Yes
CASE02852,Corporate & Commercial Law,Corporate Law,Arbitration-Enforcement,Punjab,Ludhiana,Medium,3,8,4,210,2,5,34,No
CASE02853,NI Act / Cheque Bounce,Criminal Law,IPC-Cheating,Uttar Pradesh,Meerut,Medium,7,10,6,64,3,2,42.32,Conditional
CASE02854,Anti-Corruption & Vigilance,Criminal Law,IPC-Criminal Breach of Trust,West Bengal,Kolkata,Medium,5,4,5,123,6,3,39,No
CASE02855,Motor Accident Claims,Civil Law,Torts-Motor Accident,West Bengal,Asansol,Low,2,10,9,349,10,5,58,Conditional
CASE02856,Corporate & Commercial Law,Corporate Law,Director-Conflict,Delhi,Central Delhi,Low,5,6,5,396,2,5,68.04,Yes
CASE02857,Insurance Claims,Consumer Law,Torts-Motor Accident,Uttar Pradesh,Lucknow,Medium,9,10,7,290,7,3,61.64,Yes
CASE02858,Insurance Claims,Consumer Law,Services-Insurance,Karnataka,Davangere,Medium,5,6,8,308,6,4,44.72,Conditional
CASE02859,Immigration & Passport Matters,Administrative Law,Service-Transfer,Bihar,Munger,High,9,7,4,150,9,2,34.32,No
CASE02860,Bail Applications,Criminal Law,IPC-Assault,West Bengal,Siliguri,Low,7,2,8,284,4,6,49,Conditional
CASE02861,Cyber Crime & IT Act,Criminal Law,Cyber Crime-Phishing,Rajasthan,Jaipur,High,9,10,3,347,1,4,28.83,No
CASE02862,Writ Petitions,Constitutional Law,Writ-Certiorari,Punjab,Ludhiana,Medium,5,1,4,323,5,3,25,No
CASE02863,Criminal Appeals,Criminal Law,IPC-Hurt,Gujarat,Jamnagar,High,9,4,8,337,4,2,14,No
CASE02864,Immigration & Passport Matters,Administrative Law,Service-Transfer,Gujarat,Surat,Low,6,6,8,116,2,2,52,Conditional
CASE02865,Real Estate & RERA,Property Law,Lease-Commercial,Kerala,Thrissur,Medium,8,1,5,207,1,3,70.4,Yes
CASE02866,Labour & Employment Disputes,Labour Law,Service-Promotion,Tamil Nadu,Coimbatore,Low,8,9,8,49,8,3,67.98,Yes
CASE02867,Bail Applications,Criminal Law,IPC-Hurt,Rajasthan,Kota,Medium,6,5,6,100,2,2,43.71,Conditional
CASE02868,Company / Insolvency (NCLT-NCLAT),Corporate Law,Arbitration-Enforcement,West Bengal,Durgapur,Medium,5,7,4,73,5,5,45,Conditional
CASE02869,Motor Accident Claims,Civil Law,Torts-Motor Accident,Uttar Pradesh,Meerut,Medium,4,5,5,315,7,6,55.2,Conditional
CASE02870,Constitutional Law,Constitutional Law,Fundamental Rights-Article 14,Bihar,Muzaffarpur,Low,9,6,3,90,1,4,44.88,Conditional
CASE02871,Immigration & Passport Matters,Administrative Law,Service-Transfer,West Bengal,Durgapur,Medium,3,7,7,358,3,6,42,Conditional
CASE02872,Human Rights & PIL,Constitutional Law,Fundamental Rights-Article 21,Punjab,Patiala,Low,9,5,6,187,9,5,43,Conditional
CASE02873,Immigration & Passport Matters,Administrative Law,Service-Transfer,Delhi,South Delhi,High,1,8,9,320,1,5,5.4,No
CASE02874,Real Estate & RERA,Property Law,Building-Construction,Madhya Pradesh,Gwalior,Medium,10,1,5,52,5,4,75,Yes
CASE02875,Medical Negligence,Civil Law,Services-Health,Madhya Pradesh,Jabalpur,Low,5,1,6,238,10,6,77,Yes
CASE02876,Intellectual Property,Civil Law,Design,Uttar Pradesh,Allahabad,High,5,10,7,55,8,6,42.32,Conditional
CASE02877,Intellectual Property,Civil Law,Trade Mark,Punjab,Patiala,Medium,2,2,3,301,1,6,51,Conditional
CASE02878,Consumer Protection,Consumer Law,Products-Electronic,Gujarat,Rajkot,High,6,10,9,320,8,3,33,No
CASE02879,Anti-Corruption & Vigilance,Criminal Law,IPC-Cheating,Gujarat,Ahmedabad,Low,7,3,5,36,6,2,63,Yes
CASE02880,Real Estate & RERA,Property Law,Lease-Commercial,Karnataka,Bangalore,High,3,4,5,70,6,4,32.24,No
CASE02881,Immigration & Passport Matters,Administrative Law,Licensing,Uttar Pradesh,Meerut,High,2,8,7,240,10,6,16.56,No
CASE02882,Company / Insolvency (NCLT-NCLAT),Corporate Law,Insolvency,Uttar Pradesh,Noida,Medium,9,1,7,180,1,2,51.52,Conditional
CASE02883,Tax Law (Direct & Indirect),Administrative Law,Taxation-Property,Delhi,South Delhi,Low,7,10,9,293,3,5,59.4,Conditional
CASE02884,Environmental Law,Criminal Law,Environment-Forest,Bihar,Bhagalpur,High,1,2,3,69,6,3,9.68,No
CASE02885,Motor Accident Claims,Civil Law,Torts-Motor Accident,Delhi,Central Delhi,Low,9,10,6,92,4,6,95.04,Yes
CASE02886,Tax Law (Direct & Indirect),Administrative Law,Taxation-Property,Karnataka,Hubli,Medium,5,1,3,183,6,5,48.88,Conditional
CASE02887,Arbitration & Mediation,Corporate Law,Arbitration-Enforcement,Tamil Nadu,Erode,High,10,9,7,304,9,6,40.17,Conditional
CASE02888,NI Act / Cheque Bounce,Criminal Law,IPC-Criminal Breach of Trust,Kerala,Thiruvananthapuram,Medium,2,1,3,177,8,6,28.6,No
CASE02889,Criminal Appeals,Criminal Law,IPC-Hurt,Punjab,Amritsar,Medium,3,2,7,42,1,4,32,No
CASE02890,Intellectual Property,Civil Law,Patent,Haryana,Rohtak,Medium,3,8,9,311,5,2,49,Conditional
CASE02891,Property Disputes,Property Law,Land-Encroachment,Tamil Nadu,Chennai,Low,5,2,3,264,9,2,70.04,Yes
CASE02892,Writ Petitions,Constitutional Law,Writ-Mandamus,Tamil Nadu,Vellore,High,3,4,7,288,9,6,0,No
CASE02893,Family Disputes,Family Law,Divorce-Mutual Consent,Madhya Pradesh,Ujjain,Medium,7,7,5,163,1,4,77,Yes
CASE02894,Family Disputes,Family Law,Inheritance-Intestate,Tamil Nadu,Vellore,Medium,6,6,8,216,10,5,55.62,Conditional
CASE02895,Constitutional Law,Constitutional Law,Fundamental Rights-Article 15,Bihar,Gaya,Low,10,3,6,378,2,6,48.4,Conditional
CASE02896,Insurance Claims,Consumer Law,Torts-Motor Accident,Madhya Pradesh,Gwalior,Medium,8,2,6,165,9,2,70,Yes
CASE02897,Labour & Employment Disputes,Labour Law,Harassment-Sexual,Kerala,Kollam,Low,10,8,5,275,10,3,96.8,Yes
CASE02898,Bail Applications,Criminal Law,IPC-Hurt,Assam,Guwahati,High,1,4,4,298,1,2,6,No
CASE02899,POCSO & Juvenile Justice,Criminal Law,IPC-Gang Rape,West Bengal,Hooghly,Medium,6,5,8,289,5,4,24,No
CASE02900,Writ Petitions,Constitutional Law,Writ-Certiorari,Bihar,Bhagalpur,Medium,7,4,5,202,3,5,27.28,No
CASE02901,Writ Petitions,Constitutional Law,Writ-Certiorari,Haryana,Rohtak,Medium,10,5,3,139,8,6,39,No
CASE02902,Immigration & Passport Matters,Administrative Law,Licensing,Tamil Nadu,Tiruchirappalli,Low,3,9,6,389,3,6,65.92,Yes
CASE02903,Corporate & Commercial Law,Corporate Law,Arbitration-Enforcement,Karnataka,Belgaum,Low,3,1,8,311,9,6,35.36,No
CASE02904,Motor Accident Claims,Civil Law,Torts-Motor Accident,Haryana,Gurugram,Low,5,2,8,160,3,6,63,Yes
CASE02905,Immigration & Passport Matters,Administrative Law,Licensing,Tamil Nadu,Salem,Medium,6,5,6,39,7,4,49.44,Conditional
CASE02906,Intellectual Property,Civil Law,Geographical Indication,Haryana,Ambala,Medium,1,4,7,49,3,5,57,Conditional
CASE02907,Intellectual Property,Civil Law,Patent,Maharashtra,Thane,Low,7,6,7,176,7,3,89.25,Yes
CASE02908,Insurance Claims,Consumer Law,Torts-Motor Accident,Rajasthan,Kota,Low,5,8,6,352,7,2,68.82,Yes
CASE02909,Immigration & Passport Matters,Administrative Law,Licensing,West Bengal,Howrah,Low,1,9,7,221,5,2,58,Conditional
CASE02910,Constitutional Law,Constitutional Law,Writ-Mandamus,Uttar Pradesh,Noida,High,3,10,7,183,3,6,0,No
CASE02911,Medical Negligence,Civil Law,Services-Health,Karnataka,Bangalore,Medium,9,2,9,87,4,5,64.48,Yes
CASE02912,Corporate & Commercial Law,Corporate Law,Arbitration-Challenge,Madhya Pradesh,Ujjain,Low,3,7,5,75,9,6,54,Conditional
CASE02913,Environmental Law,Criminal Law,Environment-Forest,Tamil Nadu,Vellore,High,2,8,9,32,3,3,0,No
CASE02914,Corporate & Commercial Law,Corporate Law,Contract-Breach,Kerala,Kochi,Medium,3,1,4,254,6,5,40.7,Conditional
CASE02915,POCSO & Juvenile Justice,Criminal Law,IPC-Rape,Tamil Nadu,Salem,Low,6,4,9,396,4,2,48.41,Conditional
CASE02916,Anti-Corruption & Vigilance,Criminal Law,IPC-Cheating,Maharashtra,Pune,Medium,1,5,7,151,3,4,28.35,No
CASE02917,Bail Applications,Criminal Law,IPC-Hurt,Assam,Dibrugarh,High,4,5,9,287,3,2,3,No
CASE02918,Banking & Debt Recovery,Corporate Law,Contract-Breach,Rajasthan,Jaipur,Medium,10,6,7,385,9,5,53.01,Conditional
CASE02919,Intellectual Property,Civil Law,Design,Madhya Pradesh,Indore,Medium,7,2,5,297,2,5,66,Yes
CASE02920,Motor Accident Claims,Civil Law,Torts-Motor Accident,Madhya Pradesh,Jabalpur,Low,3,1,5,110,8,4,77,Yes
CASE02921,Real Estate & RERA,Property Law,Housing-Society,West Bengal,Howrah,Low,6,7,9,84,9,3,61,Yes
CASE02922,POCSO & Juvenile Justice,Criminal Law,IPC-Rape,Karnataka,Belgaum,Medium,7,4,8,162,1,5,29.12,No
CASE02923,Corporate & Commercial Law,Corporate Law,Shareholder-Issues,Assam,Nagaon,High,9,2,5,376,10,6,33,No
CASE02924,Real Estate & RERA,Property Law,Housing-Society,Bihar,Muzaffarpur,High,10,1,7,323,3,2,39.6,No
CASE02925,Motor Accident Claims,Civil Law,Torts-Motor Accident,Gujarat,Ahmedabad,Low,4,10,4,132,9,2,75,Yes
CASE02926,Environmental Law,Criminal Law,Environment-Forest,Haryana,Rohtak,Medium,4,10,8,248,7,3,21,No
CASE02927,Criminal Appeals,Criminal Law,IPC-Murder,Madhya Pradesh,Indore,High,3,9,5,149,6,6,13,No
CASE02928,Criminal Appeals,Criminal Law,IPC-Hurt,Rajasthan,Ajmer,Medium,8,6,9,172,5,2,27.9,No
CASE02929,Anti-Corruption & Vigilance,Criminal Law,IPC-Cheating,Assam,Silchar,Low,2,10,3,293,5,2,41,Conditional
CASE02930,Consumer Protection,Consumer Law,Practices-E-commerce,Uttar Pradesh,Agra,Medium,1,4,7,379,9,6,47.84,Conditional
CASE02931,Company / Insolvency (NCLT-NCLAT),Corporate Law,Arbitration-Enforcement,West Bengal,Asansol,Medium,9,9,5,41,2,3,57,Conditional
CASE02932,Tax Law (Direct & Indirect),Administrative Law,Taxation-Service,Gujarat,Surat,Medium,7,2,9,53,1,5,38,No
CASE02933,Human Rights & PIL,Constitutional Law,Fundamental Rights-Article 19,Madhya Pradesh,Bhopal,Low,4,8,7,48,1,5,35,No
CASE02934,POCSO & Juvenile Justice,Criminal Law,IPC-Gang Rape,Rajasthan,Jaipur,Low,8,9,4,290,2,5,60.45,Yes
CASE02935,Consumer Protection,Consumer Law,Products-Vehicles,Uttar Pradesh,Allahabad,Medium,3,4,8,105,8,4,40.48,Conditional
CASE02936,Constitutional Law,Constitutional Law,Writ-Habeas Corpus,Kerala,Kozhikode,Medium,5,7,5,322,4,6,18.7,No
CASE02937,POCSO & Juvenile Justice,Criminal Law,IPC-Gang Rape,Rajasthan,Ajmer,Medium,6,8,4,136,4,6,39.99,No
CASE02938,Anti-Corruption & Vigilance,Criminal Law,IPC-Criminal Breach of Trust,Haryana,Rohtak,Medium,7,7,5,202,5,4,41,Conditional
CASE02939,Constitutional Law,Constitutional Law,Fundamental Rights-Article 15,Rajasthan,Jodhpur,Medium,9,7,3,30,3,3,28.83,No
CASE02940,Intellectual Property,Civil Law,Design,Rajasthan,Kota,Medium,9,10,8,170,4,6,62.31,Yes
CASE02941,Civil Suits,Civil Law,Torts-Motor Accident,Gujarat,Vadodara,Medium,6,5,8,341,8,3,53,Conditional
CASE02942,Intellectual Property,Civil Law,Trade Mark,Karnataka,Gulbarga,Medium,2,7,5,271,9,5,56.16,Conditional
CASE02943,Anti-Corruption & Vigilance,Criminal Law,IPC-Cheating,Uttar Pradesh,Ghaziabad,Medium,5,4,4,284,7,4,34.96,No
CASE02944,NI Act / Cheque Bounce,Criminal Law,IPC-Criminal Breach of Trust,Rajasthan,Jodhpur,Medium,1,5,7,374,2,3,28.83,No
CASE02945,Corporate & Commercial Law,Corporate Law,Director-Conflict,Haryana,Faridabad,Low,8,5,3,101,9,4,66,Yes
CASE02946,Bail Applications,Criminal Law,IPC-Hurt,Delhi,New Delhi,Medium,1,4,7,254,4,2,32.4,No
CASE02947,Constitutional Law,Constitutional Law,Writ-Habeas Corpus,Maharashtra,Nashik,High,10,10,6,257,8,2,16.8,No
CASE02948,Property Disputes,Property Law,Lease-Commercial,Punjab,Jalandhar,Medium,2,8,6,217,1,5,50,Conditional
CASE02949,Constitutional Law,Constitutional Law,Fundamental Rights-Article 14,Punjab,Patiala,Medium,1,4,4,175,4,3,10,No
CASE02950,Company / Insolvency (NCLT-NCLAT),Corporate Law,Insolvency,Gujarat,Rajkot,Medium,3,10,6,334,5,6,40,Conditional
CASE02951,Intellectual Property,Civil Law,Design,Haryana,Ambala,Medium,10,8,4,244,1,4,84,Yes
CASE02952,Corporate & Commercial Law,Corporate Law,Director-Conflict,Haryana,Panipat,Medium,4,2,9,331,10,3,22,No
CASE02953,Medical Negligence,Civil Law,Services-Health,Haryana,Faridabad,Medium,7,5,6,200,1,2,75,Yes
CASE02954,Insurance Claims,Consumer Law,Torts-Motor Accident,Delhi,North Delhi,High,10,1,9,187,10,6,38.88,No
CASE02955,Civil Suits,Civil Law,Contract-Breach,Delhi,Central Delhi,Medium,7,6,3,207,10,4,82.08,Yes
CASE02956,Immigration & Passport Matters,Administrative Law,Licensing,Tamil Nadu,Vellore,High,5,5,7,42,5,6,26.78,No
CASE02957,Bail Applications,Criminal Law,IPC-Assault,Uttar Pradesh,Ghaziabad,Medium,2,8,6,230,1,2,27.6,No
CASE02958,Criminal Appeals,Criminal Law,IPC-Cheating,Maharashtra,Nashik,Medium,2,4,8,54,2,6,18.9,No
CASE02959,Company / Insolvency (NCLT-NCLAT),Corporate Law,Insolvency,Rajasthan,Jodhpur,Low,10,1,4,39,1,3,71.61,Yes
CASE02960,Medical Negligence,Civil Law,Services-Health,Rajasthan,Udaipur,High,7,4,6,75,10,2,49.29,Conditional
CASE02961,Arbitration & Mediation,Corporate Law,Arbitration-Appointment,West Bengal,Howrah,Medium,3,10,9,83,8,2,22,No
CASE02962,Real Estate & RERA,Property Law,Housing-Society,Uttar Pradesh,Lucknow,High,6,1,3,366,7,6,35.88,No
CASE02963,Banking & Debt Recovery,Corporate Law,Insolvency,Delhi,New Delhi,Low,8,6,5,284,6,5,76.68,Yes
CASE02964,Anti-Corruption & Vigilance,Criminal Law,IPC-Criminal Breach of Trust,Kerala,Kochi,Low,3,6,6,264,9,2,55,Conditional
CASE02965,Labour & Employment Disputes,Labour Law,Termination-Retirement,West Bengal,Kolkata,Low,5,3,3,373,10,3,70,Yes
CASE02966,Banking & Debt Recovery,Corporate Law,Contract-Breach,Uttar Pradesh,Meerut,Low,5,8,4,303,9,2,51.52,Conditional
CASE02967,Real Estate & RERA,Property Law,Lease-Residential,Uttar Pradesh,Kanpur,Medium,6,5,6,218,8,5,57.04,Conditional
CASE02968,Writ Petitions,Constitutional Law,Writ-Prohibition,Haryana,Faridabad,Medium,9,8,6,379,5,3,28,No
CASE02969,Tax Law (Direct & Indirect),Administrative Law,Taxation-Service,Bihar,Patna,Low,10,10,7,231,10,6,73.92,Yes
CASE02970,Bail Applications,Criminal Law,IPC-Assault,Gujarat,Surat,Low,2,8,7,268,6,4,41,Conditional
CASE02971,Corporate & Commercial Law,Corporate Law,Director-Conflict,Rajasthan,Ajmer,Medium,9,4,5,299,1,2,56.73,Conditional
CASE02972,Immigration & Passport Matters,Administrative Law,Licensing,Gujarat,Jamnagar,Low,4,9,3,217,3,3,63,Yes
CASE02973,Human Rights & PIL,Constitutional Law,Fundamental Rights-Article 15,Tamil Nadu,Madurai,Medium,10,7,6,272,1,3,37.08,No
CASE02974,Civil Suits,Civil Law,Torts-Motor Accident,Bihar,Munger,Medium,2,5,3,86,2,2,52.8,Conditional
CASE02975,Intellectual Property,Civil Law,Copyright,Gujarat,Jamnagar,Medium,4,1,3,168,10,5,57,Conditional
CASE02976,Environmental Law,Criminal Law,Environment-Forest,Assam,Silchar,Low,9,1,3,184,7,6,64,Yes
CASE02977,Cyber Crime & IT Act,Criminal Law,Cyber Crime-Hacking,Karnataka,Mangalore,High,6,4,5,35,4,2,27.04,No
CASE02978,POCSO & Juvenile Justice,Criminal Law,IPC-Acid Attack,Uttar Pradesh,Agra,Low,2,7,4,51,9,6,42.32,Conditional
CASE02979,Environmental Law,Criminal Law,Environment-Pollution,Madhya Pradesh,Jabalpur,High,8,7,3,129,9,3,31,No
CASE02980,Cyber Crime & IT Act,Criminal Law,Cyber Crime-Phishing,Tamil Nadu,Salem,Low,9,2,6,202,4,5,63.86,Yes
CASE02981,Corporate & Commercial Law,Corporate Law,Shareholder-Issues,Madhya Pradesh,Indore,Low,4,10,4,121,6,4,52,Conditional
CASE02982,Human Rights & PIL,Constitutional Law,Fundamental Rights-Article 21,Karnataka,Mysore,Low,10,8,3,90,4,2,54.08,Conditional
CASE02983,Banking & Debt Recovery,Corporate Law,Insolvency,Delhi,North Delhi,Medium,9,2,6,120,2,4,66.96,Yes
CASE02984,Writ Petitions,Constitutional Law,Writ-Quo Warranto,Karnataka,Belgaum,Medium,9,9,4,290,10,5,30.16,No
CASE02985,Insurance Claims,Consumer Law,Services-Insurance,Bihar,Gaya,High,10,9,5,354,7,5,50.16,Conditional
CASE02986,Arbitration & Mediation,Corporate Law,Arbitration-International,Tamil Nadu,Tirunelveli,Medium,8,9,6,104,5,6,59.74,Conditional
CASE02987,Immigration & Passport Matters,Administrative Law,Licensing,Punjab,Bathinda,Medium,4,5,5,282,9,6,51,Conditional
CASE02988,Medical Negligence,Civil Law,Services-Health,Punjab,Ludhiana,Medium,4,1,7,350,1,3,64,Yes
CASE02989,NI Act / Cheque Bounce,Criminal Law,IPC-Cheating,Madhya Pradesh,Indore,High,4,2,7,260,6,5,14,No
CASE02990,Medical Negligence,Civil Law,Services-Health,Madhya Pradesh,Gwalior,Medium,10,10,9,109,9,3,70,Yes
CASE02991,Labour & Employment Disputes,Labour Law,Compensation-Accident,Uttar Pradesh,Noida,Medium,3,1,3,42,6,2,46,Conditional
CASE02992,Motor Accident Claims,Civil Law,Torts-Motor Accident,Tamil Nadu,Erode,Low,8,5,6,367,10,6,87.55,Yes
CASE02993,Family Disputes,Family Law,Inheritance-Intestate,Maharashtra,Thane,Medium,1,9,8,226,4,2,49.35,Conditional
CASE02994,Bail Applications,Criminal Law,IPC-Murder,Punjab,Bathinda,High,6,2,8,90,8,4,7,No
CASE02995,Environmental Law,Criminal Law,Environment-Pollution,Kerala,Kozhikode,High,6,4,9,137,7,2,11,No
CASE02996,Property Disputes,Property Law,Building-Construction,Maharashtra,Navi Mumbai,Medium,4,3,4,91,8,5,59.85,Conditional
CASE02997,Arbitration & Mediation,Corporate Law,Arbitration-Enforcement,Haryana,Ambala,High,7,6,6,182,4,6,29,No
CASE02998,Cyber Crime & IT Act,Criminal Law,IPC-Cheating,Madhya Pradesh,Bhopal,Low,6,6,4,234,1,5,62,Yes
CASE02999,Environmental Law,Criminal Law,Environment-Forest,Haryana,Hisar,Medium,5,9,5,327,1,6,44,Conditional
CASE03000,Intellectual Property,Civil Law,Trade Mark,Kerala,Thrissur,Medium,9,4,3,166,10,4,81.4,Yes
CASE03001,Immigration & Passport Matters,Administrative Law,Service-Transfer,Punjab,Ludhiana,Medium,5,2,8,79,5,3,38,No
CASE03002,Labour & Employment Disputes,Labour Law,Harassment-Sexual,Delhi,East Delhi,Medium,6,5,7,129,6,5,57.24,Conditional
CASE03003,Real Estate & RERA,Property Law,Housing-Society,Delhi,North Delhi,Low,6,1,7,281,8,5,79.92,Yes
CASE03004,Insurance Claims,Consumer Law,Services-Insurance,Maharashtra,Nashik,Low,3,2,9,158,2,3,54.6,Conditional
CASE03005,Family Disputes,Family Law,Domestic Violence-Physical,Rajasthan,Jodhpur,Medium,2,1,6,162,6,6,56.73,Conditional
CASE03006,Intellectual Property,Civil Law,Patent,Delhi,North Delhi,Medium,10,3,8,380,7,6,75.6,Yes
CASE03007,Family Disputes,Family Law,Child Custody-Legal,Punjab,Ludhiana,Low,2,5,4,336,2,6,78,Yes
CASE03008,NI Act / Cheque Bounce,Criminal Law,IPC-Criminal Breach of Trust,Punjab,Chandigarh,Low,4,3,5,146,2,6,47,Conditional
CASE03009,POCSO & Juvenile Justice,Criminal Law,IPC-Acid Attack,Tamil Nadu,Tirunelveli,Medium,10,3,8,130,6,2,37.08,No
CASE03010,Criminal Appeals,Criminal Law,IPC-Cheating,Madhya Pradesh,Indore,Low,7,6,6,232,7,6,60,Yes
CASE03011,Tax Law (Direct & Indirect),Administrative Law,Taxation-Professional,Madhya Pradesh,Bhopal,Medium,5,6,7,207,6,5,55,Conditional
CASE03012,Anti-Corruption & Vigilance,Criminal Law,IPC-Cheating,Karnataka,Mangalore,High,8,3,6,369,6,2,27.04,No
CASE03013,Human Rights & PIL,Constitutional Law,Fundamental Rights-Article 21,Kerala,Thiruvananthapuram,Medium,6,3,9,224,1,4,12.1,No
CASE03014,Civil Suits,Civil Law,Torts-Motor Accident,Uttar Pradesh,Ghaziabad,Medium,2,10,7,324,1,3,49.68,Conditional
CASE03015,Bail Applications,Criminal Law,IPC-Assault,Punjab,Bathinda,Low,8,6,3,31,4,5,65,Yes
CASE03016,POCSO & Juvenile Justice,Criminal Law,IPC-Acid Attack,Rajasthan,Udaipur,Medium,7,3,3,263,10,2,42.78,Conditional
CASE03017,Banking & Debt Recovery,Corporate Law,Contract-Breach,Madhya Pradesh,Indore,Low,9,6,4,345,2,2,75,Yes
CASE03018,Insurance Claims,Consumer Law,Torts-Motor Accident,Assam,Guwahati,Medium,10,2,9,40,6,3,62,Yes
CASE03019,Banking & Debt Recovery,Corporate Law,Contract-Breach,Karnataka,Bangalore,Medium,3,7,4,311,9,3,43.68,Conditional
CASE03020,Writ Petitions,Constitutional Law,Writ-Habeas Corpus,Tamil Nadu,Salem,Low,9,3,5,48,3,5,53.56,Conditional
CASE03021,Medical Negligence,Civil Law,Services-Health,Haryana,Panipat,Low,5,7,4,277,7,5,76,Yes
CASE03022,Environmental Law,Criminal Law,Environment-Pollution,Assam,Jorhat,Low,4,8,4,284,9,4,55,Conditional
CASE03023,Labour & Employment Disputes,Labour Law,Termination-Wrongful,Bihar,Gaya,Low,4,5,4,288,9,5,56.32,Conditional
CASE03024,Intellectual Property,Civil Law,Patent,Karnataka,Mangalore,Low,8,2,6,330,3,3,91.52,Yes
CASE03025,Intellectual Property,Civil Law,Design,Karnataka,Bangalore,High,8,2,4,290,1,4,60.32,Yes
CASE03026,Consumer Protection,Consumer Law,Products-Vehicles,Uttar Pradesh,Ghaziabad,Low,1,2,5,311,2,3,61.64,Yes
CASE03027,Civil Suits,Civil Law,Torts-Motor Accident,Tamil Nadu,Salem,Low,8,1,3,175,7,3,88.58,Yes
CASE03028,Constitutional Law,Constitutional Law,Fundamental Rights-Article 15,Maharashtra,Nagpur,Medium,9,8,5,46,6,5,35.7,No
CASE03029,Corporate & Commercial Law,Corporate Law,Arbitration-Enforcement,Rajasthan,Bikaner,Low,2,8,6,335,10,4,51.15,Conditional
CASE03030,Cyber Crime & IT Act,Criminal Law,Cyber Crime-Cyber Stalking,Tamil Nadu,Coimbatore,Low,5,5,4,121,4,3,58.71,Conditional
CASE03031,Criminal Appeals,Criminal Law,IPC-Hurt,Assam,Nagaon,High,10,6,7,293,3,2,30,No
CASE03032,Property Disputes,Property Law,Land-Encroachment,Kerala,Kollam,High,9,8,8,362,7,3,33,No
CASE03033,Constitutional Law,Constitutional Law,Fundamental Rights-Article 15,Tamil Nadu,Erode,Medium,5,6,3,222,3,6,22.66,No
CASE03034,POCSO & Juvenile Justice,Criminal Law,IPC-Rape,Bihar,Patna,High,10,3,9,366,3,3,19.36,No
CASE03035,Environmental Law,Criminal Law,Environment-Forest,Rajasthan,Jodhpur,Low,1,10,6,361,6,5,42.78,Conditional
CASE03036,Tax Law (Direct & Indirect),Administrative Law,Taxation-Professional,Kerala,Kochi,Medium,7,2,9,205,3,5,39.6,No
CASE03037,Constitutional Law,Constitutional Law,Writ-Mandamus,Delhi,Central Delhi,Medium,2,7,5,113,10,3,11.88,No
CASE03038,Company / Insolvency (NCLT-NCLAT),Corporate Law,Insolvency,Uttar Pradesh,Varanasi,Medium,7,4,7,243,3,5,42.32,Conditional
CASE03039,Criminal Appeals,Criminal Law,IPC-Murder,Assam,Guwahati,Medium,2,4,5,201,4,4,36,No
CASE03040,Immigration & Passport Matters,Administrative Law,Service-Transfer,Maharashtra,Solapur,High,7,6,3,193,1,4,40.95,Conditional
CASE03041,Arbitration & Mediation,Corporate Law,Arbitration-Appointment,Delhi,Central Delhi,Medium,5,2,9,92,2,2,27,No
CASE03042,Intellectual Property,Civil Law,Geographical Indication,Uttar Pradesh,Ghaziabad,High,8,6,7,262,9,3,46.92,Conditional
CASE03043,Immigration & Passport Matters,Administrative Law,Licensing,Madhya Pradesh,Jabalpur,High,1,7,8,271,8,5,1,No
CASE03044,Writ Petitions,Constitutional Law,Writ-Habeas Corpus,Rajasthan,Ajmer,Medium,4,8,4,32,6,4,11.16,No
CASE03045,Company / Insolvency (NCLT-NCLAT),Corporate Law,Insolvency,Kerala,Kollam,High,3,5,5,224,10,4,26.4,No
CASE03046,Motor Accident Claims,Civil Law,Torts-Motor Accident,Karnataka,Bangalore,Low,9,7,5,295,8,6,96.72,Yes
CASE03047,Property Disputes,Property Law,Land-Title,Bihar,Bhagalpur,High,10,6,6,295,10,6,45.76,Conditional
CASE03048,Human Rights & PIL,Constitutional Law,Fundamental Rights-Article 14,Punjab,Chandigarh,Medium,3,8,6,279,4,5,12,No
CASE03049,Tax Law (Direct & Indirect),Administrative Law,Taxation-Professional,Rajasthan,Udaipur,High,8,3,6,296,1,3,34.41,No
CASE03050,Consumer Protection,Consumer Law,Practices-Misleading Ads,Delhi,New Delhi,Medium,1,10,3,394,6,3,50.76,Conditional
CASE03051,Insurance Claims,Consumer Law,Services-Insurance,Uttar Pradesh,Kanpur,Medium,6,5,9,105,4,5,44.16,Conditional
CASE03052,Company / Insolvency (NCLT-NCLAT),Corporate Law,Arbitration-Enforcement,Uttar Pradesh,Lucknow,Low,5,7,9,182,3,3,43.24,Conditional
CASE03053,Arbitration & Mediation,Corporate Law,Arbitration-International,Maharashtra,Pune,Medium,1,8,9,35,7,4,21,No
CASE03054,Bail Applications,Criminal Law,IPC-Assault,Punjab,Chandigarh,Medium,7,7,8,284,5,6,27,No
CASE03055,Medical Negligence,Civil Law,Services-Health,Karnataka,Davangere,Low,1,5,4,360,8,2,66.56,Yes
CASE03056,Constitutional Law,Constitutional Law,Writ-Mandamus,Uttar Pradesh,Meerut,High,3,4,6,144,6,3,0,No
CASE03057,POCSO & Juvenile Justice,Criminal Law,IPC-Acid Attack,Kerala,Alappuzha,Medium,8,1,4,239,7,2,50.6,Conditional
CASE03058,Constitutional Law,Constitutional Law,Fundamental Rights-Article 14,Delhi,East Delhi,Medium,3,9,8,336,4,4,0,No
CASE03059,Labour & Employment Disputes,Labour Law,Wages-Minimum,Madhya Pradesh,Sagar,Low,4,1,6,83,3,3,62,Yes
CASE03060,POCSO & Juvenile Justice,Criminal Law,IPC-Rape,Gujarat,Jamnagar,Low,7,6,5,362,3,2,57,Conditional
CASE03061,Family Disputes,Family Law,Child Custody-Physical,Haryana,Ambala,High,8,2,7,59,2,4,58,Conditional
CASE03062,Consumer Protection,Consumer Law,Practices-E-commerce,Maharashtra,Amravati,Low,9,10,3,127,5,3,93.45,Yes
CASE03063,Consumer Protection,Consumer Law,Practices-Misleading Ads,Bihar,Gaya,Medium,5,3,6,280,5,6,48.4,Conditional
CASE03064,Corporate & Commercial Law,Corporate Law,Shareholder-Issues,Kerala,Kochi,High,1,8,7,350,4,3,8.8,No
CASE03065,Consumer Protection,Consumer Law,Products-Vehicles,Kerala,Kochi,High,3,10,9,114,6,5,20.9,No
CASE03066,Consumer Protection,Consumer Law,Products-Electronic,Bihar,Munger,Low,4,1,5,378,1,6,64.24,Yes
CASE03067,Cyber Crime & IT Act,Criminal Law,Cyber Crime-Identity Theft,Madhya Pradesh,Bhopal,Medium,9,3,8,35,10,5,34,No
CASE03068,Corporate & Commercial Law,Corporate Law,Director-Conflict,Haryana,Hisar,Low,8,6,3,100,9,3,67,Yes
CASE03069,Medical Negligence,Civil Law,Services-Health,Uttar Pradesh,Agra,High,5,4,8,229,5,4,30.36,No
CASE03070,Real Estate & RERA,Property Law,Housing-Society,Maharashtra,Solapur,Medium,9,2,4,158,7,4,66.15,Yes
CASE03071,Motor Accident Claims,Civil Law,Torts-Motor Accident,Bihar,Munger,High,7,6,8,236,2,5,36.08,No
CASE03072,Cyber Crime & IT Act,Criminal Law,Cyber Crime-Phishing,West Bengal,Durgapur,Medium,4,1,6,47,4,5,32,No
CASE03073,Labour & Employment Disputes,Labour Law,Harassment-Sexual,Rajasthan,Ajmer,Medium,6,9,8,347,9,6,41.85,Conditional
CASE03074,Civil Suits,Civil Law,Property-Title,West Bengal,Asansol,High,2,2,6,193,3,3,41,Conditional
CASE03075,Civil Suits,Civil Law,Property-Title,West Bengal,Durgapur,Medium,4,1,7,150,3,4,60,Yes
CASE03076,Criminal Appeals,Criminal Law,IPC-Cheating,Madhya Pradesh,Bhopal,Low,3,1,5,308,3,6,48,Conditional
CASE03077,Tax Law (Direct & Indirect),Administrative Law,Taxation-Property,Gujarat,Jamnagar,Medium,1,9,3,318,4,3,33,No
CASE03078,Anti-Corruption & Vigilance,Criminal Law,IPC-Criminal Breach of Trust,Gujarat,Surat,Medium,8,3,6,89,3,6,52,Conditional
CASE03079,Medical Negligence,Civil Law,Services-Health,West Bengal,Durgapur,Medium,5,8,9,187,5,5,51,Conditional
CASE03080,Corporate & Commercial Law,Corporate Law,Arbitration-Enforcement,West Bengal,Hooghly,Medium,6,6,4,330,10,4,51,Conditional
CASE03081,POCSO & Juvenile Justice,Criminal Law,IPC-Gang Rape,Delhi,New Delhi,Medium,5,8,4,47,1,3,38.88,No
CASE03082,Labour & Employment Disputes,Labour Law,Compensation-Accident,Tamil Nadu,Coimbatore,High,6,10,7,215,4,5,44.29,Conditional
CASE03083,Constitutional Law,Constitutional Law,Writ-Mandamus,Gujarat,Rajkot,High,8,2,9,32,7,6,0,No
CASE03084,Banking & Debt Recovery,Corporate Law,Contract-Breach,Haryana,Gurugram,Medium,2,7,5,239,7,6,35,No
CASE03085,Family Disputes,Family Law,Inheritance-Intestate,Delhi,East Delhi,Medium,5,7,4,131,2,5,77.76,Yes
CASE03086,Tax Law (Direct & Indirect),Administrative Law,Taxation-Professional,Gujarat,Jamnagar,Low,4,5,8,70,7,4,49,Conditional
CASE03087,Motor Accident Claims,Civil Law,Torts-Motor Accident,Maharashtra,Amravati,Low,3,6,5,345,5,4,77.7,Yes
CASE03088,Banking & Debt Recovery,Corporate Law,Corporate-Fraud,Gujarat,Rajkot,Low,1,1,5,120,1,6,48,Conditional
CASE03089,Company / Insolvency (NCLT-NCLAT),Corporate Law,Insolvency,West Bengal,Durgapur,Medium,8,5,7,264,2,6,50,Conditional
CASE03090,Immigration & Passport Matters,Administrative Law,Licensing,Punjab,Patiala,Medium,1,3,4,214,7,5,33,No
CASE03091,Real Estate & RERA,Property Law,Housing-Society,Bihar,Patna,Medium,6,1,9,352,7,4,35.2,No
CASE03092,Anti-Corruption & Vigilance,Criminal Law,IPC-Criminal Breach of Trust,Rajasthan,Kota,Medium,1,4,3,48,4,5,27.9,No
CASE03093,Environmental Law,Criminal Law,Environment-Pollution,Kerala,Thrissur,Medium,4,6,5,307,6,2,35.2,No
CASE03094,Property Disputes,Property Law,Land-Encroachment,Assam,Jorhat,High,1,5,3,39,2,5,21,No
CASE03095,Insurance Claims,Consumer Law,Services-Insurance,Rajasthan,Bikaner,Low,9,10,7,314,9,6,77.19,Yes
CASE03096,Company / Insolvency (NCLT-NCLAT),Corporate Law,Insolvency,Rajasthan,Udaipur,Medium,2,1,5,31,6,3,37.2,No
CASE03097,Anti-Corruption & Vigilance,Criminal Law,IPC-Cheating,Bihar,Muzaffarpur,Low,7,10,9,244,7,3,41.36,Conditional
CASE03098,Human Rights & PIL,Constitutional Law,Fundamental Rights-Article 21,Karnataka,Hubli,Medium,3,3,3,34,3,4,19.76,No
CASE03099,Civil Suits,Civil Law,Contract-Breach,Punjab,Amritsar,Medium,7,3,8,166,2,5,59,Conditional
CASE03100,Labour & Employment Disputes,Labour Law,Wages-Minimum,Gujarat,Ahmedabad,Medium,8,6,5,112,7,3,62,Yes
CASE03101,NI Act / Cheque Bounce,Criminal Law,IPC-Criminal Breach of Trust,West Bengal,Hooghly,Low,5,3,6,143,6,6,52,Conditional
CASE03102,Medical Negligence,Civil Law,Services-Health,Tamil Nadu,Salem,Low,5,6,4,190,2,3,86.52,Yes
CASE03103,Constitutional Law,Constitutional Law,Fundamental Rights-Article 15,Gujarat,Bhavnagar,Low,8,6,5,196,4,2,41,Conditional
CASE03104,Immigration & Passport Matters,Administrative Law,Service-Transfer,Karnataka,Mysore,Low,3,4,4,169,9,5,65.52,Yes
CASE03105,Anti-Corruption & Vigilance,Criminal Law,IPC-Cheating,Punjab,Amritsar,High,5,5,7,165,10,5,17,No
CASE03106,Arbitration & Mediation,Corporate Law,Arbitration-Appointment,Tamil Nadu,Salem,Low,8,3,7,131,6,4,75.19,Yes
CASE03107,Motor Accident Claims,Civil Law,Torts-Motor Accident,West Bengal,Howrah,Medium,5,1,7,309,2,4,62,Yes
CASE03108,Labour & Employment Disputes,Labour Law,Industrial-Retrenchment,Uttar Pradesh,Allahabad,High,3,9,8,342,6,2,11.96,No
CASE03109,Property Disputes,Property Law,Land-Title,Delhi,New Delhi,Low,1,5,9,191,6,4,50.76,Conditional
CASE03110,Cyber Crime & IT Act,Criminal Law,Cyber Crime-Cyber Stalking,Rajasthan,Udaipur,Medium,7,6,4,394,1,2,39.06,No
CASE03111,Company / Insolvency (NCLT-NCLAT),Corporate Law,Insolvency,Bihar,Darbhanga,Low,4,5,6,79,6,3,50.16,Conditional
CASE03112,POCSO & Juvenile Justice,Criminal Law,IPC-Rape,Karnataka,Hubli,Medium,7,9,3,207,9,6,48.88,Conditional
CASE03113,Company / Insolvency (NCLT-NCLAT),Corporate Law,Oppression-Mismanagement,Rajasthan,Bikaner,High,10,7,9,259,8,3,22.32,No
CASE03114,POCSO & Juvenile Justice,Criminal Law,IPC-Gang Rape,Madhya Pradesh,Sagar,Low,4,8,8,211,9,3,33,No
CASE03115,Cyber Crime & IT Act,Criminal Law,Cyber Crime-Hacking,Gujarat,Vadodara,Medium,1,6,4,339,5,6,25,No
CASE03116,Motor Accident Claims,Civil Law,Torts-Motor Accident,Delhi,South Delhi,Medium,5,10,4,350,4,5,65.88,Yes
CASE03117,Consumer Protection,Consumer Law,Products-Vehicles,Gujarat,Bhavnagar,Medium,6,2,3,199,1,4,65,Yes
CASE03118,Real Estate & RERA,Property Law,Housing-Society,Delhi,Central Delhi,Medium,9,3,7,376,5,3,66.96,Yes
CASE03119,Human Rights & PIL,Constitutional Law,Fundamental Rights-Article 21,Delhi,East Delhi,Medium,3,9,6,133,6,2,12.96,No
CASE03120,Property Disputes,Property Law,Land-Boundary,Assam,Dibrugarh,High,10,1,7,392,6,4,55,Conditional
CASE03121,Bail Applications,Criminal Law,IPC-Murder,Punjab,Chandigarh,Low,4,1,6,52,10,5,56,Conditional
CASE03122,Tax Law (Direct & Indirect),Administrative Law,Taxation-Service,Gujarat,Rajkot,Low,1,3,5,108,2,3,55,Conditional
CASE03123,Criminal Appeals,Criminal Law,IPC-Murder,Gujarat,Rajkot,High,6,8,7,172,10,3,21,No
CASE03124,Intellectual Property,Civil Law,Geographical Indication,Punjab,Jalandhar,Medium,2,8,8,311,1,6,42,Conditional
CASE03125,Medical Negligence,Civil Law,Torts-Medical Negligence,Bihar,Gaya,Low,1,9,5,382,9,4,60.72,Yes
CASE03126,Constitutional Law,Constitutional Law,Writ-Habeas Corpus,Karnataka,Belgaum,Medium,2,9,4,67,1,3,9.36,No
CASE03127,Insurance Claims,Consumer Law,Services-Insurance,Delhi,North Delhi,Medium,9,6,3,335,8,2,74.52,Yes
CASE03128,Real Estate & RERA,Property Law,Building-Construction,West Bengal,Hooghly,High,8,7,3,46,10,4,48,Conditional
CASE03129,Writ Petitions,Constitutional Law,Writ-Mandamus,Punjab,Jalandhar,Low,8,2,3,243,5,4,40,Conditional
CASE03130,Property Disputes,Property Law,Housing-Society,Uttar Pradesh,Noida,Low,4,10,7,376,6,3,57.96,Conditional
CASE03131,Anti-Corruption & Vigilance,Criminal Law,IPC-Cheating,Assam,Silchar,High,6,4,9,48,10,3,9,No
CASE03132,Writ Petitions,Constitutional Law,Writ-Habeas Corpus,Punjab,Amritsar,High,3,2,5,79,3,4,0,No
CASE03133,Consumer Protection,Consumer Law,Services-Health,Delhi,New Delhi,High,7,8,4,142,6,4,54,Conditional
CASE03134,Corporate & Commercial Law,Corporate Law,Oppression-Mismanagement,West Bengal,Durgapur,High,9,5,3,100,2,4,39,No
CASE03135,Constitutional Law,Constitutional Law,Fundamental Rights-Article 15,Karnataka,Belgaum,Low,4,3,4,244,10,2,32.24,No
CASE03136,Writ Petitions,Constitutional Law,Writ-Quo Warranto,Haryana,Panipat,Medium,4,4,6,258,2,4,21,No
CASE03137,Environmental Law,Criminal Law,Environment-Forest,Gujarat,Bhavnagar,Low,5,1,6,300,10,2,52,Conditional
CASE03138,Bail Applications,Criminal Law,IPC-Murder,Haryana,Rohtak,Medium,3,7,7,300,1,2,39,No
CASE03139,Environmental Law,Criminal Law,Environment-Forest,Kerala,Kollam,Low,8,6,3,319,1,3,68.2,Yes
CASE03140,Immigration & Passport Matters,Administrative Law,Licensing,Karnataka,Mysore,Medium,6,1,8,112,2,5,36.4,No
CASE03141,Consumer Protection,Consumer Law,Practices-E-commerce,Gujarat,Vadodara,Medium,4,7,6,42,4,4,55,Conditional
CASE03142,Banking & Debt Recovery,Corporate Law,Corporate-Fraud,Kerala,Thiruvananthapuram,Low,8,6,3,36,3,3,74.8,Yes
CASE03143,Company / Insolvency (NCLT-NCLAT),Corporate Law,Oppression-Mismanagement,Gujarat,Jamnagar,Low,9,10,4,180,9,6,76,Yes
CASE03144,Cyber Crime & IT Act,Criminal Law,IPC-Cheating,West Bengal,Hooghly,Medium,9,1,5,389,8,2,49,Conditional
CASE03145,Bail Applications,Criminal Law,IPC-Assault,Rajasthan,Ajmer,Low,1,8,3,260,7,3,35.34,No
CASE03146,Immigration & Passport Matters,Administrative Law,Service-Transfer,Kerala,Alappuzha,High,8,10,6,333,1,6,37.4,No
CASE03147,Cyber Crime & IT Act,Criminal Law,IPC-Cheating,Madhya Pradesh,Jabalpur,Medium,5,6,9,132,4,2,21,No
CASE03148,Intellectual Property,Civil Law,Trade Mark,Karnataka,Belgaum,Low,7,8,7,239,5,6,88.4,Yes
CASE03149,Immigration & Passport Matters,Administrative Law,Licensing,West Bengal,Howrah,Medium,10,3,9,246,8,4,55,Conditional
CASE03150,Anti-Corruption & Vigilance,Criminal Law,IPC-Cheating,West Bengal,Howrah,Low,6,9,6,154,2,3,59,Conditional
CASE03151,Writ Petitions,Constitutional Law,Writ-Quo Warranto,Uttar Pradesh,Ghaziabad,Low,8,7,9,260,7,5,22.08,No
CASE03152,Medical Negligence,Civil Law,Torts-Medical Negligence,West Bengal,Hooghly,Medium,5,4,6,121,1,5,60,Yes
CASE03153,Medical Negligence,Civil Law,Services-Health,West Bengal,Siliguri,Medium,4,2,8,364,2,3,43,Conditional
CASE03154,Motor Accident Claims,Civil Law,Torts-Motor Accident,Tamil Nadu,Salem,Medium,10,5,7,375,3,2,78.28,Yes
CASE03155,Anti-Corruption & Vigilance,Criminal Law,IPC-Criminal Breach of Trust,West Bengal,Durgapur,Low,9,8,7,202,1,2,68,Yes
CASE03156,Tax Law (Direct & Indirect),Administrative Law,Taxation-Service,Assam,Nagaon,Medium,6,9,9,260,4,4,40,Conditional
CASE03157,Labour & Employment Disputes,Labour Law,Termination-Wrongful,Rajasthan,Bikaner,Low,1,6,5,78,3,6,53.94,Conditional
CASE03158,Labour & Employment Disputes,Labour Law,Termination-Retirement,Kerala,Kozhikode,Medium,8,9,6,278,9,2,74.8,Yes
CASE03159,POCSO & Juvenile Justice,Criminal Law,IPC-Acid Attack,Haryana,Hisar,High,7,7,8,174,8,5,7,No
CASE03160,Banking & Debt Recovery,Corporate Law,Contract-Breach,Maharashtra,Amravati,Low,10,1,9,298,2,3,68.25,Yes
CASE03161,Consumer Protection,Consumer Law,Products-Electronic,Delhi,North Delhi,Low,10,7,3,290,1,3,93.96,Yes
CASE03162,Banking & Debt Recovery,Corporate Law,Contract-Breach,West Bengal,Durgapur,Medium,4,1,3,318,5,6,39,No
CASE03163,Writ Petitions,Constitutional Law,Writ-Quo Warranto,Punjab,Chandigarh,Low,6,5,7,183,8,5,43,Conditional
CASE03164,POCSO & Juvenile Justice,Criminal Law,IPC-Gang Rape,Uttar Pradesh,Agra,Medium,8,8,5,55,7,2,47.84,Conditional
CASE03165,Consumer Protection,Consumer Law,Practices-Misleading Ads,Haryana,Gurugram,Low,3,9,6,54,8,3,71,Yes
CASE03166,Writ Petitions,Constitutional Law,Writ-Mandamus,Kerala,Kozhikode,Medium,8,7,8,105,1,5,15.4,No
CASE03167,Intellectual Property,Civil Law,Patent,Gujarat,Vadodara,Medium,5,1,4,87,6,2,60,Yes
CASE03168,Immigration & Passport Matters,Administrative Law,Licensing,Uttar Pradesh,Ghaziabad,Low,5,9,6,200,5,6,58.88,Conditional
CASE03169,Corporate & Commercial Law,Corporate Law,Oppression-Mismanagement,Maharashtra,Thane,Low,8,9,5,91,4,5,74.55,Yes
CASE03170,Cyber Crime & IT Act,Criminal Law,Cyber Crime-Identity Theft,Uttar Pradesh,Agra,Medium,6,10,5,322,7,6,41.4,Conditional
CASE03171,Civil Suits,Civil Law,Contract-Breach,Rajasthan,Jaipur,Low,2,3,8,292,10,6,47.43,Conditional
CASE03172,NI Act / Cheque Bounce,Criminal Law,IPC-Cheating,Uttar Pradesh,Ghaziabad,Medium,10,9,9,330,7,6,36.8,No
CASE03173,Anti-Corruption & Vigilance,Criminal Law,IPC-Cheating,Punjab,Bathinda,Medium,7,5,9,347,8,4,32,No
CASE03174,Immigration & Passport Matters,Administrative Law,Licensing,Bihar,Patna,Medium,2,2,5,286,1,6,38.72,No
CASE03175,Anti-Corruption & Vigilance,Criminal Law,IPC-Cheating,Bihar,Bhagalpur,Medium,1,4,5,95,1,5,28.16,No
CASE03176,Constitutional Law,Constitutional Law,Fundamental Rights-Article 14,Assam,Tinsukia,Low,8,2,3,204,2,2,43,Conditional
CASE03177,Labour & Employment Disputes,Labour Law,Industrial-Retrenchment,Maharashtra,Nagpur,High,6,5,9,95,10,5,18.9,No
CASE03178,Banking & Debt Recovery,Corporate Law,Contract-Breach,Punjab,Amritsar,Low,8,7,4,323,1,4,69,Yes
CASE03179,Arbitration & Mediation,Corporate Law,Arbitration-Appointment,Karnataka,Mysore,Low,8,8,4,144,1,6,69.68,Yes
CASE03180,Cyber Crime & IT Act,Criminal Law,Cyber Crime-Hacking,Kerala,Thrissur,Medium,5,2,6,255,5,4,40.7,Conditional
CASE03181,Immigration & Passport Matters,Administrative Law,Service-Transfer,Bihar,Gaya,Low,2,2,9,129,2,4,38.72,No
CASE03182,Real Estate & RERA,Property Law,Building-Construction,Tamil Nadu,Erode,Medium,1,2,7,161,3,5,44.29,Conditional
CASE03183,Corporate & Commercial Law,Corporate Law,Oppression-Mismanagement,Uttar Pradesh,Kanpur,High,7,1,8,259,10,5,17.48,No
CASE03184,Human Rights & PIL,Constitutional Law,Fundamental Rights-Article 15,Punjab,Patiala,Medium,9,2,5,80,10,6,30,No
CASE03185,Constitutional Law,Constitutional Law,Fundamental Rights-Article 14,Punjab,Bathinda,Low,9,6,8,309,9,5,31,No
CASE03186,Family Disputes,Family Law,Divorce-Contested,Maharashtra,Pune,Medium,6,3,3,289,10,3,77.7,Yes
CASE03187,Banking & Debt Recovery,Corporate Law,Insolvency,West Bengal,Howrah,Medium,5,1,6,297,2,3,47,Conditional
CASE03188,Criminal Appeals,Criminal Law,IPC-Cheating,Kerala,Thiruvananthapuram,Medium,9,3,3,244,1,5,52.8,Conditional
CASE03189,Medical Negligence,Civil Law,Services-Health,Kerala,Thiruvananthapuram,Medium,8,5,5,392,1,4,77,Yes
CASE03190,Immigration & Passport Matters,Administrative Law,Service-Transfer,Kerala,Kollam,Low,7,4,6,386,7,4,72.6,Yes
CASE03191,Writ Petitions,Constitutional Law,Writ-Mandamus,Uttar Pradesh,Meerut,Medium,7,5,8,399,5,5,13.8,No
CASE03192,Human Rights & PIL,Constitutional Law,Fundamental Rights-Article 19,Bihar,Patna,Medium,1,5,7,153,8,4,4.4,No
CASE03193,Real Estate & RERA,Property Law,Building-Construction,Tamil Nadu,Tirunelveli,Low,7,9,3,60,10,4,77.25,Yes
CASE03194,Environmental Law,Criminal Law,Environment-Pollution,Assam,Tinsukia,Medium,4,1,9,362,5,6,22,No
CASE03195,Intellectual Property,Civil Law,Copyright,Uttar Pradesh,Meerut,Medium,6,9,8,314,2,3,51.52,Conditional
CASE03196,Motor Accident Claims,Civil Law,Torts-Motor Accident,Bihar,Patna,Low,6,4,7,56,10,6,75.68,Yes
CASE03197,Corporate & Commercial Law,Corporate Law,Arbitration-Enforcement,Punjab,Amritsar,Medium,10,6,5,100,6,4,62,Yes
CASE03198,Property Disputes,Property Law,Land-Encroachment,Madhya Pradesh,Gwalior,High,8,1,3,39,8,4,49,Conditional
CASE03199,Property Disputes,Property Law,Land-Encroachment,Delhi,Central Delhi,Low,1,1,5,133,3,2,65.88,Yes
CASE03200,Bail Applications,Criminal Law,IPC-Assault,Tamil Nadu,Erode,High,5,1,3,71,4,6,24.72,No
CASE03201,Banking & Debt Recovery,Corporate Law,Corporate-Fraud,Rajasthan,Udaipur,Medium,4,9,6,41,3,4,38.13,No
CASE03202,Tax Law (Direct & Indirect),Administrative Law,Taxation-Professional,Madhya Pradesh,Sagar,High,3,6,3,210,10,4,25,No
CASE03203,Intellectual Property,Civil Law,Copyright,Tamil Nadu,Tirunelveli,Low,10,7,4,111,9,3,100,Yes
CASE03204,Criminal Appeals,Criminal Law,IPC-Cheating,Haryana,Hisar,Medium,2,9,4,311,10,2,26,No
CASE03205,POCSO & Juvenile Justice,Criminal Law,IPC-Gang Rape,Karnataka,Hubli,High,3,8,7,242,3,3,12.48,No
CASE03206,Corporate & Commercial Law,Corporate Law,Contract-Breach,Assam,Nagaon,Medium,4,10,4,161,3,6,37,No
CASE03207,Writ Petitions,Constitutional Law,Writ-Mandamus,Karnataka,Hubli,Low,6,5,5,260,6,2,37.44,No
CASE03208,Banking & Debt Recovery,Corporate Law,Corporate-Fraud,Tamil Nadu,Vellore,Low,2,3,6,362,5,4,49.44,Conditional
CASE03209,Real Estate & RERA,Property Law,Lease-Residential,Assam,Tinsukia,High,8,7,8,109,3,3,34,No
CASE03210,Criminal Appeals,Criminal Law,IPC-Cheating,Delhi,East Delhi,High,10,9,5,142,6,4,35.64,No
CASE03211,Constitutional Law,Constitutional Law,Fundamental Rights-Article 15,Kerala,Thrissur,Medium,7,1,3,223,3,5,27.5,No
CASE03212,Motor Accident Claims,Civil Law,Torts-Motor Accident,Punjab,Amritsar,High,3,9,5,326,9,4,39,No
CASE03213,Anti-Corruption & Vigilance,Criminal Law,IPC-Cheating,Assam,Tinsukia,Low,5,2,8,352,10,3,35,No
CASE03214,NI Act / Cheque Bounce,Criminal Law,IPC-Cheating,Madhya Pradesh,Jabalpur,Medium,4,7,4,62,1,3,36,No
CASE03215,Constitutional Law,Constitutional Law,Writ-Habeas Corpus,Haryana,Faridabad,High,10,8,3,389,4,3,19,No
CASE03216,Civil Suits,Civil Law,Contract-Breach,Uttar Pradesh,Lucknow,High,1,6,8,147,6,4,11.96,No
CASE03217,NI Act / Cheque Bounce,Criminal Law,IPC-Cheating,Assam,Jorhat,Medium,6,10,5,178,9,3,43,Conditional
CASE03218,POCSO & Juvenile Justice,Criminal Law,IPC-Acid Attack,Bihar,Munger,Low,3,5,5,239,3,2,42.24,Conditional
CASE03219,NI Act / Cheque Bounce,Criminal Law,IPC-Criminal Breach of Trust,Delhi,North Delhi,Low,4,8,7,393,7,5,56.16,Conditional
CASE03220,Family Disputes,Family Law,Child Custody-Legal,Punjab,Amritsar,High,7,6,8,324,7,4,38,No
CASE03221,Real Estate & RERA,Property Law,Lease-Residential,Karnataka,Mysore,Medium,8,5,4,395,4,4,63.44,Yes
CASE03222,Criminal Appeals,Criminal Law,IPC-Murder,Rajasthan,Jodhpur,Medium,7,5,6,73,7,3,44.64,Conditional
CASE03223,Human Rights & PIL,Constitutional Law,Fundamental Rights-Article 15,Uttar Pradesh,Agra,High,4,1,3,354,8,4,1.84,No
CASE03224,Human Rights & PIL,Constitutional Law,PIL-Public Interest,Uttar Pradesh,Kanpur,Medium,2,7,7,236,3,6,9.2,No
CASE03225,Company / Insolvency (NCLT-NCLAT),Corporate Law,Arbitration-Enforcement,Punjab,Ludhiana,High,5,7,4,71,4,6,23,No
CASE03226,Property Disputes,Property Law,Land-Title,Uttar Pradesh,Varanasi,Low,9,3,5,180,3,6,74.52,Yes
CASE03227,Environmental Law,Criminal Law,Environment-Pollution,West Bengal,Siliguri,Low,5,3,6,147,4,5,53,Conditional
CASE03228,Criminal Appeals,Criminal Law,IPC-Hurt,Gujarat,Ahmedabad,Medium,9,3,7,166,10,4,48,Conditional
CASE03229,Bail Applications,Criminal Law,IPC-Murder,Haryana,Faridabad,Medium,10,1,7,214,2,2,52,Conditional
CASE03230,Bail Applications,Criminal Law,IPC-Murder,Tamil Nadu,Tirunelveli,Medium,5,3,9,356,1,5,27.81,No
CASE03231,Company / Insolvency (NCLT-NCLAT),Corporate Law,Oppression-Mismanagement,Delhi,Central Delhi,Medium,5,6,4,320,3,4,52.92,Conditional
CASE03232,POCSO & Juvenile Justice,Criminal Law,IPC-Acid Attack,West Bengal,Durgapur,High,4,8,3,60,6,2,20,No
CASE03233,Writ Petitions,Constitutional Law,Writ-Quo Warranto,Karnataka,Hubli,Low,9,4,8,108,5,3,33.28,No
CASE03234,Corporate & Commercial Law,Corporate Law,Contract-Breach,Kerala,Thiruvananthapuram,High,4,6,8,303,8,6,4.4,No
CASE03235,Banking & Debt Recovery,Corporate Law,Insolvency,West Bengal,Howrah,Medium,8,7,4,240,2,3,59,Conditional
CASE03236,POCSO & Juvenile Justice,Criminal Law,IPC-Rape,Maharashtra,Nagpur,High,1,7,9,297,7,3,0,No
CASE03237,Writ Petitions,Constitutional Law,Writ-Certiorari,Bihar,Bhagalpur,Low,5,8,6,160,8,3,28.16,No
CASE03238,Civil Suits,Civil Law,Contract-Breach,Punjab,Patiala,Medium,9,6,6,144,9,3,77,Yes
CASE03239,Medical Negligence,Civil Law,Torts-Medical Negligence,Haryana,Rohtak,Low,10,9,6,245,2,3,97,Yes
CASE03240,Environmental Law,Criminal Law,Environment-Forest,Gujarat,Rajkot,High,7,3,7,167,4,5,23,No
CASE03241,Anti-Corruption & Vigilance,Criminal Law,IPC-Cheating,Gujarat,Ahmedabad,Low,7,4,7,394,3,3,63,Yes
CASE03242,POCSO & Juvenile Justice,Criminal Law,IPC-Rape,Delhi,West Delhi,Low,7,7,6,293,6,4,63.72,Yes
CASE03243,Intellectual Property,Civil Law,Geographical Indication,West Bengal,Kolkata,Low,3,5,7,156,7,6,73,Yes
CASE03244,Tax Law (Direct & Indirect),Administrative Law,Taxation-Property,Assam,Jorhat,Medium,6,5,6,173,7,4,57,Conditional
CASE03245,Writ Petitions,Constitutional Law,Writ-Habeas Corpus,Maharashtra,Nagpur,Low,4,9,5,245,1,3,37.8,No
CASE03246,Consumer Protection,Consumer Law,Services-Health,Bihar,Darbhanga,Medium,4,4,7,385,3,4,53.68,Conditional
CASE03247,Anti-Corruption & Vigilance,Criminal Law,IPC-Cheating,Kerala,Kochi,High,4,7,8,206,10,4,0,No
CASE03248,POCSO & Juvenile Justice,Criminal Law,IPC-Gang Rape,Karnataka,Hubli,Low,4,2,3,377,6,4,48.88,Conditional
CASE03249,Labour & Employment Disputes,Labour Law,Wages-Overtime,Karnataka,Davangere,Low,8,4,4,154,4,4,81.12,Yes
CASE03250,Writ Petitions,Constitutional Law,Writ-Habeas Corpus,Delhi,Central Delhi,Medium,4,8,5,233,10,2,14.04,No
CASE03251,Cyber Crime & IT Act,Criminal Law,IPC-Cheating,Punjab,Jalandhar,Low,6,8,8,83,4,5,46,Conditional
CASE03252,Corporate & Commercial Law,Corporate Law,Shareholder-Issues,Madhya Pradesh,Indore,Low,4,9,8,156,2,2,47,Conditional
CASE03253,Tax Law (Direct & Indirect),Administrative Law,Taxation-Professional,Delhi,New Delhi,Medium,2,7,8,301,5,3,25.92,No
CASE03254,Arbitration & Mediation,Corporate Law,Arbitration-Enforcement,Uttar Pradesh,Noida,Low,8,10,8,383,4,6,52.44,Conditional
CASE03255,NI Act / Cheque Bounce,Criminal Law,IPC-Criminal Breach of Trust,Madhya Pradesh,Ujjain,Low,6,10,7,59,6,5,55,Conditional
CASE03256,Medical Negligence,Civil Law,Services-Health,Bihar,Muzaffarpur,Medium,5,9,6,281,8,5,56.32,Conditional
CASE03257,Corporate & Commercial Law,Corporate Law,Arbitration-Enforcement,Uttar Pradesh,Allahabad,Medium,9,7,8,349,9,3,38.64,No
CASE03258,Arbitration & Mediation,Corporate Law,Arbitration-Appointment,Assam,Dibrugarh,Medium,7,4,3,332,7,2,48,Conditional
CASE03259,Family Disputes,Family Law,Divorce-Contested,Tamil Nadu,Vellore,Medium,4,2,6,122,4,2,69.01,Yes
CASE03260,Anti-Corruption & Vigilance,Criminal Law,IPC-Criminal Breach of Trust,Gujarat,Ahmedabad,Low,3,8,4,214,3,4,53,Conditional
CASE03261,Constitutional Law,Constitutional Law,Fundamental Rights-Article 15,Madhya Pradesh,Indore,High,10,8,8,169,2,4,0,No
CASE03262,Motor Accident Claims,Civil Law,Torts-Motor Accident,West Bengal,Durgapur,Medium,2,6,9,154,9,3,43,Conditional
CASE03263,Arbitration & Mediation,Corporate Law,Arbitration-Appointment,Kerala,Kollam,Medium,7,5,3,316,9,6,60.5,Yes
CASE03264,Company / Insolvency (NCLT-NCLAT),Corporate Law,Arbitration-Enforcement,Uttar Pradesh,Noida,Low,6,4,3,143,3,4,54.28,Conditional
CASE03265,Anti-Corruption & Vigilance,Criminal Law,IPC-Criminal Breach of Trust,Rajasthan,Bikaner,Medium,3,10,3,284,10,5,27.9,No
CASE03266,Property Disputes,Property Law,Land-Boundary,Assam,Silchar,High,3,7,3,273,2,4,24,No
CASE03267,Writ Petitions,Constitutional Law,Writ-Mandamus,Haryana,Hisar,Low,1,2,6,271,3,3,25,No
CASE03268,Tax Law (Direct & Indirect),Administrative Law,Taxation-Professional,Maharashtra,Thane,Medium,3,7,6,89,10,3,49.35,Conditional
CASE03269,Real Estate & RERA,Property Law,Building-Construction,Karnataka,Belgaum,Medium,2,4,9,131,6,5,37.44,No
CASE03270,Family Disputes,Family Law,Child Custody-Legal,Haryana,Faridabad,Medium,4,7,8,358,8,2,49,Conditional
CASE03271,Arbitration & Mediation,Corporate Law,Arbitration-Appointment,West Bengal,Siliguri,Low,9,5,9,232,3,4,55,Conditional
CASE03272,POCSO & Juvenile Justice,Criminal Law,IPC-Rape,Uttar Pradesh,Noida,Medium,6,4,3,34,3,6,34.96,No
CASE03273,Constitutional Law,Constitutional Law,Fundamental Rights-Article 15,Punjab,Jalandhar,High,10,6,3,118,3,5,11,No
CASE03274,Company / Insolvency (NCLT-NCLAT),Corporate Law,Oppression-Mismanagement,Tamil Nadu,Coimbatore,Medium,9,3,6,277,5,5,54.59,Conditional
CASE03275,Tax Law (Direct & Indirect),Administrative Law,Taxation-Professional,Madhya Pradesh,Bhopal,Medium,10,6,9,88,6,2,48,Conditional
CASE03276,Company / Insolvency (NCLT-NCLAT),Corporate Law,Insolvency,Haryana,Hisar,High,3,6,7,389,2,2,18,No
CASE03277,Criminal Appeals,Criminal Law,IPC-Hurt,Bihar,Muzaffarpur,Low,2,3,6,244,1,6,44.88,Conditional
CASE03278,Family Disputes,Family Law,Inheritance-Intestate,West Bengal,Siliguri,Medium,8,2,9,313,1,4,59,Conditional
CASE03279,POCSO & Juvenile Justice,Criminal Law,IPC-Acid Attack,Rajasthan,Jodhpur,Medium,10,10,9,297,3,4,34.41,No
CASE03280,Banking & Debt Recovery,Corporate Law,Corporate-Fraud,Uttar Pradesh,Ghaziabad,Medium,9,9,9,317,2,6,41.4,Conditional
CASE03281,Tax Law (Direct & Indirect),Administrative Law,Taxation-Professional,Karnataka,Bangalore,Low,2,5,9,298,9,4,41.6,Conditional
CASE03282,Bail Applications,Criminal Law,IPC-Assault,Rajasthan,Jaipur,Low,2,3,6,298,8,3,46.5,Conditional
CASE03283,Motor Accident Claims,Civil Law,Torts-Motor Accident,Rajasthan,Udaipur,Medium,3,8,3,177,6,2,59.52,Conditional
CASE03284,Criminal Appeals,Criminal Law,IPC-Murder,Punjab,Jalandhar,Low,1,4,5,347,8,5,44,Conditional
CASE03285,Immigration & Passport Matters,Administrative Law,Licensing,Delhi,Central Delhi,Medium,5,5,4,254,8,3,48.6,Conditional
CASE03286,Arbitration & Mediation,Corporate Law,Arbitration-Appointment,Punjab,Jalandhar,Low,10,8,3,32,5,3,73,Yes
CASE03287,Motor Accident Claims,Civil Law,Torts-Motor Accident,Bihar,Muzaffarpur,Medium,5,6,4,220,9,3,55.44,Conditional
CASE03288,Banking & Debt Recovery,Corporate Law,Contract-Breach,Maharashtra,Mumbai,Low,5,10,6,142,6,3,61.95,Yes
CASE03289,Bail Applications,Criminal Law,IPC-Hurt,Maharashtra,Solapur,High,2,7,9,340,2,2,0,No
CASE03290,Constitutional Law,Constitutional Law,Writ-Habeas Corpus,Assam,Silchar,Low,9,5,8,208,9,5,34,No
CASE03291,Civil Suits,Civil Law,Torts-Motor Accident,Assam,Silchar,Medium,6,10,7,359,6,5,68,Yes
CASE03292,Medical Negligence,Civil Law,Torts-Medical Negligence,Assam,Nagaon,High,3,6,8,273,2,2,22,No
CASE03293,Environmental Law,Criminal Law,Environment-Pollution,Kerala,Kollam,Low,8,3,8,319,2,3,53.9,Conditional
CASE03294,Insurance Claims,Consumer Law,Services-Insurance,Tamil Nadu,Salem,High,10,6,9,121,3,2,36.05,No
CASE03295,Property Disputes,Property Law,Building-Construction,Rajasthan,Udaipur,Medium,3,6,4,203,4,5,46.5,Conditional
CASE03296,Real Estate & RERA,Property Law,Lease-Residential,Kerala,Kollam,Low,5,7,4,40,4,3,71.5,Yes
CASE03297,Cyber Crime & IT Act,Criminal Law,IPC-Cheating,Haryana,Hisar,Low,1,7,9,166,7,5,23,No
CASE03298,Constitutional Law,Constitutional Law,Writ-Habeas Corpus,Rajasthan,Ajmer,Medium,1,1,5,305,1,4,7.44,No
CASE03299,Criminal Appeals,Criminal Law,IPC-Cheating,Gujarat,Rajkot,Medium,3,7,6,204,1,6,37,No
CASE03300,Cyber Crime & IT Act,Criminal Law,IPC-Cheating,Rajasthan,Jodhpur,High,8,5,9,48,1,6,13.02,No
CASE03301,Property Disputes,Property Law,Land-Encroachment,Kerala,Alappuzha,Low,10,5,7,283,5,6,99,Yes
CASE03302,Constitutional Law,Constitutional Law,Writ-Mandamus,Madhya Pradesh,Ujjain,Medium,10,8,5,231,6,5,36,No
CASE03303,Real Estate & RERA,Property Law,Lease-Commercial,Uttar Pradesh,Agra,Medium,10,6,9,60,2,2,51.52,Conditional
CASE03304,Tax Law (Direct & Indirect),Administrative Law,Taxation-Professional,Karnataka,Hubli,High,8,4,7,202,3,5,43.68,Conditional
CASE03305,Bail Applications,Criminal Law,IPC-Hurt,Uttar Pradesh,Lucknow,Medium,6,4,7,253,6,2,35.88,No
CASE03306,Civil Suits,Civil Law,Contract-Breach,Rajasthan,Ajmer,High,1,7,5,93,10,2,29.76,No
CASE03307,Consumer Protection,Consumer Law,Services-Travel,Kerala,Kollam,Low,7,3,9,363,2,6,78.1,Yes
CASE03308,Bail Applications,Criminal Law,IPC-Assault,Tamil Nadu,Madurai,High,6,1,8,70,6,5,4.12,No
CASE03309,Arbitration & Mediation,Corporate Law,Arbitration-Appointment,Tamil Nadu,Vellore,Medium,9,5,3,101,10,6,63.86,Yes
CASE03310,Banking & Debt Recovery,Corporate Law,Corporate-Fraud,Kerala,Kozhikode,High,10,4,5,340,2,6,46.2,Conditional
CASE03311,Environmental Law,Criminal Law,Environment-Pollution,Madhya Pradesh,Gwalior,Medium,5,2,6,253,7,6,40,Conditional
CASE03312,Tax Law (Direct & Indirect),Administrative Law,Taxation-Service,Maharashtra,Navi Mumbai,Low,4,5,5,353,2,4,61.95,Yes
CASE03313,Property Disputes,Property Law,Land-Boundary,Maharashtra,Navi Mumbai,Medium,5,1,5,390,7,2,53.55,Conditional
CASE03314,Property Disputes,Property Law,Land-Title,Tamil Nadu,Tirunelveli,Low,7,4,9,52,10,4,67.98,Yes
CASE03315,Insurance Claims,Consumer Law,Torts-Motor Accident,Tamil Nadu,Chennai,High,5,6,7,231,9,5,36.05,No
CASE03316,Bail Applications,Criminal Law,IPC-Assault,Bihar,Bhagalpur,Low,2,1,8,152,1,4,31.68,No
CASE03317,Medical Negligence,Civil Law,Torts-Medical Negligence,Rajasthan,Bikaner,Medium,9,9,5,208,6,2,74.4,Yes
CASE03318,Human Rights & PIL,Constitutional Law,Fundamental Rights-Article 14,Rajasthan,Jaipur,Medium,5,7,7,203,3,2,21.39,No
CASE03319,Real Estate & RERA,Property Law,Housing-Society,Punjab,Amritsar,Low,7,8,9,137,7,2,57,Conditional
CASE03320,Criminal Appeals,Criminal Law,IPC-Murder,Delhi,West Delhi,Medium,2,1,6,290,8,2,29.16,No
CASE03321,Writ Petitions,Constitutional Law,Writ-Mandamus,Madhya Pradesh,Ujjain,Low,8,8,7,85,6,4,40,Conditional
CASE03322,Consumer Protection,Consumer Law,Practices-E-commerce,Haryana,Hisar,Low,8,2,5,319,6,6,81,Yes
CASE03323,Company / Insolvency (NCLT-NCLAT),Corporate Law,Insolvency,Delhi,New Delhi,Medium,3,5,3,200,4,3,46.44,Conditional
CASE03324,Writ Petitions,Constitutional Law,Writ-Certiorari,Punjab,Bathinda,Low,8,2,5,242,4,4,43,Conditional
CASE03325,Anti-Corruption & Vigilance,Criminal Law,IPC-Criminal Breach of Trust,Kerala,Kochi,Medium,1,5,7,347,8,3,30.8,No
CASE03326,Immigration & Passport Matters,Administrative Law,Licensing,Karnataka,Belgaum,High,10,7,3,174,9,4,41.6,Conditional
CASE03327,Labour & Employment Disputes,Labour Law,Compensation-Accident,Karnataka,Bangalore,Medium,3,6,4,363,7,5,54.08,Conditional
CASE03328,Company / Insolvency (NCLT-NCLAT),Corporate Law,Arbitration-Enforcement,Bihar,Patna,Low,5,10,5,313,6,5,52.8,Conditional
CASE03329,Human Rights & PIL,Constitutional Law,Fundamental Rights-Article 19,Delhi,East Delhi,Medium,6,8,3,205,8,2,20.52,No
CASE03330,Writ Petitions,Constitutional Law,Writ-Habeas Corpus,Assam,Guwahati,High,6,10,6,112,7,2,7,No
CASE03331,Arbitration & Mediation,Corporate Law,Arbitration-Challenge,Delhi,Central Delhi,Medium,8,9,9,141,9,2,38.88,No
CASE03332,Medical Negligence,Civil Law,Services-Health,Karnataka,Hubli,High,7,9,4,143,4,5,58.24,Conditional
CASE03333,Tax Law (Direct & Indirect),Administrative Law,Taxation-Property,Assam,Silchar,High,7,6,7,383,3,5,31,No
CASE03334,Insurance Claims,Consumer Law,Torts-Motor Accident,Punjab,Jalandhar,Low,5,10,4,284,7,3,74,Yes
CASE03335,Civil Suits,Civil Law,Torts-Motor Accident,Delhi,New Delhi,Medium,5,10,9,359,8,2,49.68,Conditional
CASE03336,Constitutional Law,Constitutional Law,Fundamental Rights-Article 15,Gujarat,Rajkot,High,9,4,5,184,4,6,17,No
CASE03337,Real Estate & RERA,Property Law,Lease-Commercial,West Bengal,Kolkata,Low,7,7,7,271,5,3,73,Yes
CASE03338,Civil Suits,Civil Law,Contract-Breach,Gujarat,Surat,Medium,6,6,9,264,3,3,51,Conditional
CASE03339,Environmental Law,Criminal Law,Environment-Forest,Delhi,Central Delhi,Medium,1,3,7,113,2,3,33.48,No
CASE03340,Constitutional Law,Constitutional Law,Writ-Habeas Corpus,Bihar,Bhagalpur,Medium,7,6,4,346,9,2,18.48,No
CASE03341,Labour & Employment Disputes,Labour Law,Termination-Retirement,Maharashtra,Mumbai,Medium,7,6,9,388,3,6,45.15,Conditional
CASE03342,Consumer Protection,Consumer Law,Products-Electronic,Tamil Nadu,Salem,Low,4,10,3,179,1,2,71.07,Yes
CASE03343,Banking & Debt Recovery,Corporate Law,Insolvency,Gujarat,Surat,Low,9,3,3,148,5,5,76,Yes
CASE03344,Civil Suits,Civil Law,Torts-Motor Accident,Maharashtra,Pune,Medium,1,4,5,64,8,4,54.6,Conditional
CASE03345,Criminal Appeals,Criminal Law,IPC-Murder,Assam,Guwahati,Medium,1,5,5,327,5,3,32,No
CASE03346,Medical Negligence,Civil Law,Torts-Medical Negligence,Punjab,Jalandhar,Low,10,8,9,125,8,6,75,Yes
CASE03347,POCSO & Juvenile Justice,Criminal Law,IPC-Acid Attack,Madhya Pradesh,Sagar,Low,1,1,9,168,8,2,32,No
CASE03348,Consumer Protection,Consumer Law,Products-Electronic,Tamil Nadu,Tirunelveli,Low,7,1,4,61,8,2,78.28,Yes
CASE03349,Medical Negligence,Civil Law,Services-Health,Rajasthan,Udaipur,Medium,2,5,7,305,7,2,52.08,Conditional
CASE03350,Environmental Law,Criminal Law,Environment-Pollution,Maharashtra,Mumbai,Low,5,9,3,130,8,2,56.7,Conditional
CASE03351,Tax Law (Direct & Indirect),Administrative Law,Taxation-Professional,Rajasthan,Ajmer,Medium,5,7,9,377,10,2,32.55,No
CASE03352,Banking & Debt Recovery,Corporate Law,Corporate-Fraud,Uttar Pradesh,Noida,High,5,5,6,171,5,6,26.68,No
CASE03353,Cyber Crime & IT Act,Criminal Law,Cyber Crime-Identity Theft,Assam,Tinsukia,Low,6,10,9,34,4,5,48,Conditional
CASE03354,Criminal Appeals,Criminal Law,IPC-Hurt,Uttar Pradesh,Noida,Low,2,5,4,37,4,4,44.16,Conditional
CASE03355,Cyber Crime & IT Act,Criminal Law,Cyber Crime-Cyber Stalking,Karnataka,Mangalore,Medium,6,6,4,347,10,2,44.72,Conditional
CASE03356,Cyber Crime & IT Act,Criminal Law,Cyber Crime-Cyber Stalking,Uttar Pradesh,Ghaziabad,Medium,9,7,6,301,1,6,46.92,Conditional
CASE03357,Family Disputes,Family Law,Child Custody-Legal,Haryana,Hisar,Medium,4,10,3,98,7,3,70,Yes
CASE03358,Constitutional Law,Constitutional Law,Fundamental Rights-Article 14,Rajasthan,Jaipur,Low,10,4,3,44,7,2,49.29,Conditional
CASE03359,Anti-Corruption & Vigilance,Criminal Law,IPC-Criminal Breach of Trust,West Bengal,Asansol,Medium,7,8,6,219,4,4,51,Conditional
CASE03360,Property Disputes,Property Law,Building-Construction,Haryana,Gurugram,High,4,6,9,261,3,3,14,No
CASE03361,Cyber Crime & IT Act,Criminal Law,Cyber Crime-Hacking,Assam,Guwahati,High,7,8,6,372,1,4,28,No
CASE03362,Labour & Employment Disputes,Labour Law,Service-Promotion,West Bengal,Kolkata,Low,10,9,7,282,3,5,86,Yes
CASE03363,Medical Negligence,Civil Law,Torts-Medical Negligence,Gujarat,Bhavnagar,High,7,5,3,56,10,4,47,Conditional
CASE03364,Tax Law (Direct & Indirect),Administrative Law,Taxation-Property,Rajasthan,Jaipur,High,4,2,9,55,3,4,13.02,No
CASE03365,Arbitration & Mediation,Corporate Law,Arbitration-Challenge,Delhi,Central Delhi,Medium,2,2,4,223,1,6,37.8,No
CASE03366,Cyber Crime & IT Act,Criminal Law,Cyber Crime-Phishing,Tamil Nadu,Madurai,Low,9,6,3,64,10,6,63.86,Yes
CASE03367,Tax Law (Direct & Indirect),Administrative Law,Taxation-Service,Gujarat,Ahmedabad,Medium,1,3,6,286,7,6,34,No
CASE03368,Labour & Employment Disputes,Labour Law,Industrial-Layoff,Punjab,Chandigarh,Medium,8,3,4,91,8,5,66,Yes
CASE03369,Criminal Appeals,Criminal Law,IPC-Cheating,Rajasthan,Bikaner,Medium,10,6,4,34,4,6,51.15,Conditional
CASE03370,Insurance Claims,Consumer Law,Torts-Motor Accident,Rajasthan,Udaipur,Medium,1,6,4,109,10,2,39.99,No
CASE03371,POCSO & Juvenile Justice,Criminal Law,IPC-Acid Attack,Madhya Pradesh,Gwalior,Medium,3,5,7,199,9,6,29,No
CASE03372,NI Act / Cheque Bounce,Criminal Law,IPC-Criminal Breach of Trust,Rajasthan,Kota,Medium,6,2,7,94,8,5,42.78,Conditional
CASE03373,NI Act / Cheque Bounce,Criminal Law,IPC-Cheating,Delhi,East Delhi,Medium,6,7,7,186,2,6,51.84,Conditional
CASE03374,Arbitration & Mediation,Corporate Law,Arbitration-Enforcement,West Bengal,Hooghly,High,1,6,5,121,6,4,12,No
CASE03375,Company / Insolvency (NCLT-NCLAT),Corporate Law,Arbitration-Enforcement,Punjab,Bathinda,Medium,8,8,6,32,9,4,49,Conditional
CASE03376,Real Estate & RERA,Property Law,Lease-Commercial,Bihar,Patna,High,3,3,9,388,10,3,14.96,No
CASE03377,Civil Suits,Civil Law,Torts-Motor Accident,Karnataka,Bangalore,Medium,1,9,7,76,3,3,56.16,Conditional
CASE03378,Intellectual Property,Civil Law,Design,Haryana,Gurugram,Low,3,9,5,143,2,5,70,Yes
CASE03379,Insurance Claims,Consumer Law,Torts-Motor Accident,Rajasthan,Jodhpur,High,7,10,7,327,9,2,39.06,No
CASE03380,POCSO & Juvenile Justice,Criminal Law,IPC-Rape,Delhi,East Delhi,Medium,8,10,9,378,5,2,36.72,No
CASE03381,Banking & Debt Recovery,Corporate Law,Corporate-Fraud,Punjab,Bathinda,Medium,9,8,5,175,4,5,57,Conditional
CASE03382,Real Estate & RERA,Property Law,Lease-Residential,Haryana,Ambala,Medium,5,10,9,66,6,4,44,Conditional
CASE03383,Human Rights & PIL,Constitutional Law,Fundamental Rights-Article 19,Karnataka,Belgaum,Medium,8,8,6,72,10,5,35.36,No
CASE03384,Arbitration & Mediation,Corporate Law,Arbitration-Appointment,Karnataka,Mangalore,High,4,1,4,254,5,5,23.92,No
CASE03385,Property Disputes,Property Law,Land-Encroachment,Delhi,New Delhi,Low,9,6,3,211,10,2,90.72,Yes
CASE03386,POCSO & Juvenile Justice,Criminal Law,IPC-Acid Attack,Maharashtra,Solapur,Low,1,1,8,53,9,6,26.25,No
CASE03387,Civil Suits,Civil Law,Property-Title,Maharashtra,Nashik,Medium,10,8,5,176,10,2,85.05,Yes
CASE03388,Real Estate & RERA,Property Law,Housing-Society,Delhi,South Delhi,Low,10,10,7,197,7,5,87.48,Yes
CASE03389,Corporate & Commercial Law,Corporate Law,Contract-Breach,Delhi,Central Delhi,Low,4,3,3,321,10,6,58.32,Conditional
CASE03390,Environmental Law,Criminal Law,Environment-Forest,Bihar,Patna,Medium,3,5,3,250,9,6,34.32,No
CASE03391,Immigration & Passport Matters,Administrative Law,Licensing,Haryana,Gurugram,Medium,10,3,5,342,1,2,63,Yes
CASE03392,Family Disputes,Family Law,Divorce-Contested,Rajasthan,Kota,Low,10,10,6,148,9,6,93,Yes
CASE03393,Tax Law (Direct & Indirect),Administrative Law,Taxation-Professional,Haryana,Gurugram,Medium,10,7,5,381,4,5,67,Yes
CASE03394,Company / Insolvency (NCLT-NCLAT),Corporate Law,Insolvency,Delhi,Central Delhi,Low,10,4,7,67,3,5,76.68,Yes
CASE03395,Constitutional Law,Constitutional Law,Writ-Habeas Corpus,Assam,Tinsukia,Low,5,9,9,275,4,2,25,No
CASE03396,Banking & Debt Recovery,Corporate Law,Contract-Breach,Uttar Pradesh,Agra,Medium,2,3,6,344,8,6,29.44,No
CASE03397,Civil Suits,Civil Law,Contract-Breach,Rajasthan,Kota,High,6,10,7,216,2,2,45.57,Conditional
CASE03398,NI Act / Cheque Bounce,Criminal Law,IPC-Cheating,Delhi,East Delhi,Low,1,9,3,162,1,3,50.76,Conditional
CASE03399,Cyber Crime & IT Act,Criminal Law,IPC-Cheating,Gujarat,Bhavnagar,Medium,5,10,3,221,9,5,36,No
CASE03400,Property Disputes,Property Law,Housing-Society,Gujarat,Vadodara,Low,6,7,4,76,7,6,70,Yes
CASE03401,Writ Petitions,Constitutional Law,Writ-Prohibition,West Bengal,Durgapur,High,4,9,5,306,3,3,0,No
CASE03402,Constitutional Law,Constitutional Law,Fundamental Rights-Article 15,Kerala,Kozhikode,Medium,7,9,7,213,5,5,25.3,No
CASE03403,Property Disputes,Property Law,Housing-Society,Haryana,Faridabad,Medium,9,10,8,301,9,4,55,Conditional
CASE03404,Family Disputes,Family Law,Domestic Violence-Physical,Delhi,Central Delhi,High,5,2,9,358,6,6,37.8,No
CASE03405,Insurance Claims,Consumer Law,Torts-Motor Accident,Haryana,Gurugram,Medium,1,2,3,372,3,2,46,Conditional
CASE03406,Company / Insolvency (NCLT-NCLAT),Corporate Law,Oppression-Mismanagement,Delhi,Central Delhi,Medium,1,9,9,223,6,2,15.12,No
CASE03407,Immigration & Passport Matters,Administrative Law,Service-Transfer,Tamil Nadu,Madurai,Medium,5,2,7,307,5,2,50.47,Conditional
CASE03408,Writ Petitions,Constitutional Law,Writ-Certiorari,Madhya Pradesh,Indore,Medium,9,10,8,235,8,3,13,No
CASE03409,Immigration & Passport Matters,Administrative Law,Service-Transfer,Karnataka,Mysore,High,4,8,4,56,10,4,28.08,No
CASE03410,NI Act / Cheque Bounce,Criminal Law,IPC-Criminal Breach of Trust,West Bengal,Durgapur,Low,6,1,7,76,7,6,62,Yes
CASE03411,Consumer Protection,Consumer Law,Services-Health,Kerala,Alappuzha,Medium,9,8,5,380,6,4,75.9,Yes
CASE03412,Real Estate & RERA,Property Law,Housing-Society,Madhya Pradesh,Sagar,Medium,3,3,4,197,7,3,48,Conditional
CASE03413,Bail Applications,Criminal Law,IPC-Murder,Kerala,Kochi,High,8,5,5,281,10,6,33,No
CASE03414,Arbitration & Mediation,Corporate Law,Arbitration-International,Kerala,Kollam,Low,4,8,8,78,3,4,49.5,Conditional
CASE03415,NI Act / Cheque Bounce,Criminal Law,IPC-Cheating,Punjab,Bathinda,Low,2,5,9,280,6,4,28,No
CASE03416,Insurance Claims,Consumer Law,Services-Insurance,Madhya Pradesh,Gwalior,High,5,2,8,263,6,2,30,No
CASE03417,Banking & Debt Recovery,Corporate Law,Corporate-Fraud,Uttar Pradesh,Noida,High,6,7,3,292,7,2,29.44,No
CASE03418,Corporate & Commercial Law,Corporate Law,Contract-Breach,Bihar,Gaya,Medium,4,7,5,257,4,5,36.08,No
CASE03419,Environmental Law,Criminal Law,Environment-Pollution,Gujarat,Bhavnagar,Low,4,8,8,329,3,2,41,Conditional
CASE03420,Writ Petitions,Constitutional Law,Writ-Quo Warranto,West Bengal,Asansol,Low,4,9,5,374,9,4,30,No
CASE03421,Intellectual Property,Civil Law,Trade Mark,Delhi,South Delhi,High,1,5,8,167,1,6,20.52,No
CASE03422,Consumer Protection,Consumer Law,Services-Health,Delhi,East Delhi,High,3,3,6,229,1,2,42.12,Conditional
CASE03423,Cyber Crime & IT Act,Criminal Law,Cyber Crime-Identity Theft,Rajasthan,Jaipur,High,4,1,6,115,7,3,12.09,No
CASE03424,Cyber Crime & IT Act,Criminal Law,Cyber Crime-Hacking,Assam,Tinsukia,High,7,2,7,259,2,5,31,No
CASE03425,Real Estate & RERA,Property Law,Lease-Commercial,Uttar Pradesh,Agra,Medium,5,3,4,360,6,2,50.6,Conditional
CASE03426,Criminal Appeals,Criminal Law,IPC-Murder,Rajasthan,Ajmer,Medium,6,1,9,288,9,4,29.76,No
CASE03427,Family Disputes,Family Law,Divorce-Contested,Delhi,East Delhi,High,6,6,3,393,4,4,58.32,Conditional
CASE03428,Constitutional Law,Constitutional Law,Writ-Mandamus,Rajasthan,Bikaner,Medium,6,1,6,108,7,4,18.6,No
CASE03429,Bail Applications,Criminal Law,IPC-Murder,Haryana,Hisar,Medium,4,2,6,110,8,5,33,No
CASE03430,Bail Applications,Criminal Law,IPC-Hurt,Haryana,Hisar,Medium,1,10,5,338,1,6,32,No
CASE03431,Environmental Law,Criminal Law,Environment-Pollution,Bihar,Darbhanga,Medium,9,9,5,76,1,4,42.24,Conditional
CASE03432,Consumer Protection,Consumer Law,Products-Vehicles,Gujarat,Ahmedabad,High,1,9,4,89,10,3,29,No
CASE03433,Family Disputes,Family Law,Divorce-Mutual Consent,Uttar Pradesh,Agra,Low,1,9,9,279,1,4,56.12,Conditional
CASE03434,Motor Accident Claims,Civil Law,Torts-Motor Accident,Assam,Silchar,Medium,10,9,3,275,8,6,80,Yes
CASE03435,NI Act / Cheque Bounce,Criminal Law,IPC-Cheating,Tamil Nadu,Coimbatore,Medium,7,2,3,221,5,2,45.32,Conditional
CASE03436,Real Estate & RERA,Property Law,Lease-Residential,Madhya Pradesh,Gwalior,Low,2,7,6,134,8,5,59,Conditional
CASE03437,Real Estate & RERA,Property Law,Housing-Society,Tamil Nadu,Tirunelveli,Low,9,10,8,168,9,2,71.07,Yes
CASE03438,Intellectual Property,Civil Law,Patent,Gujarat,Bhavnagar,Medium,7,5,4,267,8,4,70,Yes
CASE03439,Consumer Protection,Consumer Law,Services-Travel,Rajasthan,Jaipur,Medium,4,1,6,224,6,6,49.29,Conditional
CASE03440,Corporate & Commercial Law,Corporate Law,Arbitration-Challenge,Gujarat,Ahmedabad,Medium,2,10,5,275,3,2,33,No
CASE03441,Intellectual Property,Civil Law,Trade Mark,Karnataka,Mysore,Low,5,5,8,149,10,5,72.8,Yes
CASE03442,Civil Suits,Civil Law,Contract-Breach,Kerala,Thrissur,Low,1,1,9,314,9,5,52.8,Conditional
CASE03443,Company / Insolvency (NCLT-NCLAT),Corporate Law,Arbitration-Enforcement,Madhya Pradesh,Sagar,Medium,1,8,3,45,7,2,29,No
CASE03444,Tax Law (Direct & Indirect),Administrative Law,Taxation-Service,Gujarat,Bhavnagar,High,6,6,5,278,7,6,38,No
CASE03445,Motor Accident Claims,Civil Law,Torts-Motor Accident,West Bengal,Kolkata,Medium,7,10,8,256,7,3,54,Conditional
CASE03446,Consumer Protection,Consumer Law,Products-Vehicles,Gujarat,Bhavnagar,Low,2,6,7,139,1,3,69,Yes
CASE03447,Company / Insolvency (NCLT-NCLAT),Corporate Law,Insolvency,Karnataka,Hubli,Medium,4,5,4,177,1,3,41.6,Conditional
CASE03448,Tax Law (Direct & Indirect),Administrative Law,Taxation-Professional,Karnataka,Mangalore,Medium,4,1,8,152,4,2,37.44,No
CASE03449,Immigration & Passport Matters,Administrative Law,Licensing,Rajasthan,Jodhpur,Medium,1,8,4,189,2,4,31.62,No
CASE03450,Immigration & Passport Matters,Administrative Law,Service-Transfer,Punjab,Amritsar,Medium,3,6,8,60,2,4,29,No
CASE03451,Motor Accident Claims,Civil Law,Torts-Motor Accident,West Bengal,Durgapur,High,2,9,8,126,4,4,22,No
CASE03452,Property Disputes,Property Law,Building-Construction,Rajasthan,Udaipur,Medium,6,1,6,104,9,4,49.29,Conditional
CASE03453,Labour & Employment Disputes,Labour Law,Wages-Overtime,Karnataka,Mangalore,Medium,5,9,7,46,2,4,56.16,Conditional
CASE03454,Property Disputes,Property Law,Land-Title,Punjab,Ludhiana,Medium,5,8,8,184,8,2,43,Conditional
CASE03455,Medical Negligence,Civil Law,Services-Health,Assam,Silchar,Low,2,4,5,161,10,5,66,Yes
CASE03456,Anti-Corruption & Vigilance,Criminal Law,IPC-Cheating,Bihar,Patna,High,9,9,6,352,6,6,29.04,No
CASE03457,Insurance Claims,Consumer Law,Torts-Motor Accident,Madhya Pradesh,Bhopal,High,8,5,9,78,4,5,36,No
CASE03458,Human Rights & PIL,Constitutional Law,PIL-Public Interest,West Bengal,Kolkata,Medium,9,2,3,56,5,6,27,No
CASE03459,Real Estate & RERA,Property Law,Lease-Commercial,Punjab,Jalandhar,Medium,10,10,6,140,2,4,67,Yes
CASE03460,Company / Insolvency (NCLT-NCLAT),Corporate Law,Insolvency,Karnataka,Gulbarga,Medium,8,8,8,357,5,4,42.64,Conditional
CASE03461,Cyber Crime & IT Act,Criminal Law,Cyber Crime-Identity Theft,Rajasthan,Bikaner,High,6,2,6,275,4,3,21.39,No
CASE03462,POCSO & Juvenile Justice,Criminal Law,IPC-Gang Rape,Delhi,East Delhi,Low,3,7,8,86,2,2,37.8,No
CASE03463,Insurance Claims,Consumer Law,Torts-Motor Accident,Gujarat,Surat,Medium,6,3,4,293,9,4,61,Yes
CASE03464,POCSO & Juvenile Justice,Criminal Law,IPC-Rape,Bihar,Patna,Low,8,7,7,346,4,2,53.68,Conditional
CASE03465,Real Estate & RERA,Property Law,Building-Construction,Kerala,Alappuzha,Low,9,3,4,219,2,5,93.5,Yes
CASE03466,Real Estate & RERA,Property Law,Housing-Society,Gujarat,Rajkot,Low,4,10,5,82,10,3,64,Yes
CASE03467,Criminal Appeals,Criminal Law,IPC-Murder,West Bengal,Kolkata,High,8,2,7,175,7,2,24,No
CASE03468,NI Act / Cheque Bounce,Criminal Law,IPC-Criminal Breach of Trust,Assam,Nagaon,Medium,1,3,7,233,6,2,24,No
CASE03469,Civil Suits,Civil Law,Torts-Motor Accident,Punjab,Patiala,High,10,6,5,102,3,5,55,Conditional
CASE03470,Immigration & Passport Matters,Administrative Law,Service-Transfer,Madhya Pradesh,Jabalpur,Medium,4,9,7,63,9,6,49,Conditional
CASE03471,Cyber Crime & IT Act,Criminal Law,Cyber Crime-Hacking,Gujarat,Bhavnagar,Low,3,6,9,73,6,4,33,No
CASE03472,Corporate & Commercial Law,Corporate Law,Shareholder-Issues,West Bengal,Kolkata,Medium,6,8,4,47,6,6,46,Conditional
CASE03473,Consumer Protection,Consumer Law,Products-Electronic,Uttar Pradesh,Allahabad,Medium,8,6,9,33,9,6,49.68,Conditional
CASE03474,Insurance Claims,Consumer Law,Torts-Motor Accident,West Bengal,Howrah,Medium,10,4,3,61,5,3,73,Yes
CASE03475,Bail Applications,Criminal Law,IPC-Murder,Assam,Tinsukia,Medium,6,4,8,257,1,5,28,No
CASE03476,Immigration & Passport Matters,Administrative Law,Service-Transfer,Madhya Pradesh,Sagar,High,1,7,9,381,4,5,8,No
CASE03477,Bail Applications,Criminal Law,IPC-Hurt,Kerala,Kollam,Medium,5,3,8,59,2,4,31.9,No
CASE03478,NI Act / Cheque Bounce,Criminal Law,IPC-Cheating,Delhi,Central Delhi,High,10,6,6,197,3,4,34.56,No
CASE03479,Writ Petitions,Constitutional Law,Writ-Habeas Corpus,Bihar,Patna,Low,7,6,8,352,6,4,22.88,No
CASE03480,Arbitration & Mediation,Corporate Law,Arbitration-Challenge,Punjab,Chandigarh,Low,5,2,8,90,8,6,49,Conditional
CASE03481,Writ Petitions,Constitutional Law,Writ-Mandamus,Madhya Pradesh,Bhopal,Medium,1,10,5,292,3,2,12,No
CASE03482,POCSO & Juvenile Justice,Criminal Law,IPC-Rape,Assam,Silchar,Medium,9,10,7,69,6,6,48,Conditional
CASE03483,Banking & Debt Recovery,Corporate Law,Corporate-Fraud,Kerala,Alappuzha,Medium,10,3,3,312,10,6,64.9,Yes
CASE03484,Insurance Claims,Consumer Law,Torts-Motor Accident,Rajasthan,Jodhpur,Medium,9,5,5,280,6,2,64.17,Yes
CASE03485,Company / Insolvency (NCLT-NCLAT),Corporate Law,Oppression-Mismanagement,West Bengal,Siliguri,Medium,5,2,3,330,7,2,44,Conditional
CASE03486,Medical Negligence,Civil Law,Torts-Medical Negligence,West Bengal,Asansol,Low,9,1,5,381,5,6,94,Yes
CASE03487,Criminal Appeals,Criminal Law,IPC-Cheating,Karnataka,Mysore,Medium,9,6,5,74,6,5,53.04,Conditional
CASE03488,Company / Insolvency (NCLT-NCLAT),Corporate Law,Oppression-Mismanagement,Delhi,Central Delhi,Low,1,8,6,378,1,5,56.16,Conditional
CASE03489,Labour & Employment Disputes,Labour Law,Wages-Overtime,Maharashtra,Thane,Low,6,6,8,99,2,3,56.7,Conditional
CASE03490,Arbitration & Mediation,Corporate Law,Arbitration-International,Tamil Nadu,Chennai,Medium,5,5,6,198,7,6,44.29,Conditional
CASE03491,Civil Suits,Civil Law,Contract-Breach,Karnataka,Mysore,High,2,5,5,59,7,5,36.4,No
CASE03492,Immigration & Passport Matters,Administrative Law,Licensing,Madhya Pradesh,Gwalior,High,3,7,4,86,8,4,21,No
CASE03493,Writ Petitions,Constitutional Law,Writ-Prohibition,Assam,Silchar,Medium,4,3,8,327,10,4,4,No
CASE03494,Labour & Employment Disputes,Labour Law,Service-Promotion,Kerala,Thiruvananthapuram,Medium,8,4,7,135,9,2,66,Yes
CASE03495,Bail Applications,Criminal Law,IPC-Murder,Kerala,Thrissur,Low,1,3,4,351,7,4,41.8,Conditional
CASE03496,Tax Law (Direct & Indirect),Administrative Law,Taxation-Service,Rajasthan,Ajmer,Medium,7,2,4,176,4,3,52.08,Conditional
CASE03497,Constitutional Law,Constitutional Law,Writ-Habeas Corpus,Haryana,Faridabad,Low,3,2,9,142,8,5,12,No
CASE03498,Consumer Protection,Consumer Law,Products-Electronic,Gujarat,Jamnagar,High,1,3,3,259,4,3,33,No
CASE03499,Writ Petitions,Constitutional Law,Writ-Mandamus,Maharashtra,Nashik,High,10,8,9,299,7,6,0,No
CASE03500,Medical Negligence,Civil Law,Torts-Medical Negligence,Assam,Silchar,Medium,1,10,6,69,6,2,51,Conditional
CASE03501,Property Disputes,Property Law,Mortgage-Dispute,Rajasthan,Kota,Medium,7,6,5,380,5,5,59.52,Conditional
CASE03502,Writ Petitions,Constitutional Law,Writ-Mandamus,Bihar,Darbhanga,High,9,2,8,357,5,5,0,No
CASE03503,Medical Negligence,Civil Law,Torts-Medical Negligence,Uttar Pradesh,Kanpur,Medium,9,7,4,169,10,6,74.52,Yes
CASE03504,Tax Law (Direct & Indirect),Administrative Law,Taxation-Property,Madhya Pradesh,Ujjain,Low,3,5,7,183,3,3,61,Yes
CASE03505,Immigration & Passport Matters,Administrative Law,Licensing,Punjab,Bathinda,Low,4,2,9,320,7,2,49,Conditional
CASE03506,Civil Suits,Civil Law,Torts-Motor Accident,Madhya Pradesh,Ujjain,Medium,5,4,3,119,9,3,69,Yes
CASE03507,Corporate & Commercial Law,Corporate Law,Oppression-Mismanagement,Kerala,Thiruvananthapuram,Low,9,5,6,142,10,3,74.8,Yes
CASE03508,Company / Insolvency (NCLT-NCLAT),Corporate Law,Oppression-Mismanagement,Bihar,Gaya,Medium,10,7,5,185,10,3,49.28,Conditional
CASE03509,Arbitration & Mediation,Corporate Law,Arbitration-International,Bihar,Muzaffarpur,Low,9,3,8,40,9,4,54.56,Conditional
CASE03510,Insurance Claims,Consumer Law,Services-Insurance,Maharashtra,Pune,Medium,4,8,3,49,10,3,60.9,Yes
CASE03511,Company / Insolvency (NCLT-NCLAT),Corporate Law,Insolvency,Karnataka,Davangere,Medium,8,3,4,283,10,3,56.16,Conditional
CASE03512,Writ Petitions,Constitutional Law,Writ-Prohibition,Kerala,Kollam,Medium,4,9,7,71,7,4,19.8,No
CASE03513,Arbitration & Mediation,Corporate Law,Arbitration-Enforcement,Delhi,Central Delhi,Medium,3,1,7,228,1,4,42.12,Conditional
CASE03514,Real Estate & RERA,Property Law,Lease-Residential,Haryana,Hisar,Medium,7,2,8,131,9,4,51,Conditional
CASE03515,Insurance Claims,Consumer Law,Torts-Motor Accident,Delhi,West Delhi,Medium,4,6,8,279,5,3,44.28,Conditional
CASE03516,Labour & Employment Disputes,Labour Law,Industrial-Layoff,Karnataka,Bangalore,Medium,3,10,6,206,4,4,54.08,Conditional
CASE03517,Banking & Debt Recovery,Corporate Law,Insolvency,Maharashtra,Pune,Low,8,9,8,328,1,6,56.7,Conditional
CASE03518,Bail Applications,Criminal Law,IPC-Murder,Karnataka,Hubli,High,4,9,9,380,10,5,3.12,No
CASE03519,Immigration & Passport Matters,Administrative Law,Licensing,Rajasthan,Udaipur,Medium,5,3,5,33,2,5,50.22,Conditional
CASE03520,Environmental Law,Criminal Law,Environment-Pollution,Maharashtra,Solapur,High,1,7,5,250,9,4,7.35,No
CASE03521,Real Estate & RERA,Property Law,Building-Construction,Madhya Pradesh,Jabalpur,Medium,2,4,9,108,1,4,36,No
CASE03522,Tax Law (Direct & Indirect),Administrative Law,Taxation-Service,Maharashtra,Nashik,Low,1,9,3,85,8,2,58.8,Conditional
CASE03523,Constitutional Law,Constitutional Law,Writ-Habeas Corpus,Delhi,North Delhi,High,6,6,7,45,9,3,3.24,No
CASE03524,Environmental Law,Criminal Law,Environment-Pollution,Assam,Dibrugarh,Medium,5,1,9,35,9,6,20,No
CASE03525,Anti-Corruption & Vigilance,Criminal Law,IPC-Criminal Breach of Trust,Punjab,Bathinda,Medium,7,2,6,395,1,5,50,Conditional
CASE03526,Environmental Law,Criminal Law,Environment-Forest,Delhi,New Delhi,Low,6,4,8,258,10,3,51.84,Conditional
CASE03527,Environmental Law,Criminal Law,Environment-Pollution,Bihar,Patna,Low,1,7,3,355,6,4,41.36,Conditional
CASE03528,Tax Law (Direct & Indirect),Administrative Law,Taxation-Property,Rajasthan,Ajmer,Medium,2,8,9,382,6,2,19.53,No
CASE03529,Corporate & Commercial Law,Corporate Law,Oppression-Mismanagement,Bihar,Patna,Low,8,5,9,308,10,3,45.76,Conditional
CASE03530,Intellectual Property,Civil Law,Patent,West Bengal,Siliguri,High,8,4,4,335,5,3,57,Conditional
CASE03531,Labour & Employment Disputes,Labour Law,Service-Promotion,Maharashtra,Pune,Medium,10,1,5,321,2,6,68.25,Yes
CASE03532,Tax Law (Direct & Indirect),Administrative Law,Taxation-Professional,Uttar Pradesh,Noida,Medium,10,6,9,260,2,2,46,Conditional
CASE03533,Company / Insolvency (NCLT-NCLAT),Corporate Law,Insolvency,Uttar Pradesh,Meerut,Low,6,5,9,392,4,2,45.08,Conditional
CASE03534,Writ Petitions,Constitutional Law,Writ-Mandamus,Kerala,Kozhikode,Medium,1,1,6,219,8,6,5.5,No
CASE03535,Writ Petitions,Constitutional Law,Writ-Quo Warranto,West Bengal,Hooghly,Medium,3,8,9,277,7,3,0,No
CASE03536,Labour & Employment Disputes,Labour Law,Wages-Minimum,Gujarat,Ahmedabad,Medium,6,5,8,165,4,2,41,Conditional
CASE03537,Human Rights & PIL,Constitutional Law,Fundamental Rights-Article 15,Kerala,Alappuzha,High,9,2,7,348,5,3,16.5,No
CASE03538,Tax Law (Direct & Indirect),Administrative Law,Taxation-Property,Gujarat,Bhavnagar,High,6,10,8,126,4,2,15,No
CASE03539,Civil Suits,Civil Law,Torts-Motor Accident,Maharashtra,Nashik,Medium,5,9,5,186,10,4,71.4,Yes
CASE03540,Consumer Protection,Consumer Law,Products-Electronic,Punjab,Bathinda,Medium,5,7,9,239,5,2,50,Conditional
CASE03541,Motor Accident Claims,Civil Law,Torts-Motor Accident,Delhi,Central Delhi,High,4,5,8,37,4,5,27,No
CASE03542,Civil Suits,Civil Law,Property-Title,Karnataka,Bangalore,High,10,5,4,93,8,2,61.36,Yes
CASE03543,Anti-Corruption & Vigilance,Criminal Law,IPC-Cheating,Tamil Nadu,Salem,Medium,3,7,7,73,6,2,39.14,No
CASE03544,Writ Petitions,Constitutional Law,Writ-Quo Warranto,Maharashtra,Pune,Low,6,7,3,305,10,2,35.7,No
CASE03545,Insurance Claims,Consumer Law,Services-Insurance,Maharashtra,Nagpur,Low,3,5,8,73,5,6,58.8,Conditional
CASE03546,Cyber Crime & IT Act,Criminal Law,Cyber Crime-Identity Theft,Gujarat,Vadodara,High,9,10,7,214,7,2,33,No
CASE03547,Labour & Employment Disputes,Labour Law,Industrial-Layoff,Karnataka,Mysore,High,2,10,4,152,4,3,28.08,No
CASE03548,Property Disputes,Property Law,Building-Construction,Kerala,Alappuzha,High,3,2,8,227,1,4,14.3,No
CASE03549,Banking & Debt Recovery,Corporate Law,Corporate-Fraud,Gujarat,Vadodara,High,7,5,4,74,1,5,27,No
CASE03550,Arbitration & Mediation,Corporate Law,Arbitration-Enforcement,Kerala,Kollam,High,4,10,7,42,8,3,25.3,No
CASE03551,NI Act / Cheque Bounce,Criminal Law,IPC-Cheating,Uttar Pradesh,Noida,Low,5,5,4,49,3,2,54.28,Conditional
CASE03552,Banking & Debt Recovery,Corporate Law,Insolvency,Assam,Tinsukia,Low,5,5,5,125,10,3,63,Yes
CASE03553,Tax Law (Direct & Indirect),Administrative Law,Taxation-Professional,Gujarat,Vadodara,Low,9,6,6,312,6,2,73,Yes
CASE03554,Criminal Appeals,Criminal Law,IPC-Murder,Rajasthan,Udaipur,High,6,2,7,160,10,2,18.6,No
CASE03555,Consumer Protection,Consumer Law,Services-Travel,Karnataka,Mysore,High,6,7,5,52,3,5,46.8,Conditional
CASE03556,Human Rights & PIL,Constitutional Law,Fundamental Rights-Article 15,Punjab,Patiala,Medium,4,3,3,180,7,6,15,No
CASE03557,Insurance Claims,Consumer Law,Services-Insurance,Gujarat,Bhavnagar,High,5,8,9,221,2,5,23,No
CASE03558,Insurance Claims,Consumer Law,Torts-Motor Accident,Karnataka,Belgaum,Low,4,5,6,392,6,2,70.72,Yes
CASE03559,Company / Insolvency (NCLT-NCLAT),Corporate Law,Arbitration-Enforcement,Rajasthan,Bikaner,Low,10,1,6,197,3,5,65.1,Yes
CASE03560,Banking & Debt Recovery,Corporate Law,Contract-Breach,West Bengal,Siliguri,Medium,8,8,4,337,6,2,53,Conditional
CASE03561,Anti-Corruption & Vigilance,Criminal Law,IPC-Criminal Breach of Trust,Assam,Guwahati,Medium,5,2,8,388,2,4,20,No
CASE03562,Company / Insolvency (NCLT-NCLAT),Corporate Law,Arbitration-Enforcement,West Bengal,Hooghly,Medium,4,7,7,179,2,2,39,No
CASE03563,Tax Law (Direct & Indirect),Administrative Law,Taxation-Property,Maharashtra,Nagpur,Medium,5,4,3,267,9,5,53.55,Conditional
CASE03564,POCSO & Juvenile Justice,Criminal Law,IPC-Rape,Kerala,Kochi,Low,5,7,5,311,8,4,62.7,Yes
CASE03565,Tax Law (Direct & Indirect),Administrative Law,Taxation-Professional,Uttar Pradesh,Allahabad,Low,1,3,4,273,4,6,51.52,Conditional
CASE03566,Bail Applications,Criminal Law,IPC-Hurt,Gujarat,Ahmedabad,Medium,5,7,5,60,2,2,37,No
CASE03567,Bail Applications,Criminal Law,IPC-Assault,Kerala,Kollam,Low,8,8,5,305,9,6,71.5,Yes
CASE03568,Motor Accident Claims,Civil Law,Torts-Motor Accident,Bihar,Muzaffarpur,Medium,3,6,4,160,7,4,56.32,Conditional
CASE03569,Civil Suits,Civil Law,Torts-Motor Accident,Assam,Guwahati,Medium,8,10,7,206,2,6,71,Yes
CASE03570,Medical Negligence,Civil Law,Services-Health,Kerala,Thiruvananthapuram,High,10,3,5,46,5,5,67.1,Yes
CASE03571,Anti-Corruption & Vigilance,Criminal Law,IPC-Criminal Breach of Trust,Tamil Nadu,Chennai,Medium,10,9,7,170,1,3,52.53,Conditional
CASE03572,Labour & Employment Disputes,Labour Law,Termination-Wrongful,Uttar Pradesh,Allahabad,Low,5,7,5,143,8,3,65.32,Yes
CASE03573,Medical Negligence,Civil Law,Torts-Medical Negligence,West Bengal,Durgapur,Medium,4,3,5,122,3,2,63,Yes
CASE03574,Motor Accident Claims,Civil Law,Torts-Motor Accident,Tamil Nadu,Vellore,Medium,10,5,3,52,1,5,79.31,Yes
CASE03575,Banking & Debt Recovery,Corporate Law,Corporate-Fraud,Maharashtra,Thane,Medium,7,4,4,202,7,3,53.55,Conditional
CASE03576,Insurance Claims,Consumer Law,Services-Insurance,Tamil Nadu,Coimbatore,Low,10,3,7,394,3,2,96.82,Yes
CASE03577,Tax Law (Direct & Indirect),Administrative Law,Taxation-Property,Kerala,Alappuzha,Medium,6,1,3,48,1,4,59.4,Conditional
CASE03578,Company / Insolvency (NCLT-NCLAT),Corporate Law,Arbitration-Enforcement,Tamil Nadu,Vellore,Medium,4,4,3,31,8,6,48.41,Conditional
CASE03579,Writ Petitions,Constitutional Law,Writ-Quo Warranto,Haryana,Panipat,Medium,9,2,8,79,9,5,19,No
CASE03580,Bail Applications,Criminal Law,IPC-Assault,Madhya Pradesh,Jabalpur,Low,1,10,9,363,4,2,31,No
CASE03581,Constitutional Law,Constitutional Law,Fundamental Rights-Article 15,Madhya Pradesh,Gwalior,Low,1,5,3,231,6,6,20,No
CASE03582,Motor Accident Claims,Civil Law,Torts-Motor Accident,Maharashtra,Amravati,High,3,10,6,255,4,3,35.7,No
CASE03583,Cyber Crime & IT Act,Criminal Law,Cyber Crime-Cyber Stalking,Kerala,Thrissur,Medium,9,9,3,355,7,4,51.7,Conditional
CASE03584,Consumer Protection,Consumer Law,Services-Health,Kerala,Kollam,High,6,9,5,107,1,3,50.6,Conditional
CASE03585,Company / Insolvency (NCLT-NCLAT),Corporate Law,Insolvency,Kerala,Thiruvananthapuram,Medium,4,9,4,82,8,4,47.3,Conditional
CASE03586,NI Act / Cheque Bounce,Criminal Law,IPC-Cheating,Madhya Pradesh,Jabalpur,High,2,9,4,164,10,4,11,No
CASE03587,Human Rights & PIL,Constitutional Law,PIL-Public Interest,Punjab,Ludhiana,High,3,5,4,347,7,6,0,No
CASE03588,Real Estate & RERA,Property Law,Building-Construction,Delhi,South Delhi,Medium,5,6,6,163,2,3,54,Conditional
CASE03589,Motor Accident Claims,Civil Law,Torts-Motor Accident,Assam,Jorhat,Medium,6,8,6,372,2,6,69,Yes
CASE03590,Writ Petitions,Constitutional Law,Writ-Prohibition,Bihar,Patna,Medium,5,2,8,183,3,4,5.28,No
CASE03591,Property Disputes,Property Law,Land-Encroachment,Karnataka,Hubli,High,6,8,8,269,8,6,20.8,No
CASE03592,Real Estate & RERA,Property Law,Housing-Society,Karnataka,Davangere,High,10,2,8,229,3,2,34.32,No
CASE03593,Insurance Claims,Consumer Law,Services-Insurance,Kerala,Kozhikode,Low,4,10,4,329,1,3,73.7,Yes
CASE03594,Motor Accident Claims,Civil Law,Torts-Motor Accident,Madhya Pradesh,Jabalpur,Medium,8,2,7,46,5,3,71,Yes
CASE03595,Human Rights & PIL,Constitutional Law,Fundamental Rights-Article 15,Karnataka,Hubli,Medium,1,8,5,317,9,5,9.36,No
CASE03596,Banking & Debt Recovery,Corporate Law,Contract-Breach,Bihar,Patna,Medium,5,8,5,119,4,3,37.84,No
CASE03597,Anti-Corruption & Vigilance,Criminal Law,IPC-Criminal Breach of Trust,Maharashtra,Pune,High,7,9,7,47,4,6,29.4,No
CASE03598,Anti-Corruption & Vigilance,Criminal Law,IPC-Criminal Breach of Trust,Maharashtra,Mumbai,Medium,10,1,6,322,7,5,52.5,Conditional
CASE03599,Environmental Law,Criminal Law,Environment-Pollution,Punjab,Chandigarh,Low,1,10,5,367,1,4,45,Conditional
CASE03600,Writ Petitions,Constitutional Law,Writ-Quo Warranto,Haryana,Gurugram,Medium,7,3,5,106,3,2,31,No
CASE03601,Environmental Law,Criminal Law,Environment-Forest,Delhi,New Delhi,High,7,7,5,31,6,5,30.24,No
CASE03602,Immigration & Passport Matters,Administrative Law,Service-Transfer,Tamil Nadu,Erode,Low,2,4,5,61,5,3,56.65,Conditional
CASE03603,Constitutional Law,Constitutional Law,Writ-Habeas Corpus,Rajasthan,Udaipur,Medium,5,10,8,237,2,2,0.93,No
CASE03604,Criminal Appeals,Criminal Law,IPC-Hurt,Assam,Dibrugarh,Medium,7,4,4,167,3,5,45,Conditional
CASE03605,Real Estate & RERA,Property Law,Lease-Residential,Gujarat,Surat,Low,3,8,8,93,1,6,47,Conditional
CASE03606,Banking & Debt Recovery,Corporate Law,Contract-Breach,Bihar,Munger,High,10,2,5,287,1,4,39.6,No
CASE03607,Consumer Protection,Consumer Law,Practices-E-commerce,Bihar,Patna,Low,9,3,6,390,1,4,75.68,Yes
CASE03608,Consumer Protection,Consumer Law,Products-Electronic,Maharashtra,Nagpur,Medium,9,5,6,47,2,5,76.65,Yes
CASE03609,Constitutional Law,Constitutional Law,Writ-Mandamus,Maharashtra,Pune,Medium,6,9,5,204,6,2,27.3,No
CASE03610,Constitutional Law,Constitutional Law,Fundamental Rights-Article 15,Karnataka,Hubli,Low,10,10,7,303,1,4,56.16,Conditional
CASE03611,Motor Accident Claims,Civil Law,Torts-Motor Accident,Punjab,Chandigarh,Medium,3,5,8,87,7,4,39,No
CASE03612,Arbitration & Mediation,Corporate Law,Arbitration-International,Karnataka,Belgaum,Medium,8,5,4,283,9,2,50.96,Conditional
CASE03613,Constitutional Law,Constitutional Law,Fundamental Rights-Article 15,Gujarat,Jamnagar,Medium,1,5,3,287,4,3,4,No
CASE03614,Intellectual Property,Civil Law,Patent,West Bengal,Asansol,Low,7,1,8,67,1,5,66,Yes
CASE03615,Real Estate & RERA,Property Law,Lease-Commercial,Tamil Nadu,Tiruchirappalli,Low,5,4,4,220,6,6,74.16,Yes
CASE03616,Company / Insolvency (NCLT-NCLAT),Corporate Law,Arbitration-Enforcement,Bihar,Bhagalpur,Medium,4,6,9,337,8,2,20.24,No
CASE03617,Motor Accident Claims,Civil Law,Torts-Motor Accident,Punjab,Chandigarh,Low,8,4,6,115,5,3,88,Yes
CASE03618,Bail Applications,Criminal Law,IPC-Assault,Kerala,Kochi,Low,5,3,7,228,3,4,62.7,Yes
CASE03619,Criminal Appeals,Criminal Law,IPC-Murder,Kerala,Kozhikode,Medium,1,5,9,110,2,4,17.6,No
CASE03620,Consumer Protection,Consumer Law,Products-Vehicles,Gujarat,Jamnagar,Medium,4,1,3,286,7,6,57,Conditional
CASE03621,Corporate & Commercial Law,Corporate Law,Arbitration-Challenge,Haryana,Rohtak,Low,6,9,9,259,7,2,46,Conditional
CASE03622,Anti-Corruption & Vigilance,Criminal Law,IPC-Cheating,Rajasthan,Jaipur,Low,5,7,3,366,2,2,53.01,Conditional
CASE03623,Insurance Claims,Consumer Law,Torts-Motor Accident,Karnataka,Mysore,Medium,9,8,5,71,3,2,74.88,Yes
CASE03624,Corporate & Commercial Law,Corporate Law,Arbitration-Challenge,Delhi,West Delhi,Medium,6,7,3,227,2,3,50.76,Conditional
CASE03625,POCSO & Juvenile Justice,Criminal Law,IPC-Acid Attack,Bihar,Bhagalpur,Medium,9,3,5,52,8,3,43.12,Conditional
CASE03626,Writ Petitions,Constitutional Law,Writ-Mandamus,Karnataka,Mysore,Medium,8,6,8,364,4,5,14.56,No
CASE03627,Writ Petitions,Constitutional Law,Writ-Habeas Corpus,Maharashtra,Nashik,Medium,2,7,7,31,1,3,9.45,No
CASE03628,Civil Suits,Civil Law,Torts-Motor Accident,West Bengal,Asansol,Medium,8,10,9,143,3,2,54,Conditional
CASE03629,Banking & Debt Recovery,Corporate Law,Insolvency,Tamil Nadu,Salem,Medium,9,10,4,64,7,5,54.59,Conditional
CASE03630,Consumer Protection,Consumer Law,Practices-Misleading Ads,Madhya Pradesh,Indore,High,5,10,5,65,2,4,42,Conditional
CASE03631,Real Estate & RERA,Property Law,Lease-Commercial,Tamil Nadu,Tiruchirappalli,Medium,6,10,9,110,5,4,40.17,Conditional
CASE03632,Tax Law (Direct & Indirect),Administrative Law,Taxation-Property,Gujarat,Ahmedabad,Medium,8,8,3,215,2,3,54,Conditional
CASE03633,Writ Petitions,Constitutional Law,Writ-Mandamus,Karnataka,Bangalore,Medium,6,6,3,89,2,5,23.92,No
CASE03634,Labour & Employment Disputes,Labour Law,Industrial-Retrenchment,Madhya Pradesh,Indore,Medium,9,4,5,72,2,3,64,Yes
CASE03635,Civil Suits,Civil Law,Torts-Motor Accident,Haryana,Panipat,High,2,10,4,91,5,4,32,No
CASE03636,Banking & Debt Recovery,Corporate Law,Insolvency,Tamil Nadu,Chennai,Medium,7,10,4,115,1,4,48.41,Conditional
CASE03637,Cyber Crime & IT Act,Criminal Law,Cyber Crime-Cyber Stalking,West Bengal,Kolkata,Medium,1,10,4,360,5,5,28,No
CASE03638,Bail Applications,Criminal Law,IPC-Murder,Uttar Pradesh,Ghaziabad,High,9,9,4,114,9,3,26.68,No
CASE03639,Human Rights & PIL,Constitutional Law,Fundamental Rights-Article 19,Tamil Nadu,Salem,High,7,10,5,71,4,4,9.27,No
CASE03640,NI Act / Cheque Bounce,Criminal Law,IPC-Criminal Breach of Trust,Punjab,Jalandhar,Medium,9,10,9,190,3,3,34,No
CASE03641,Arbitration & Mediation,Corporate Law,Arbitration-International,Delhi,New Delhi,Low,10,4,9,105,9,4,69.12,Yes
CASE03642,Immigration & Passport Matters,Administrative Law,Licensing,Kerala,Kochi,Medium,5,7,9,258,10,2,34.1,No
CASE03643,Consumer Protection,Consumer Law,Practices-Misleading Ads,Bihar,Muzaffarpur,Medium,6,3,4,390,8,4,54.56,Conditional
CASE03644,Real Estate & RERA,Property Law,Building-Construction,Haryana,Panipat,Low,9,7,7,391,10,3,87,Yes
CASE03645,Cyber Crime & IT Act,Criminal Law,Cyber Crime-Phishing,Maharashtra,Thane,Low,5,4,9,288,3,3,46.2,Conditional
CASE03646,Constitutional Law,Constitutional Law,Writ-Mandamus,Karnataka,Davangere,Medium,9,2,5,165,1,4,37.44,No
CASE03647,Cyber Crime & IT Act,Criminal Law,Cyber Crime-Phishing,Uttar Pradesh,Allahabad,Medium,4,9,5,218,2,3,32.2,No
CASE03648,Medical Negligence,Civil Law,Services-Health,Maharashtra,Solapur,High,7,5,6,356,4,3,58.8,Conditional
CASE03649,Cyber Crime & IT Act,Criminal Law,Cyber Crime-Identity Theft,Gujarat,Vadodara,Low,7,6,4,309,3,5,59,Conditional
CASE03650,Family Disputes,Family Law,Divorce-Mutual Consent,Punjab,Ludhiana,High,2,7,8,215,2,6,22,No
CASE03651,Civil Suits,Civil Law,Contract-Breach,Gujarat,Rajkot,High,3,8,9,359,3,3,19,No
CASE03652,Writ Petitions,Constitutional Law,Writ-Habeas Corpus,Assam,Dibrugarh,High,9,3,7,222,9,4,14,No
CASE03653,Writ Petitions,Constitutional Law,Writ-Certiorari,Haryana,Faridabad,Medium,5,1,5,376,9,3,15,No
CASE03654,Real Estate & RERA,Property Law,Building-Construction,Punjab,Amritsar,Medium,2,7,5,260,10,6,51,Conditional
CASE03655,Motor Accident Claims,Civil Law,Torts-Motor Accident,Rajasthan,Kota,Low,7,8,9,332,4,6,62.31,Yes
CASE03656,Real Estate & RERA,Property Law,Building-Construction,Haryana,Panipat,Medium,7,10,5,37,10,3,56,Conditional
CASE03657,Immigration & Passport Matters,Administrative Law,Licensing,Haryana,Ambala,Low,5,2,7,58,6,4,65,Yes
CASE03658,Cyber Crime & IT Act,Criminal Law,IPC-Cheating,West Bengal,Durgapur,Medium,8,5,8,284,1,6,30,No
CASE03659,Arbitration & Mediation,Corporate Law,Arbitration-Appointment,Maharashtra,Amravati,High,7,9,7,224,8,5,31.5,No
CASE03660,Insurance Claims,Consumer Law,Torts-Motor Accident,Madhya Pradesh,Indore,Medium,3,8,4,268,10,6,59,Conditional
CASE03661,Insurance Claims,Consumer Law,Torts-Motor Accident,Maharashtra,Nashik,High,3,8,9,243,10,5,16.8,No
CASE03662,Tax Law (Direct & Indirect),Administrative Law,Taxation-Professional,Punjab,Patiala,High,10,6,5,64,3,6,50,Conditional
CASE03663,POCSO & Juvenile Justice,Criminal Law,IPC-Acid Attack,Assam,Nagaon,Low,7,7,8,340,1,5,44,Conditional
CASE03664,Environmental Law,Criminal Law,Environment-Pollution,Madhya Pradesh,Sagar,High,10,10,3,273,4,6,35,No
CASE03665,Banking & Debt Recovery,Corporate Law,Corporate-Fraud,Tamil Nadu,Salem,Medium,6,10,4,46,3,4,53.56,Conditional
CASE03666,Anti-Corruption & Vigilance,Criminal Law,IPC-Cheating,Maharashtra,Navi Mumbai,Low,4,6,4,140,4,5,55.65,Conditional
CASE03667,POCSO & Juvenile Justice,Criminal Law,IPC-Gang Rape,Haryana,Gurugram,Medium,8,2,7,282,9,3,49,Conditional
CASE03668,Insurance Claims,Consumer Law,Torts-Motor Accident,Bihar,Muzaffarpur,Medium,7,9,3,235,8,2,62.48,Yes
CASE03669,Property Disputes,Property Law,Building-Construction,Gujarat,Jamnagar,Low,6,9,3,72,9,3,69,Yes
CASE03670,Constitutional Law,Constitutional Law,Fundamental Rights-Article 15,Karnataka,Mangalore,Medium,9,8,9,112,2,3,14.56,No
CASE03671,Criminal Appeals,Criminal Law,IPC-Hurt,Madhya Pradesh,Sagar,High,6,6,6,245,5,3,23,No
CASE03672,Intellectual Property,Civil Law,Trade Mark,Punjab,Bathinda,Low,5,4,3,358,10,4,77,Yes
CASE03673,Tax Law (Direct & Indirect),Administrative Law,Taxation-Professional,Karnataka,Davangere,Low,4,10,6,301,5,4,61.36,Yes
CASE03674,Insurance Claims,Consumer Law,Torts-Motor Accident,Bihar,Gaya,Medium,8,3,6,126,6,6,63.36,Yes
CASE03675,Cyber Crime & IT Act,Criminal Law,IPC-Cheating,Uttar Pradesh,Ghaziabad,Low,6,10,3,244,6,6,48.76,Conditional
CASE03676,Consumer Protection,Consumer Law,Products-Electronic,Uttar Pradesh,Agra,Medium,9,8,7,159,10,4,69,Yes
CASE03677,Writ Petitions,Constitutional Law,Writ-Prohibition,Assam,Jorhat,Medium,1,6,3,194,10,5,9,No
CASE03678,Real Estate & RERA,Property Law,Lease-Residential,Madhya Pradesh,Sagar,Low,4,4,8,84,2,5,57,Conditional
CASE03679,Banking & Debt Recovery,Corporate Law,Insolvency,Rajasthan,Ajmer,Low,6,9,9,373,9,3,47.43,Conditional
CASE03680,Insurance Claims,Consumer Law,Services-Insurance,Gujarat,Surat,Medium,10,3,7,103,2,6,70,Yes
CASE03681,Criminal Appeals,Criminal Law,IPC-Hurt,Assam,Jorhat,Low,9,7,3,71,2,6,67,Yes
CASE03682,POCSO & Juvenile Justice,Criminal Law,IPC-Gang Rape,Kerala,Kollam,Low,2,5,5,350,6,4,49.5,Conditional
CASE03683,Consumer Protection,Consumer Law,Practices-Misleading Ads,Karnataka,Mangalore,High,5,9,6,233,4,6,36.4,No
CASE03684,Company / Insolvency (NCLT-NCLAT),Corporate Law,Arbitration-Enforcement,Tamil Nadu,Chennai,Medium,10,5,7,388,5,6,63.86,Yes
CASE03685,Writ Petitions,Constitutional Law,Writ-Mandamus,Assam,Tinsukia,High,1,7,7,308,8,3,0,No
CASE03686,Cyber Crime & IT Act,Criminal Law,Cyber Crime-Identity Theft,Haryana,Panipat,High,5,6,3,234,2,5,21,No
CASE03687,Immigration & Passport Matters,Administrative Law,Licensing,Delhi,South Delhi,Medium,7,9,4,197,8,6,63.72,Yes
CASE03688,Real Estate & RERA,Property Law,Building-Construction,West Bengal,Hooghly,Medium,6,4,8,151,9,4,45,Conditional
CASE03689,Company / Insolvency (NCLT-NCLAT),Corporate Law,Insolvency,Uttar Pradesh,Kanpur,High,6,5,5,142,1,3,30.36,No
CASE03690,Banking & Debt Recovery,Corporate Law,Corporate-Fraud,Punjab,Jalandhar,Low,4,2,6,325,9,3,54,Conditional
CASE03691,Tax Law (Direct & Indirect),Administrative Law,Taxation-Professional,Assam,Silchar,Medium,4,6,3,153,3,6,42,Conditional
CASE03692,Company / Insolvency (NCLT-NCLAT),Corporate Law,Arbitration-Enforcement,Madhya Pradesh,Bhopal,Medium,10,5,8,58,8,2,46,Conditional
CASE03693,Labour & Employment Disputes,Labour Law,Termination-Wrongful,Assam,Nagaon,Low,4,3,3,325,5,2,72,Yes
CASE03694,Insurance Claims,Consumer Law,Torts-Motor Accident,Uttar Pradesh,Lucknow,Medium,7,5,9,71,8,3,51.52,Conditional
CASE03695,Corporate & Commercial Law,Corporate Law,Contract-Breach,Karnataka,Davangere,High,3,8,7,208,3,2,15.6,No
CASE03696,Tax Law (Direct & Indirect),Administrative Law,Taxation-Property,Uttar Pradesh,Allahabad,Medium,4,10,6,131,2,4,47.84,Conditional
CASE03697,Constitutional Law,Constitutional Law,Fundamental Rights-Article 14,West Bengal,Hooghly,Medium,2,9,5,48,6,6,12,No
CASE03698,Constitutional Law,Constitutional Law,Fundamental Rights-Article 15,Madhya Pradesh,Gwalior,Medium,6,6,8,75,8,3,12,No
CASE03699,Civil Suits,Civil Law,Contract-Breach,Maharashtra,Navi Mumbai,Low,9,8,9,158,10,3,86.1,Yes
CASE03700,Writ Petitions,Constitutional Law,Writ-Habeas Corpus,Assam,Tinsukia,Medium,10,4,5,352,8,2,30,No
CASE03701,Real Estate & RERA,Property Law,Lease-Residential,Kerala,Thrissur,Medium,3,7,3,348,4,4,55,Conditional
CASE03702,Company / Insolvency (NCLT-NCLAT),Corporate Law,Insolvency,Bihar,Darbhanga,Low,8,10,4,266,10,5,58.96,Conditional
CASE03703,Criminal Appeals,Criminal Law,IPC-Murder,Bihar,Patna,High,3,3,6,259,5,3,12.32,No
CASE03704,Property Disputes,Property Law,Housing-Society,Gujarat,Ahmedabad,Low,4,6,3,68,9,3,68,Yes
CASE03705,Tax Law (Direct & Indirect),Administrative Law,Taxation-Professional,Uttar Pradesh,Agra,High,6,8,9,216,4,4,19.32,No
CASE03706,Consumer Protection,Consumer Law,Services-Health,Haryana,Rohtak,Medium,3,10,3,33,2,5,58,Conditional
CASE03707,Company / Insolvency (NCLT-NCLAT),Corporate Law,Oppression-Mismanagement,Maharashtra,Nagpur,Medium,10,2,8,327,7,6,43.05,Conditional
CASE03708,Cyber Crime & IT Act,Criminal Law,Cyber Crime-Cyber Stalking,Delhi,Central Delhi,Low,3,9,6,329,2,3,51.84,Conditional
CASE03709,Anti-Corruption & Vigilance,Criminal Law,IPC-Cheating,Bihar,Muzaffarpur,Low,2,7,5,191,3,2,36.08,No
CASE03710,Company / Insolvency (NCLT-NCLAT),Corporate Law,Insolvency,Rajasthan,Udaipur,High,8,10,5,91,9,3,33.48,No
CASE03711,Property Disputes,Property Law,Mortgage-Dispute,Tamil Nadu,Madurai,Low,2,3,7,85,8,3,62.83,Yes
CASE03712,Real Estate & RERA,Property Law,Housing-Society,West Bengal,Siliguri,Medium,8,3,8,206,10,5,45,Conditional
CASE03713,Banking & Debt Recovery,Corporate Law,Contract-Breach,Punjab,Jalandhar,Low,3,9,6,348,1,5,59,Conditional
CASE03714,Consumer Protection,Consumer Law,Services-Travel,West Bengal,Kolkata,Medium,1,4,7,301,4,5,44,Conditional
CASE03715,Writ Petitions,Constitutional Law,Writ-Certiorari,Delhi,West Delhi,Medium,10,4,9,176,6,5,23.76,No
CASE03716,Property Disputes,Property Law,Land-Title,Tamil Nadu,Coimbatore,Medium,8,2,6,199,7,6,63.86,Yes
CASE03717,Company / Insolvency (NCLT-NCLAT),Corporate Law,Oppression-Mismanagement,West Bengal,Durgapur,Medium,1,4,6,373,8,3,37,No
CASE03718,Consumer Protection,Consumer Law,Practices-Misleading Ads,West Bengal,Hooghly,Low,5,5,8,74,5,3,58,Conditional
CASE03719,Motor Accident Claims,Civil Law,Torts-Motor Accident,Delhi,South Delhi,Medium,3,1,6,177,4,4,58.32,Conditional
CASE03720,Criminal Appeals,Criminal Law,IPC-Hurt,Haryana,Ambala,Medium,7,8,9,203,1,6,34,No
CASE03721,Human Rights & PIL,Constitutional Law,Fundamental Rights-Article 14,Gujarat,Surat,High,4,6,4,321,6,4,2,No
CASE03722,Civil Suits,Civil Law,Torts-Motor Accident,Tamil Nadu,Madurai,Low,6,10,5,109,10,5,85.49,Yes
CASE03723,Cyber Crime & IT Act,Criminal Law,Cyber Crime-Cyber Stalking,Tamil Nadu,Salem,Low,9,6,9,34,5,2,57.68,Conditional
CASE03724,NI Act / Cheque Bounce,Criminal Law,IPC-Cheating,West Bengal,Kolkata,Low,9,9,8,209,3,5,47,Conditional
CASE03725,Motor Accident Claims,Civil Law,Torts-Motor Accident,Karnataka,Belgaum,Medium,7,1,9,367,2,3,61.36,Yes
CASE03726,Family Disputes,Family Law,Child Custody-Physical,Kerala,Alappuzha,Medium,2,8,3,343,7,5,71.5,Yes
CASE03727,Property Disputes,Property Law,Lease-Commercial,Bihar,Bhagalpur,Medium,1,3,6,83,7,4,40.48,Conditional
CASE03728,Tax Law (Direct & Indirect),Administrative Law,Taxation-Professional,Gujarat,Surat,Low,6,6,9,97,10,4,48,Conditional
CASE03729,Intellectual Property,Civil Law,Patent,Karnataka,Mysore,Medium,6,6,7,324,7,6,69.68,Yes
CASE03730,Criminal Appeals,Criminal Law,IPC-Cheating,Maharashtra,Nashik,Medium,1,1,3,146,1,6,27.3,No
CASE03731,Immigration & Passport Matters,Administrative Law,Service-Transfer,Uttar Pradesh,Noida,Low,5,4,5,381,8,5,56.12,Conditional
CASE03732,Insurance Claims,Consumer Law,Services-Insurance,Madhya Pradesh,Bhopal,Low,3,5,4,271,8,4,66,Yes
CASE03733,Consumer Protection,Consumer Law,Products-Vehicles,Karnataka,Davangere,Medium,9,3,8,77,6,2,60.32,Yes
CASE03734,Medical Negligence,Civil Law,Services-Health,Karnataka,Gulbarga,Low,6,5,5,175,9,4,88.4,Yes
CASE03735,Motor Accident Claims,Civil Law,Torts-Motor Accident,Rajasthan,Udaipur,Medium,7,2,9,47,4,5,52.08,Conditional
CASE03736,Motor Accident Claims,Civil Law,Torts-Motor Accident,Karnataka,Hubli,Medium,5,4,5,214,3,5,63.44,Yes
CASE03737,POCSO & Juvenile Justice,Criminal Law,IPC-Acid Attack,Rajasthan,Udaipur,Medium,1,1,6,229,1,4,29.76,No
CASE03738,Company / Insolvency (NCLT-NCLAT),Corporate Law,Oppression-Mismanagement,Bihar,Patna,High,5,1,7,119,8,3,21.12,No
CASE03739,Medical Negligence,Civil Law,Services-Health,Punjab,Bathinda,Low,1,4,5,320,10,2,66,Yes
CASE03740,Company / Insolvency (NCLT-NCLAT),Corporate Law,Oppression-Mismanagement,Delhi,South Delhi,High,4,6,7,106,7,4,21.6,No
CASE03741,Company / Insolvency (NCLT-NCLAT),Corporate Law,Oppression-Mismanagement,Rajasthan,Udaipur,High,1,3,5,134,2,3,10.23,No
CASE03742,Real Estate & RERA,Property Law,Housing-Society,Maharashtra,Solapur,High,5,7,7,137,7,4,35.7,No
CASE03743,Civil Suits,Civil Law,Torts-Motor Accident,Assam,Tinsukia,Low,10,7,3,111,8,2,99,Yes
CASE03744,Company / Insolvency (NCLT-NCLAT),Corporate Law,Insolvency,West Bengal,Asansol,High,2,6,8,220,3,5,0,No
CASE03745,Banking & Debt Recovery,Corporate Law,Contract-Breach,Rajasthan,Bikaner,Low,5,5,9,291,9,6,43.71,Conditional
CASE03746,Writ Petitions,Constitutional Law,Writ-Certiorari,Maharashtra,Aurangabad,Medium,3,7,6,387,4,4,13.65,No
CASE03747,Corporate & Commercial Law,Corporate Law,Arbitration-Enforcement,Rajasthan,Jodhpur,Medium,2,2,8,203,10,2,20.46,No
CASE03748,Writ Petitions,Constitutional Law,Writ-Quo Warranto,Tamil Nadu,Erode,Medium,8,10,5,192,6,2,33.99,No
CASE03749,Human Rights & PIL,Constitutional Law,Fundamental Rights-Article 21,Rajasthan,Kota,Low,2,8,6,45,5,5,23.25,No
CASE03750,Environmental Law,Criminal Law,Environment-Forest,Haryana,Panipat,Medium,3,2,3,291,7,4,38,No
CASE03751,Company / Insolvency (NCLT-NCLAT),Corporate Law,Oppression-Mismanagement,Rajasthan,Udaipur,Medium,10,8,3,139,3,4,55.8,Conditional
CASE03752,POCSO & Juvenile Justice,Criminal Law,IPC-Rape,Punjab,Amritsar,Medium,9,3,6,283,2,6,50,Conditional
CASE03753,Constitutional Law,Constitutional Law,Fundamental Rights-Article 15,Uttar Pradesh,Kanpur,Medium,9,3,8,318,2,6,20.24,No
CASE03754,Anti-Corruption & Vigilance,Criminal Law,IPC-Cheating,Bihar,Bhagalpur,Medium,7,5,9,277,4,4,28.16,No
CASE03755,Cyber Crime & IT Act,Criminal Law,Cyber Crime-Identity Theft,Assam,Nagaon,Low,10,1,3,228,6,5,69,Yes
CASE03756,Insurance Claims,Consumer Law,Services-Insurance,Bihar,Gaya,Medium,2,2,3,275,9,5,47.52,Conditional
CASE03757,Constitutional Law,Constitutional Law,Writ-Habeas Corpus,Maharashtra,Nashik,Low,7,4,5,326,6,3,39.9,No
CASE03758,Environmental Law,Criminal Law,Environment-Pollution,Maharashtra,Mumbai,High,8,3,6,322,7,4,32.55,No
CASE03759,Writ Petitions,Constitutional Law,Writ-Prohibition,Maharashtra,Solapur,High,9,6,7,334,10,2,12.6,No
CASE03760,Company / Insolvency (NCLT-NCLAT),Corporate Law,Insolvency,Madhya Pradesh,Gwalior,Low,3,6,7,333,10,3,50,Conditional
CASE03761,Insurance Claims,Consumer Law,Torts-Motor Accident,Uttar Pradesh,Ghaziabad,High,9,2,4,195,3,2,52.44,Conditional
CASE03762,Family Disputes,Family Law,Domestic Violence-Physical,Delhi,East Delhi,Medium,3,6,9,50,1,6,52.92,Conditional
CASE03763,Property Disputes,Property Law,Land-Boundary,Bihar,Gaya,Low,1,3,7,30,3,3,49.28,Conditional
CASE03764,Property Disputes,Property Law,Housing-Society,Uttar Pradesh,Lucknow,High,8,6,7,34,2,4,35.88,No
CASE03765,Anti-Corruption & Vigilance,Criminal Law,IPC-Criminal Breach of Trust,Uttar Pradesh,Varanasi,Low,9,7,3,94,7,4,66.24,Yes
CASE03766,Real Estate & RERA,Property Law,Lease-Residential,Gujarat,Ahmedabad,Low,8,1,5,125,10,5,80,Yes
CASE03767,Labour & Employment Disputes,Labour Law,Service-Promotion,Uttar Pradesh,Varanasi,Low,2,1,9,379,7,5,40.48,Conditional
CASE03768,Environmental Law,Criminal Law,Environment-Forest,Haryana,Hisar,High,5,3,8,150,5,2,2,No
CASE03769,Civil Suits,Civil Law,Contract-Breach,Madhya Pradesh,Indore,Low,7,5,3,297,6,4,86,Yes
CASE03770,Consumer Protection,Consumer Law,Practices-Misleading Ads,Rajasthan,Udaipur,Low,3,2,3,328,2,4,64.17,Yes
CASE03771,Bail Applications,Criminal Law,IPC-Murder,Maharashtra,Navi Mumbai,Medium,10,9,4,158,1,5,60.9,Yes
CASE03772,Writ Petitions,Constitutional Law,Writ-Quo Warranto,Bihar,Patna,Low,1,7,7,339,10,4,16.72,No
CASE03773,Criminal Appeals,Criminal Law,IPC-Murder,Delhi,Central Delhi,Medium,4,1,3,379,7,4,35.64,No
CASE03774,Family Disputes,Family Law,Divorce-Mutual Consent,Karnataka,Belgaum,Low,10,9,3,146,9,6,99.84,Yes
CASE03775,Writ Petitions,Constitutional Law,Writ-Certiorari,Haryana,Gurugram,Medium,7,1,9,114,4,6,7,No
CASE03776,Labour & Employment Disputes,Labour Law,Service-Promotion,Tamil Nadu,Tirunelveli,Medium,9,3,8,153,7,5,52.53,Conditional
CASE03777,Consumer Protection,Consumer Law,Practices-E-commerce,Punjab,Bathinda,Medium,6,6,6,249,3,5,66,Yes
CASE03778,Immigration & Passport Matters,Administrative Law,Service-Transfer,Assam,Dibrugarh,High,1,3,5,319,1,2,23,No
CASE03779,Insurance Claims,Consumer Law,Services-Insurance,Haryana,Panipat,Medium,10,7,6,241,7,3,72,Yes
CASE03780,Banking & Debt Recovery,Corporate Law,Insolvency,Delhi,Central Delhi,Medium,10,7,6,356,3,2,59.4,Conditional
CASE03781,Corporate & Commercial Law,Corporate Law,Contract-Breach,Kerala,Alappuzha,Medium,10,10,3,76,2,5,71.5,Yes
CASE03782,Cyber Crime & IT Act,Criminal Law,Cyber Crime-Phishing,Karnataka,Mysore,Medium,6,8,8,140,4,2,34.32,No
CASE03783,Intellectual Property,Civil Law,Patent,Punjab,Amritsar,High,6,10,6,360,7,6,51,Conditional
CASE03784,Intellectual Property,Civil Law,Design,Tamil Nadu,Tirunelveli,Low,9,6,7,267,5,5,97.85,Yes
CASE03785,Corporate & Commercial Law,Corporate Law,Arbitration-Enforcement,Tamil Nadu,Tirunelveli,High,4,10,6,153,1,3,23.69,No
CASE03786,Constitutional Law,Constitutional Law,Fundamental Rights-Article 14,Uttar Pradesh,Allahabad,Low,4,3,3,141,7,6,28.52,No
CASE03787,Environmental Law,Criminal Law,Environment-Pollution,Rajasthan,Jaipur,Medium,3,3,7,137,2,5,32.55,No
CASE03788,Immigration & Passport Matters,Administrative Law,Licensing,Maharashtra,Nagpur,Medium,9,6,4,395,2,3,69.3,Yes
CASE03789,Cyber Crime & IT Act,Criminal Law,Cyber Crime-Cyber Stalking,Tamil Nadu,Madurai,Low,8,10,7,373,10,4,70.04,Yes
CASE03790,Environmental Law,Criminal Law,Environment-Pollution,Haryana,Faridabad,Low,9,1,7,71,5,3,67,Yes
CASE03791,Real Estate & RERA,Property Law,Building-Construction,Rajasthan,Udaipur,Low,6,1,4,113,8,5,66.03,Yes
CASE03792,Anti-Corruption & Vigilance,Criminal Law,IPC-Cheating,Rajasthan,Jaipur,Low,4,6,7,232,4,5,50.22,Conditional
CASE03793,Medical Negligence,Civil Law,Services-Health,Haryana,Panipat,Low,3,3,5,83,7,3,71,Yes
CASE03794,Human Rights & PIL,Constitutional Law,Fundamental Rights-Article 14,Delhi,New Delhi,Low,8,4,4,53,9,3,50.76,Conditional
CASE03795,NI Act / Cheque Bounce,Criminal Law,IPC-Criminal Breach of Trust,Karnataka,Bangalore,Medium,8,2,8,268,10,6,38.48,No
CASE03796,Property Disputes,Property Law,Mortgage-Dispute,Tamil Nadu,Vellore,Medium,9,3,9,327,8,6,49.44,Conditional
CASE03797,POCSO & Juvenile Justice,Criminal Law,IPC-Acid Attack,Maharashtra,Solapur,High,4,9,7,112,4,2,16.8,No
CASE03798,Writ Petitions,Constitutional Law,Writ-Quo Warranto,Bihar,Munger,Medium,4,6,6,209,2,6,14.08,No
CASE03799,Labour & Employment Disputes,Labour Law,Termination-Retirement,Delhi,North Delhi,Low,2,9,7,74,3,2,62.64,Yes
CASE03800,Company / Insolvency (NCLT-NCLAT),Corporate Law,Arbitration-Enforcement,Delhi,South Delhi,High,2,5,5,195,6,4,11.88,No
CASE03801,Writ Petitions,Constitutional Law,Writ-Prohibition,Bihar,Darbhanga,High,9,1,9,183,3,6,0,No
CASE03802,Criminal Appeals,Criminal Law,IPC-Cheating,Maharashtra,Mumbai,Medium,2,10,7,324,7,6,34.65,No
CASE03803,Arbitration & Mediation,Corporate Law,Arbitration-Enforcement,Kerala,Kollam,Medium,5,2,7,390,2,3,51.7,Conditional
CASE03804,Property Disputes,Property Law,Mortgage-Dispute,Uttar Pradesh,Ghaziabad,High,3,7,9,244,6,2,11.96,No
CASE03805,Property Disputes,Property Law,Land-Encroachment,Bihar,Gaya,Medium,2,1,7,143,10,5,36.08,No
CASE03806,Civil Suits,Civil Law,Property-Title,Delhi,Central Delhi,Low,3,2,3,204,2,3,77.76,Yes
CASE03807,Writ Petitions,Constitutional Law,Writ-Mandamus,Madhya Pradesh,Jabalpur,Medium,8,3,3,162,1,2,28,No
CASE03808,Real Estate & RERA,Property Law,Lease-Residential,Gujarat,Jamnagar,Medium,3,9,4,33,7,6,49,Conditional
CASE03809,Family Disputes,Family Law,Maintenance-Spousal,Delhi,Central Delhi,High,3,1,8,363,3,4,33.48,No
CASE03810,Civil Suits,Civil Law,Torts-Motor Accident,Uttar Pradesh,Noida,Low,3,4,7,294,9,2,69.92,Yes
CASE03811,Insurance Claims,Consumer Law,Services-Insurance,Maharashtra,Aurangabad,High,6,6,8,369,2,4,26.25,No
CASE03812,Motor Accident Claims,Civil Law,Torts-Motor Accident,Punjab,Chandigarh,Low,2,10,5,192,8,5,70,Yes
CASE03813,Constitutional Law,Constitutional Law,Fundamental Rights-Article 15,Kerala,Alappuzha,Medium,3,2,8,103,3,5,0,No
CASE03814,Constitutional Law,Constitutional Law,Writ-Mandamus,Bihar,Muzaffarpur,Medium,9,7,7,86,5,4,23.76,No
CASE03815,Family Disputes,Family Law,Maintenance-Spousal,Gujarat,Rajkot,Medium,1,5,4,70,7,6,58,Conditional
CASE03816,NI Act / Cheque Bounce,Criminal Law,IPC-Cheating,Madhya Pradesh,Gwalior,Low,1,5,3,45,7,4,43,Conditional
CASE03817,Civil Suits,Civil Law,Contract-Breach,Gujarat,Bhavnagar,Medium,9,9,4,127,3,2,77,Yes
CASE03818,Banking & Debt Recovery,Corporate Law,Insolvency,Punjab,Jalandhar,Medium,10,2,8,328,6,5,46,Conditional
CASE03819,Cyber Crime & IT Act,Criminal Law,Cyber Crime-Hacking,Punjab,Amritsar,High,8,4,6,105,6,4,24,No
CASE03820,POCSO & Juvenile Justice,Criminal Law,IPC-Gang Rape,Karnataka,Bangalore,Medium,2,2,6,292,5,2,34.32,No
CASE03821,Bail Applications,Criminal Law,IPC-Murder,Delhi,West Delhi,Medium,5,1,6,287,4,2,37.8,No
CASE03822,Intellectual Property,Civil Law,Design,Karnataka,Mangalore,Low,10,5,4,144,1,6,100,Yes
CASE03823,Writ Petitions,Constitutional Law,Writ-Mandamus,Bihar,Bhagalpur,Low,9,7,3,74,1,6,44.88,Conditional
CASE03824,POCSO & Juvenile Justice,Criminal Law,IPC-Acid Attack,Rajasthan,Ajmer,Medium,3,6,8,162,7,4,20.46,No
CASE03825,Bail Applications,Criminal Law,IPC-Assault,Bihar,Gaya,Low,9,8,3,121,3,5,58.96,Conditional
CASE03826,Anti-Corruption & Vigilance,Criminal Law,IPC-Cheating,Tamil Nadu,Chennai,Medium,6,2,9,331,4,3,30.9,No
CASE03827,Banking & Debt Recovery,Corporate Law,Insolvency,Punjab,Ludhiana,Medium,6,9,8,380,1,5,29,No
CASE03828,Corporate & Commercial Law,Corporate Law,Arbitration-Challenge,Karnataka,Bangalore,Medium,2,7,6,187,5,6,40.56,Conditional
CASE03829,Company / Insolvency (NCLT-NCLAT),Corporate Law,Oppression-Mismanagement,Tamil Nadu,Chennai,Medium,10,5,6,284,5,6,65.92,Yes
CASE03830,Family Disputes,Family Law,Divorce-Contested,Assam,Dibrugarh,Medium,6,6,8,224,10,6,63,Yes
CASE03831,Environmental Law,Criminal Law,Environment-Pollution,Assam,Guwahati,Low,5,3,4,258,2,2,55,Conditional
CASE03832,Bail Applications,Criminal Law,IPC-Murder,Haryana,Hisar,Low,7,8,5,139,6,2,62,Yes
CASE03833,Property Disputes,Property Law,Housing-Society,Kerala,Kochi,Medium,2,3,7,282,6,3,48.4,Conditional
CASE03834,Writ Petitions,Constitutional Law,Writ-Habeas Corpus,Assam,Jorhat,Low,5,1,4,372,8,2,34,No
CASE03835,Bail Applications,Criminal Law,IPC-Murder,Assam,Dibrugarh,Low,1,8,3,342,1,2,40,Conditional
CASE03836,Banking & Debt Recovery,Corporate Law,Corporate-Fraud,Haryana,Gurugram,Medium,7,6,8,257,1,5,31,No
CASE03837,Criminal Appeals,Criminal Law,IPC-Hurt,Tamil Nadu,Chennai,High,8,1,4,158,8,6,27.81,No
CASE03838,Tax Law (Direct & Indirect),Administrative Law,Taxation-Service,Karnataka,Davangere,High,6,8,8,204,10,4,20.8,No
CASE03839,Medical Negligence,Civil Law,Services-Health,Gujarat,Surat,Medium,6,4,6,152,7,6,71,Yes
CASE03840,Cyber Crime & IT Act,Criminal Law,IPC-Cheating,Madhya Pradesh,Sagar,High,7,8,6,307,9,3,25,No
CASE03841,Motor Accident Claims,Civil Law,Torts-Motor Accident,Delhi,South Delhi,High,7,1,3,324,2,4,55.08,Conditional
CASE03842,Banking & Debt Recovery,Corporate Law,Corporate-Fraud,Madhya Pradesh,Gwalior,Medium,6,4,8,71,5,5,33,No
CASE03843,Constitutional Law,Constitutional Law,Fundamental Rights-Article 14,Tamil Nadu,Coimbatore,Low,2,3,4,231,10,3,29.87,No
CASE03844,Criminal Appeals,Criminal Law,IPC-Cheating,Maharashtra,Solapur,Low,1,8,7,195,5,3,45.15,Conditional
CASE03845,Insurance Claims,Consumer Law,Services-Insurance,Maharashtra,Pune,Medium,7,10,4,386,7,5,69.3,Yes
CASE03846,Banking & Debt Recovery,Corporate Law,Corporate-Fraud,Tamil Nadu,Madurai,High,6,3,8,33,7,3,8.24,No
CASE03847,Human Rights & PIL,Constitutional Law,PIL-Public Interest,Assam,Dibrugarh,Low,3,8,9,256,1,6,14,No
CASE03848,NI Act / Cheque Bounce,Criminal Law,IPC-Criminal Breach of Trust,Haryana,Hisar,Low,10,3,6,135,4,5,71,Yes
CASE03849,Medical Negligence,Civil Law,Torts-Medical Negligence,Madhya Pradesh,Jabalpur,Medium,7,2,8,76,4,2,60,Yes
CASE03850,Labour & Employment Disputes,Labour Law,Industrial-Retrenchment,Haryana,Rohtak,Medium,9,8,8,125,5,3,50,Conditional
CASE03851,Real Estate & RERA,Property Law,Building-Construction,Assam,Jorhat,High,6,5,4,400,7,3,42,Conditional
CASE03852,Constitutional Law,Constitutional Law,Fundamental Rights-Article 14,Bihar,Gaya,Medium,1,3,9,203,6,2,0,No
CASE03853,Human Rights & PIL,Constitutional Law,Fundamental Rights-Article 21,Uttar Pradesh,Meerut,Low,4,5,5,228,3,4,29.44,No
CASE03854,Consumer Protection,Consumer Law,Practices-E-commerce,Madhya Pradesh,Sagar,Medium,2,5,3,42,4,5,47,Conditional
CASE03855,POCSO & Juvenile Justice,Criminal Law,IPC-Rape,Punjab,Amritsar,Medium,2,1,8,133,10,3,18,No
CASE03856,Medical Negligence,Civil Law,Torts-Medical Negligence,Tamil Nadu,Erode,Low,2,3,9,324,5,5,56.65,Conditional
CASE03857,Tax Law (Direct & Indirect),Administrative Law,Taxation-Professional,Madhya Pradesh,Ujjain,Low,8,7,6,333,6,5,76,Yes
CASE03858,Consumer Protection,Consumer Law,Services-Health,Rajasthan,Jaipur,Low,2,4,7,102,3,2,63.24,Yes
CASE03859,Consumer Protection,Consumer Law,Services-Health,Gujarat,Rajkot,High,9,8,7,380,1,5,55,Conditional
CASE03860,NI Act / Cheque Bounce,Criminal Law,IPC-Cheating,Tamil Nadu,Tiruchirappalli,Low,8,3,8,44,7,3,48.41,Conditional
CASE03861,Writ Petitions,Constitutional Law,Writ-Prohibition,Delhi,South Delhi,Medium,7,10,4,160,2,3,27,No
CASE03862,Corporate & Commercial Law,Corporate Law,Director-Conflict,Rajasthan,Bikaner,Medium,10,5,3,219,6,4,52.08,Conditional
CASE03863,Human Rights & PIL,Constitutional Law,Fundamental Rights-Article 21,Maharashtra,Aurangabad,Medium,4,5,9,116,9,4,0,No
CASE03864,Real Estate & RERA,Property Law,Building-Construction,West Bengal,Asansol,Medium,4,7,4,162,3,3,47,Conditional
CASE03865,Environmental Law,Criminal Law,Environment-Pollution,Tamil Nadu,Coimbatore,High,5,5,5,176,5,4,25.75,No
CASE03866,Consumer Protection,Consumer Law,Practices-Misleading Ads,Kerala,Thrissur,Low,1,5,5,238,9,4,69.3,Yes
CASE03867,Anti-Corruption & Vigilance,Criminal Law,IPC-Cheating,Uttar Pradesh,Ghaziabad,Low,9,6,7,30,4,5,65.32,Yes
CASE03868,POCSO & Juvenile Justice,Criminal Law,IPC-Acid Attack,Gujarat,Ahmedabad,Medium,7,2,3,370,7,2,48,Conditional
CASE03869,NI Act / Cheque Bounce,Criminal Law,IPC-Cheating,Gujarat,Vadodara,Low,5,10,7,202,5,5,57,Conditional
CASE03870,Anti-Corruption & Vigilance,Criminal Law,IPC-Criminal Breach of Trust,Uttar Pradesh,Kanpur,Medium,9,7,6,76,8,3,43.24,Conditional
CASE03871,Banking & Debt Recovery,Corporate Law,Corporate-Fraud,Karnataka,Gulbarga,Medium,10,7,9,382,9,2,49.92,Conditional
CASE03872,Property Disputes,Property Law,Land-Title,West Bengal,Durgapur,Low,3,9,5,143,6,5,68,Yes
CASE03873,Immigration & Passport Matters,Administrative Law,Licensing,Delhi,New Delhi,Medium,10,4,5,352,7,6,69.12,Yes
CASE03874,Criminal Appeals,Criminal Law,IPC-Murder,Bihar,Patna,Medium,4,2,8,256,8,4,22,No
CASE03875,Property Disputes,Property Law,Housing-Society,West Bengal,Asansol,Medium,1,10,6,113,10,2,45,Conditional
CASE03876,Intellectual Property,Civil Law,Design,Punjab,Ludhiana,Low,4,9,7,392,7,3,77,Yes
CASE03877,Writ Petitions,Constitutional Law,Writ-Mandamus,West Bengal,Siliguri,Low,5,5,5,34,7,4,33,No
CASE03878,Labour & Employment Disputes,Labour Law,Service-Promotion,Uttar Pradesh,Lucknow,High,9,1,7,129,8,6,44.16,Conditional
CASE03879,Immigration & Passport Matters,Administrative Law,Service-Transfer,Uttar Pradesh,Kanpur,Medium,2,6,3,332,10,2,39.56,No
CASE03880,Medical Negligence,Civil Law,Torts-Medical Negligence,West Bengal,Kolkata,Low,6,5,7,273,4,3,88,Yes
CASE03881,Arbitration & Mediation,Corporate Law,Arbitration-Enforcement,West Bengal,Asansol,Low,8,8,9,195,9,2,58,Conditional
CASE03882,Human Rights & PIL,Constitutional Law,Fundamental Rights-Article 21,Haryana,Panipat,Medium,1,2,8,144,2,3,0,No
CASE03883,Criminal Appeals,Criminal Law,IPC-Murder,Punjab,Amritsar,Medium,1,10,6,265,4,4,33,No
CASE03884,Human Rights & PIL,Constitutional Law,PIL-Public Interest,Assam,Dibrugarh,Low,8,8,9,382,10,6,33,No
CASE03885,Criminal Appeals,Criminal Law,IPC-Murder,Assam,Silchar,Medium,1,5,6,350,1,2,26,No
CASE03886,NI Act / Cheque Bounce,Criminal Law,IPC-Cheating,Bihar,Darbhanga,Medium,3,8,5,197,5,3,26.4,No
CASE03887,Property Disputes,Property Law,Housing-Society,Tamil Nadu,Vellore,Low,1,4,7,385,2,6,59.74,Conditional
CASE03888,Medical Negligence,Civil Law,Torts-Medical Negligence,Haryana,Panipat,Medium,4,2,9,269,9,2,47,Conditional
CASE03889,Motor Accident Claims,Civil Law,Torts-Motor Accident,Delhi,East Delhi,Medium,4,2,5,207,8,2,62.64,Yes
CASE03890,Human Rights & PIL,Constitutional Law,Fundamental Rights-Article 14,Tamil Nadu,Salem,Medium,1,4,8,73,9,4,0,No
CASE03891,Corporate & Commercial Law,Corporate Law,Arbitration-Challenge,Maharashtra,Nagpur,Medium,10,5,5,189,5,5,61.95,Yes
CASE03892,POCSO & Juvenile Justice,Criminal Law,IPC-Rape,Delhi,Central Delhi,Medium,7,3,6,104,9,5,47.52,Conditional
CASE03893,Writ Petitions,Constitutional Law,Writ-Prohibition,Madhya Pradesh,Gwalior,Low,1,10,3,338,1,5,23,No
CASE03894,Property Disputes,Property Law,Mortgage-Dispute,Uttar Pradesh,Agra,Low,2,10,4,65,10,3,58.88,Conditional
CASE03895,Real Estate & RERA,Property Law,Housing-Society,Bihar,Gaya,Medium,1,6,6,367,5,6,38.72,No
CASE03896,Medical Negligence,Civil Law,Services-Health,West Bengal,Howrah,Medium,2,9,4,76,6,5,56,Conditional
CASE03897,Motor Accident Claims,Civil Law,Torts-Motor Accident,Delhi,West Delhi,Low,10,4,7,161,10,4,100,Yes
CASE03898,Bail Applications,Criminal Law,IPC-Hurt,Haryana,Ambala,Low,9,8,5,160,8,2,72,Yes
CASE03899,Family Disputes,Family Law,Child Custody-Legal,Haryana,Gurugram,Medium,7,9,7,241,8,3,75,Yes
CASE03900,Writ Petitions,Constitutional Law,Writ-Prohibition,Rajasthan,Jodhpur,Low,2,10,5,202,1,5,23.25,No
CASE03901,Insurance Claims,Consumer Law,Torts-Motor Accident,Rajasthan,Jodhpur,Medium,10,1,6,278,8,2,74.4,Yes
CASE03902,Bail Applications,Criminal Law,IPC-Hurt,Uttar Pradesh,Meerut,High,5,3,3,391,4,2,13.8,No
CASE03903,POCSO & Juvenile Justice,Criminal Law,IPC-Gang Rape,Bihar,Munger,Medium,7,3,5,367,10,4,36.08,No
CASE03904,Consumer Protection,Consumer Law,Practices-E-commerce,West Bengal,Durgapur,Medium,8,10,8,186,7,5,49,Conditional
CASE03905,NI Act / Cheque Bounce,Criminal Law,IPC-Cheating,West Bengal,Asansol,High,2,3,6,268,7,3,8,No
CASE03906,POCSO & Juvenile Justice,Criminal Law,IPC-Rape,Assam,Guwahati,Low,5,2,8,269,9,2,35,No
CASE03907,Consumer Protection,Consumer Law,Services-Health,Rajasthan,Udaipur,Medium,10,1,4,390,9,4,69.75,Yes
CASE03908,Cyber Crime & IT Act,Criminal Law,Cyber Crime-Phishing,Rajasthan,Jaipur,Medium,8,7,8,144,5,4,30.69,No
CASE03909,Criminal Appeals,Criminal Law,IPC-Hurt,Gujarat,Rajkot,Medium,5,7,4,59,9,2,35,No
CASE03910,Human Rights & PIL,Constitutional Law,Fundamental Rights-Article 15,Maharashtra,Aurangabad,Medium,9,8,5,329,9,3,32.55,No
CASE03911,Environmental Law,Criminal Law,Environment-Forest,Kerala,Thiruvananthapuram,Medium,6,2,4,170,9,5,49.5,Conditional
CASE03912,Constitutional Law,Constitutional Law,Writ-Habeas Corpus,Maharashtra,Amravati,High,4,5,5,64,7,3,0,No
CASE03913,Real Estate & RERA,Property Law,Building-Construction,Gujarat,Rajkot,Medium,3,2,7,113,4,2,49,Conditional
CASE03914,Company / Insolvency (NCLT-NCLAT),Corporate Law,Arbitration-Enforcement,Madhya Pradesh,Gwalior,Low,4,1,5,185,10,3,60,Yes
CASE03915,Intellectual Property,Civil Law,Geographical Indication,Uttar Pradesh,Agra,Medium,5,10,8,183,6,6,50.6,Conditional
CASE03916,Banking & Debt Recovery,Corporate Law,Insolvency,Punjab,Jalandhar,Medium,10,8,6,253,3,6,55,Conditional
CASE03917,Labour & Employment Disputes,Labour Law,Termination-Retirement,Punjab,Chandigarh,Medium,6,2,3,315,9,4,63,Yes
CASE03918,Labour & Employment Disputes,Labour Law,Termination-Retirement,Madhya Pradesh,Bhopal,High,1,9,3,398,3,2,21,No
CASE03919,Environmental Law,Criminal Law,Environment-Pollution,Punjab,Patiala,Low,7,6,8,313,6,6,42,Conditional
CASE03920,Writ Petitions,Constitutional Law,Writ-Quo Warranto,Bihar,Munger,Medium,1,8,6,290,10,2,7.04,No
CASE03921,Anti-Corruption & Vigilance,Criminal Law,IPC-Cheating,Bihar,Muzaffarpur,Medium,8,10,8,100,1,3,32.56,No
CASE03922,Criminal Appeals,Criminal Law,IPC-Cheating,Rajasthan,Ajmer,High,8,5,5,52,6,6,27.9,No
CASE03923,Medical Negligence,Civil Law,Torts-Medical Negligence,Rajasthan,Bikaner,Medium,4,8,4,248,6,5,61.38,Yes
CASE03924,Motor Accident Claims,Civil Law,Torts-Motor Accident,West Bengal,Hooghly,Low,6,5,8,116,5,4,71,Yes
CASE03925,Cyber Crime & IT Act,Criminal Law,Cyber Crime-Phishing,Madhya Pradesh,Indore,Low,8,5,6,164,4,5,63,Yes
CASE03926,Criminal Appeals,Criminal Law,IPC-Hurt,Maharashtra,Mumbai,Medium,3,8,8,306,3,6,17.85,No
CASE03927,Criminal Appeals,Criminal Law,IPC-Cheating,Uttar Pradesh,Lucknow,Medium,3,3,6,324,2,4,29.44,No
CASE03928,Writ Petitions,Constitutional Law,Writ-Quo Warranto,Tamil Nadu,Vellore,High,4,4,8,393,10,3,0,No
CASE03929,POCSO & Juvenile Justice,Criminal Law,IPC-Gang Rape,Rajasthan,Jodhpur,High,4,10,6,131,5,5,19.53,No
CASE03930,POCSO & Juvenile Justice,Criminal Law,IPC-Gang Rape,Uttar Pradesh,Noida,Medium,2,1,6,308,7,5,25.76,No
CASE03931,Anti-Corruption & Vigilance,Criminal Law,IPC-Criminal Breach of Trust,Haryana,Hisar,Medium,2,1,8,129,1,3,13,No
CASE03932,Tax Law (Direct & Indirect),Administrative Law,Taxation-Professional,Rajasthan,Ajmer,Low,8,10,8,133,1,2,59.52,Conditional
CASE03933,Real Estate & RERA,Property Law,Building-Construction,Kerala,Kochi,High,5,10,9,285,9,3,25.3,No
CASE03934,Motor Accident Claims,Civil Law,Torts-Motor Accident,West Bengal,Asansol,Low,6,9,6,58,2,2,85,Yes
CASE03935,Property Disputes,Property Law,Building-Construction,Madhya Pradesh,Bhopal,Medium,1,5,7,137,10,2,43,Conditional
CASE03936,Consumer Protection,Consumer Law,Practices-Misleading Ads,Assam,Tinsukia,High,9,9,4,101,10,2,50,Conditional
CASE03937,Medical Negligence,Civil Law,Services-Health,Maharashtra,Pune,Low,3,7,3,271,10,3,80.85,Yes
CASE03938,Intellectual Property,Civil Law,Design,Kerala,Alappuzha,Low,8,7,6,364,2,2,93.5,Yes
CASE03939,Civil Suits,Civil Law,Torts-Motor Accident,Madhya Pradesh,Bhopal,Medium,4,3,9,282,10,2,49,Conditional
CASE03940,Civil Suits,Civil Law,Property-Title,Tamil Nadu,Madurai,Low,5,3,7,238,3,2,79.31,Yes
CASE03941,Intellectual Property,Civil Law,Copyright,Assam,Silchar,Medium,6,6,7,266,10,2,68,Yes
CASE03942,Corporate & Commercial Law,Corporate Law,Arbitration-Challenge,Haryana,Rohtak,High,8,7,8,341,5,5,18,No
CASE03943,Property Disputes,Property Law,Mortgage-Dispute,Punjab,Jalandhar,Medium,2,5,4,168,6,3,51,Conditional
CASE03944,Anti-Corruption & Vigilance,Criminal Law,IPC-Criminal Breach of Trust,Gujarat,Jamnagar,Low,9,3,7,63,10,5,66,Yes
CASE03945,Property Disputes,Property Law,Land-Encroachment,Gujarat,Ahmedabad,Medium,5,10,7,35,10,2,54,Conditional
CASE03946,Tax Law (Direct & Indirect),Administrative Law,Taxation-Service,Haryana,Gurugram,Low,5,1,4,43,10,2,70,Yes
CASE03947,Cyber Crime & IT Act,Criminal Law,Cyber Crime-Hacking,Tamil Nadu,Madurai,Medium,2,3,6,252,5,4,28.84,No
CASE03948,Cyber Crime & IT Act,Criminal Law,Cyber Crime-Identity Theft,Uttar Pradesh,Lucknow,High,9,7,4,324,2,2,24.84,No
CASE03949,Labour & Employment Disputes,Labour Law,Termination-Retirement,Rajasthan,Bikaner,Low,7,9,8,286,8,6,54.87,Conditional
CASE03950,Company / Insolvency (NCLT-NCLAT),Corporate Law,Insolvency,Delhi,North Delhi,Medium,7,8,6,113,5,5,58.32,Conditional
CASE03951,Family Disputes,Family Law,Divorce-Contested,Maharashtra,Nashik,Medium,8,6,6,278,6,4,79.8,Yes
CASE03952,Human Rights & PIL,Constitutional Law,Fundamental Rights-Article 21,Assam,Nagaon,Medium,2,7,7,235,2,3,7,No
CASE03953,Environmental Law,Criminal Law,Environment-Pollution,Karnataka,Mysore,Medium,1,9,4,89,5,6,23.92,No
CASE03954,Company / Insolvency (NCLT-NCLAT),Corporate Law,Oppression-Mismanagement,West Bengal,Hooghly,High,1,9,4,394,6,4,17,No
CASE03955,Family Disputes,Family Law,Domestic Violence-Physical,West Bengal,Howrah,Low,6,2,6,283,7,3,90,Yes
CASE03956,Human Rights & PIL,Constitutional Law,PIL-Public Interest,West Bengal,Siliguri,Low,1,4,3,273,6,6,22,No
CASE03957,Arbitration & Mediation,Corporate Law,Arbitration-Appointment,Gujarat,Surat,Low,1,1,3,353,3,6,49,Conditional
CASE03958,Criminal Appeals,Criminal Law,IPC-Hurt,Rajasthan,Jaipur,Low,9,10,6,204,5,2,58.59,Conditional
CASE03959,Property Disputes,Property Law,Land-Boundary,Bihar,Patna,Medium,1,6,8,90,10,4,20.24,No
CASE03960,Civil Suits,Civil Law,Property-Title,Kerala,Thrissur,Medium,1,4,5,356,8,3,60.5,Yes
CASE03961,Labour & Employment Disputes,Labour Law,Industrial-Layoff,Tamil Nadu,Coimbatore,Low,9,1,8,397,5,2,74.16,Yes
CASE03962,Constitutional Law,Constitutional Law,Fundamental Rights-Article 15,Haryana,Faridabad,Medium,2,4,8,379,9,6,0,No
CASE03963,POCSO & Juvenile Justice,Criminal Law,IPC-Acid Attack,Punjab,Patiala,Medium,1,3,5,74,3,6,24,No
CASE03964,Insurance Claims,Consumer Law,Services-Insurance,Maharashtra,Nashik,Medium,7,3,5,138,10,3,71.4,Yes
CASE03965,NI Act / Cheque Bounce,Criminal Law,IPC-Criminal Breach of Trust,Gujarat,Jamnagar,Medium,8,8,5,231,3,2,48,Conditional
CASE03966,NI Act / Cheque Bounce,Criminal Law,IPC-Criminal Breach of Trust,Kerala,Kozhikode,Low,5,9,6,277,7,5,63.8,Yes
CASE03967,Consumer Protection,Consumer Law,Practices-Misleading Ads,Haryana,Hisar,High,8,8,6,347,1,3,49,Conditional
CASE03968,Property Disputes,Property Law,Land-Encroachment,Kerala,Thrissur,Medium,4,1,7,198,2,5,56.1,Conditional
CASE03969,Constitutional Law,Constitutional Law,Fundamental Rights-Article 14,Rajasthan,Ajmer,Low,5,1,9,366,6,6,15.81,No
CASE03970,Medical Negligence,Civil Law,Services-Health,Maharashtra,Pune,High,2,7,7,367,4,2,34.65,No
CASE03971,Civil Suits,Civil Law,Property-Title,Gujarat,Vadodara,Low,2,2,9,303,5,2,53,Conditional
CASE03972,Corporate & Commercial Law,Corporate Law,Director-Conflict,Tamil Nadu,Erode,Medium,2,3,7,395,10,6,32.96,No
CASE03973,Tax Law (Direct & Indirect),Administrative Law,Taxation-Property,Maharashtra,Mumbai,High,7,6,3,295,4,6,33.6,No
CASE03974,Human Rights & PIL,Constitutional Law,Fundamental Rights-Article 19,Haryana,Panipat,Medium,10,7,6,284,8,5,37,No
CASE03975,Corporate & Commercial Law,Corporate Law,Oppression-Mismanagement,Haryana,Panipat,Medium,6,4,4,302,9,2,45,Conditional
CASE03976,Bail Applications,Criminal Law,IPC-Murder,Assam,Jorhat,Low,2,8,9,353,3,5,30,No
CASE03977,Property Disputes,Property Law,Mortgage-Dispute,Gujarat,Rajkot,High,4,6,3,321,9,4,33,No
CASE03978,Motor Accident Claims,Civil Law,Torts-Motor Accident,Tamil Nadu,Tiruchirappalli,Medium,2,4,3,119,7,4,53.56,Conditional
CASE03979,Civil Suits,Civil Law,Contract-Breach,Gujarat,Jamnagar,Medium,4,1,5,172,9,6,59,Conditional
CASE03980,Company / Insolvency (NCLT-NCLAT),Corporate Law,Oppression-Mismanagement,Uttar Pradesh,Lucknow,Medium,8,2,6,196,6,3,52.44,Conditional
CASE03981,Environmental Law,Criminal Law,Environment-Pollution,Rajasthan,Bikaner,Medium,4,6,6,87,8,3,31.62,No
CASE03982,POCSO & Juvenile Justice,Criminal Law,IPC-Rape,West Bengal,Durgapur,Medium,2,2,5,205,3,5,35,No
CASE03983,Consumer Protection,Consumer Law,Products-Electronic,Uttar Pradesh,Lucknow,High,5,1,5,75,6,5,34.04,No
CASE03984,Human Rights & PIL,Constitutional Law,Fundamental Rights-Article 15,Rajasthan,Jodhpur,Medium,10,4,6,276,6,3,37.2,No
CASE03985,Labour & Employment Disputes,Labour Law,Wages-Overtime,Kerala,Kollam,Low,9,9,6,122,2,6,92.4,Yes
CASE03986,Criminal Appeals,Criminal Law,IPC-Hurt,Assam,Nagaon,Medium,8,3,7,102,10,4,49,Conditional
CASE03987,Civil Suits,Civil Law,Contract-Breach,Bihar,Muzaffarpur,Medium,6,9,6,57,1,4,55.44,Conditional
CASE03988,Insurance Claims,Consumer Law,Torts-Motor Accident,Rajasthan,Udaipur,Low,4,4,7,251,5,3,65.1,Yes
CASE03989,Medical Negligence,Civil Law,Services-Health,Punjab,Chandigarh,Low,2,5,7,309,8,5,71,Yes
CASE03990,Environmental Law,Criminal Law,Environment-Forest,Delhi,East Delhi,Medium,5,6,7,360,4,2,43.2,Conditional
CASE03991,Constitutional Law,Constitutional Law,Writ-Habeas Corpus,Bihar,Gaya,High,9,4,3,274,10,6,6.16,No
CASE03992,Anti-Corruption & Vigilance,Criminal Law,IPC-Cheating,West Bengal,Howrah,Low,2,3,3,112,6,3,44,Conditional
CASE03993,Writ Petitions,Constitutional Law,Writ-Mandamus,Maharashtra,Thane,Low,3,9,8,49,6,2,17.85,No
CASE03994,Criminal Appeals,Criminal Law,IPC-Murder,Karnataka,Davangere,Low,8,10,7,377,4,6,62.4,Yes
CASE03995,Environmental Law,Criminal Law,Environment-Forest,Maharashtra,Mumbai,Medium,6,1,3,354,2,2,43.05,Conditional
CASE03996,Consumer Protection,Consumer Law,Products-Electronic,Punjab,Patiala,Medium,4,10,8,195,5,6,46,Conditional
CASE03997,Constitutional Law,Constitutional Law,Fundamental Rights-Article 15,Rajasthan,Bikaner,High,10,9,5,240,9,5,13.95,No
CASE03998,Civil Suits,Civil Law,Contract-Breach,Uttar Pradesh,Allahabad,Low,8,6,7,372,10,4,80.04,Yes
CASE03999,Bail Applications,Criminal Law,IPC-Hurt,Bihar,Gaya,Low,5,9,9,310,8,4,33.44,No
CASE04000,Writ Petitions,Constitutional Law,Writ-Certiorari,Gujarat,Ahmedabad,High,3,9,8,377,4,4,0,No
CASE04001,POCSO & Juvenile Justice,Criminal Law,IPC-Acid Attack,Uttar Pradesh,Agra,Medium,8,4,3,81,10,3,41.4,Conditional
CASE04002,Family Disputes,Family Law,Maintenance-Spousal,Punjab,Ludhiana,Medium,4,1,5,34,9,6,71,Yes
CASE04003,Environmental Law,Criminal Law,Environment-Forest,Bihar,Bhagalpur,Medium,10,9,5,240,3,5,46.64,Conditional
CASE04004,Bail Applications,Criminal Law,IPC-Murder,Haryana,Faridabad,High,6,2,9,206,1,6,10,No
CASE04005,Tax Law (Direct & Indirect),Administrative Law,Taxation-Professional,West Bengal,Asansol,Medium,5,7,7,137,2,6,55,Conditional
CASE04006,Labour & Employment Disputes,Labour Law,Compensation-Accident,Bihar,Darbhanga,Medium,4,7,8,100,2,5,29.04,No
CASE04007,Immigration & Passport Matters,Administrative Law,Licensing,Madhya Pradesh,Gwalior,Medium,1,2,6,88,10,3,36,No
CASE04008,NI Act / Cheque Bounce,Criminal Law,IPC-Criminal Breach of Trust,West Bengal,Asansol,Low,3,6,3,287,5,6,44,Conditional
CASE04009,Criminal Appeals,Criminal Law,IPC-Murder,Kerala,Alappuzha,Medium,10,2,6,192,5,4,66,Yes
CASE04010,Human Rights & PIL,Constitutional Law,Fundamental Rights-Article 21,Assam,Tinsukia,Low,3,2,9,96,8,3,13,No
CASE04011,Medical Negligence,Civil Law,Torts-Medical Negligence,Assam,Jorhat,Low,2,3,7,135,7,3,71,Yes
CASE04012,Criminal Appeals,Criminal Law,IPC-Hurt,Kerala,Kollam,Medium,8,8,9,272,10,2,40.7,Conditional
CASE04013,Family Disputes,Family Law,Maintenance-Spousal,West Bengal,Siliguri,High,8,10,7,142,2,3,58,Conditional
CASE04014,Family Disputes,Family Law,Maintenance-Spousal,Karnataka,Mysore,Low,5,5,6,370,2,3,86.32,Yes
CASE04015,Human Rights & PIL,Constitutional Law,Fundamental Rights-Article 21,Rajasthan,Ajmer,High,10,10,8,391,3,2,0,No
CASE04016,Anti-Corruption & Vigilance,Criminal Law,IPC-Cheating,Uttar Pradesh,Meerut,Medium,5,1,4,139,6,3,34.04,No
CASE04017,Human Rights & PIL,Constitutional Law,Fundamental Rights-Article 21,Punjab,Chandigarh,Medium,6,5,4,272,2,4,19,No
CASE04018,Tax Law (Direct & Indirect),Administrative Law,Taxation-Service,Uttar Pradesh,Lucknow,Low,7,2,6,95,2,2,69.92,Yes
CASE04019,Writ Petitions,Constitutional Law,Writ-Habeas Corpus,Karnataka,Belgaum,Medium,10,3,5,41,9,2,33.28,No
CASE04020,Intellectual Property,Civil Law,Trade Mark,Delhi,North Delhi,Medium,4,7,8,97,6,2,47.52,Conditional
CASE04021,Human Rights & PIL,Constitutional Law,Fundamental Rights-Article 21,Rajasthan,Ajmer,High,7,2,3,373,1,3,4.65,No
CASE04022,Arbitration & Mediation,Corporate Law,Arbitration-Appointment,Assam,Dibrugarh,Medium,4,10,6,110,5,5,41,Conditional
CASE04023,Corporate & Commercial Law,Corporate Law,Director-Conflict,Tamil Nadu,Chennai,High,7,2,9,336,7,2,19.57,No
CASE04024,Criminal Appeals,Criminal Law,IPC-Hurt,Delhi,Central Delhi,Medium,3,10,3,32,5,5,36.72,No
CASE04025,Arbitration & Mediation,Corporate Law,Arbitration-Enforcement,Delhi,Central Delhi,Medium,3,3,3,384,1,4,47.52,Conditional
CASE04026,Corporate & Commercial Law,Corporate Law,Contract-Breach,Gujarat,Vadodara,Low,7,6,7,163,7,5,71,Yes
CASE04027,Human Rights & PIL,Constitutional Law,Fundamental Rights-Article 21,Gujarat,Vadodara,Medium,7,6,9,134,3,4,14,No
CASE04028,Corporate & Commercial Law,Corporate Law,Oppression-Mismanagement,Gujarat,Surat,High,6,4,3,224,8,4,33,No
CASE04029,Immigration & Passport Matters,Administrative Law,Service-Transfer,Kerala,Kozhikode,High,7,7,7,242,10,5,38.5,No
CASE04030,Cyber Crime & IT Act,Criminal Law,IPC-Cheating,Rajasthan,Udaipur,High,7,10,7,138,9,2,26.04,No
CASE04031,Constitutional Law,Constitutional Law,Fundamental Rights-Article 14,West Bengal,Kolkata,Low,8,4,8,82,7,2,30,No
CASE04032,Motor Accident Claims,Civil Law,Torts-Motor Accident,Uttar Pradesh,Noida,Medium,10,9,6,161,4,2,78.2,Yes
CASE04033,Arbitration & Mediation,Corporate Law,Arbitration-Enforcement,Tamil Nadu,Salem,Medium,6,5,6,394,9,2,53.56,Conditional
CASE04034,NI Act / Cheque Bounce,Criminal Law,IPC-Cheating,Haryana,Gurugram,Low,1,9,6,383,10,6,46,Conditional
CASE04035,Tax Law (Direct & Indirect),Administrative Law,Taxation-Property,Gujarat,Jamnagar,Low,10,7,3,399,3,6,85,Yes
CASE04036,Bail Applications,Criminal Law,IPC-Hurt,Gujarat,Surat,Medium,10,10,5,273,7,5,54,Conditional
CASE04037,Labour & Employment Disputes,Labour Law,Harassment-Sexual,Punjab,Amritsar,Low,6,10,3,248,6,5,71,Yes
CASE04038,Consumer Protection,Consumer Law,Services-Health,Gujarat,Vadodara,Medium,8,5,4,57,6,5,74,Yes
CASE04039,Criminal Appeals,Criminal Law,IPC-Hurt,Bihar,Patna,Medium,3,6,7,341,2,5,26.4,No
CASE04040,Property Disputes,Property Law,Mortgage-Dispute,Delhi,North Delhi,Medium,6,2,4,31,9,2,62.64,Yes
CASE04041,Consumer Protection,Consumer Law,Practices-E-commerce,Gujarat,Rajkot,Low,6,3,4,222,7,4,79,Yes
CASE04042,Medical Negligence,Civil Law,Services-Health,Maharashtra,Thane,Low,6,5,9,56,10,4,73.5,Yes
CASE04043,Cyber Crime & IT Act,Criminal Law,Cyber Crime-Phishing,Kerala,Alappuzha,Medium,1,10,7,325,9,5,29.7,No
CASE04044,Banking & Debt Recovery,Corporate Law,Corporate-Fraud,Punjab,Patiala,Medium,5,1,4,143,6,4,47,Conditional
CASE04045,Cyber Crime & IT Act,Criminal Law,Cyber Crime-Identity Theft,Gujarat,Vadodara,Medium,5,9,4,236,5,5,40,Conditional
CASE04046,Medical Negligence,Civil Law,Torts-Medical Negligence,Bihar,Patna,Low,4,4,9,303,4,2,58.96,Conditional
CASE04047,Company / Insolvency (NCLT-NCLAT),Corporate Law,Oppression-Mismanagement,Kerala,Kochi,Low,9,10,8,123,2,6,61.6,Yes
CASE04048,Human Rights & PIL,Constitutional Law,PIL-Public Interest,Delhi,South Delhi,Medium,2,6,8,270,9,4,0,No
CASE04049,Consumer Protection,Consumer Law,Products-Vehicles,West Bengal,Howrah,High,9,4,4,172,4,4,54,Conditional
CASE04050,Family Disputes,Family Law,Child Custody-Physical,West Bengal,Durgapur,Medium,10,5,6,53,9,3,82,Yes
CASE04051,Medical Negligence,Civil Law,Torts-Medical Negligence,Assam,Guwahati,Medium,9,4,3,356,6,4,82,Yes
CASE04052,Banking & Debt Recovery,Corporate Law,Insolvency,Rajasthan,Udaipur,Medium,5,6,9,387,7,5,24.18,No
CASE04053,Writ Petitions,Constitutional Law,Writ-Habeas Corpus,Rajasthan,Jaipur,Low,4,7,5,247,7,4,33.48,No
CASE04054,Environmental Law,Criminal Law,Environment-Forest,Punjab,Ludhiana,Low,6,10,3,344,4,3,56,Conditional
CASE04055,Intellectual Property,Civil Law,Copyright,Delhi,New Delhi,Medium,10,9,8,236,7,6,70.2,Yes
CASE04056,Criminal Appeals,Criminal Law,IPC-Murder,Uttar Pradesh,Meerut,Medium,5,4,5,202,1,5,34.04,No
CASE04057,POCSO & Juvenile Justice,Criminal Law,IPC-Acid Attack,Punjab,Patiala,Medium,6,2,8,319,3,3,24,No
CASE04058,Company / Insolvency (NCLT-NCLAT),Corporate Law,Insolvency,Bihar,Patna,Medium,2,8,6,131,6,3,29.04,No
CASE04059,Bail Applications,Criminal Law,IPC-Murder,Gujarat,Bhavnagar,Low,7,10,9,328,9,2,46,Conditional
CASE04060,Consumer Protection,Consumer Law,Practices-Misleading Ads,Karnataka,Gulbarga,Low,6,1,3,232,2,3,81.12,Yes
CASE04061,Civil Suits,Civil Law,Contract-Breach,Bihar,Patna,Medium,4,1,6,266,8,2,54.56,Conditional
CASE04062,Bail Applications,Criminal Law,IPC-Hurt,Maharashtra,Mumbai,Low,1,7,5,325,1,2,49.35,Conditional
CASE04063,Cyber Crime & IT Act,Criminal Law,Cyber Crime-Cyber Stalking,Gujarat,Bhavnagar,Medium,7,1,6,199,5,5,45,Conditional
CASE04064,Criminal Appeals,Criminal Law,IPC-Hurt,West Bengal,Kolkata,Medium,1,6,4,173,10,3,25,No
CASE04065,Property Disputes,Property Law,Land-Boundary,Bihar,Patna,Medium,1,5,3,64,3,4,39.6,No
CASE04066,Labour & Employment Disputes,Labour Law,Wages-Overtime,Karnataka,Davangere,Medium,4,6,3,152,3,4,57.2,Conditional
CASE04067,Tax Law (Direct & Indirect),Administrative Law,Taxation-Property,Delhi,West Delhi,Medium,10,2,4,351,5,5,70.2,Yes
CASE04068,Human Rights & PIL,Constitutional Law,Fundamental Rights-Article 14,Assam,Guwahati,Medium,7,3,7,271,4,6,25,No
CASE04069,Constitutional Law,Constitutional Law,Fundamental Rights-Article 15,Madhya Pradesh,Jabalpur,Low,6,1,3,372,10,2,40,Conditional
CASE04070,Consumer Protection,Consumer Law,Services-Health,Madhya Pradesh,Gwalior,High,1,10,3,333,1,4,30,No
CASE04071,Civil Suits,Civil Law,Property-Title,Maharashtra,Thane,Medium,2,10,8,137,8,2,40.95,Conditional
CASE04072,Labour & Employment Disputes,Labour Law,Service-Promotion,Delhi,Central Delhi,Medium,3,8,7,233,8,5,51.84,Conditional
CASE04073,Criminal Appeals,Criminal Law,IPC-Cheating,Kerala,Kollam,Medium,7,6,3,289,10,6,45.1,Conditional
CASE04074,POCSO & Juvenile Justice,Criminal Law,IPC-Rape,Madhya Pradesh,Ujjain,Medium,8,8,3,177,5,3,48,Conditional
CASE04075,Civil Suits,Civil Law,Property-Title,Kerala,Thiruvananthapuram,Medium,1,5,3,252,8,3,59.4,Conditional
CASE04076,Writ Petitions,Constitutional Law,Writ-Habeas Corpus,Tamil Nadu,Chennai,High,9,8,5,90,8,4,12.36,No
CASE04077,Criminal Appeals,Criminal Law,IPC-Cheating,Delhi,South Delhi,Medium,7,3,4,86,4,2,51.84,Conditional
CASE04078,Cyber Crime & IT Act,Criminal Law,IPC-Cheating,Rajasthan,Ajmer,Medium,6,4,3,175,8,6,43.71,Conditional
CASE04079,Company / Insolvency (NCLT-NCLAT),Corporate Law,Arbitration-Enforcement,Punjab,Bathinda,Medium,9,7,5,48,10,6,55,Conditional
CASE04080,Environmental Law,Criminal Law,Environment-Forest,Maharashtra,Navi Mumbai,Medium,10,3,7,338,9,5,63,Yes
CASE04081,Labour & Employment Disputes,Labour Law,Wages-Minimum,Uttar Pradesh,Allahabad,High,8,1,7,374,4,3,37.72,No
CASE04082,Civil Suits,Civil Law,Property-Title,Gujarat,Surat,Medium,6,8,6,164,8,5,65,Yes
CASE04083,Human Rights & PIL,Constitutional Law,Fundamental Rights-Article 19,Bihar,Muzaffarpur,High,6,5,6,341,9,4,4.4,No
CASE04084,Tax Law (Direct & Indirect),Administrative Law,Taxation-Service,Kerala,Kollam,Medium,1,6,9,331,3,5,19.8,No
CASE04085,POCSO & Juvenile Justice,Criminal Law,IPC-Rape,Assam,Silchar,Medium,1,10,6,39,8,3,28,No
CASE04086,Cyber Crime & IT Act,Criminal Law,Cyber Crime-Hacking,Karnataka,Mysore,Medium,3,7,6,129,2,2,30.16,No
CASE04087,Human Rights & PIL,Constitutional Law,Fundamental Rights-Article 21,Bihar,Bhagalpur,Medium,10,2,5,125,3,3,32.56,No
CASE04088,Family Disputes,Family Law,Child Custody-Legal,Kerala,Kollam,Low,8,3,3,116,1,3,97.9,Yes
CASE04089,POCSO & Juvenile Justice,Criminal Law,IPC-Acid Attack,Punjab,Chandigarh,High,5,6,4,295,9,4,23,No
CASE04090,Anti-Corruption & Vigilance,Criminal Law,IPC-Criminal Breach of Trust,Maharashtra,Solapur,Medium,2,1,6,133,8,5,29.4,No
CASE04091,Criminal Appeals,Criminal Law,IPC-Cheating,Madhya Pradesh,Bhopal,Low,10,10,6,123,3,4,69,Yes
CASE04092,Civil Suits,Civil Law,Contract-Breach,Punjab,Chandigarh,Low,2,7,7,210,9,2,66,Yes
CASE04093,Consumer Protection,Consumer Law,Practices-Misleading Ads,Tamil Nadu,Coimbatore,Low,8,7,9,234,7,6,65.92,Yes
CASE04094,Banking & Debt Recovery,Corporate Law,Insolvency,West Bengal,Durgapur,Medium,5,10,3,321,7,2,45,Conditional
CASE04095,Anti-Corruption & Vigilance,Criminal Law,IPC-Cheating,Assam,Jorhat,Medium,3,10,3,379,1,2,31,No
CASE04096,Family Disputes,Family Law,Inheritance-Intestate,Bihar,Patna,Medium,3,7,7,295,5,3,51.92,Conditional
CASE04097,Criminal Appeals,Criminal Law,IPC-Murder,Karnataka,Gulbarga,High,7,2,6,102,6,6,28.08,No
CASE04098,Consumer Protection,Consumer Law,Products-Electronic,Gujarat,Vadodara,Low,6,5,3,308,4,4,83,Yes
CASE04099,Corporate & Commercial Law,Corporate Law,Arbitration-Enforcement,Madhya Pradesh,Sagar,High,7,9,5,103,3,6,28,No
CASE04100,Corporate & Commercial Law,Corporate Law,Oppression-Mismanagement,Rajasthan,Jodhpur,Medium,9,4,5,254,7,3,55.8,Conditional
CASE04101,Banking & Debt Recovery,Corporate Law,Insolvency,Madhya Pradesh,Bhopal,Medium,2,2,3,324,6,3,38,No
CASE04102,Corporate & Commercial Law,Corporate Law,Arbitration-Enforcement,Assam,Dibrugarh,Medium,1,6,4,186,5,4,37,No
CASE04103,Constitutional Law,Constitutional Law,Writ-Mandamus,Punjab,Ludhiana,Low,8,10,7,157,3,2,41,Conditional
CASE04104,NI Act / Cheque Bounce,Criminal Law,IPC-Criminal Breach of Trust,Uttar Pradesh,Agra,Low,6,8,7,277,4,3,52.44,Conditional
CASE04105,Arbitration & Mediation,Corporate Law,Arbitration-Appointment,Kerala,Kollam,Medium,5,9,7,30,5,4,53.9,Conditional
CASE04106,Insurance Claims,Consumer Law,Services-Insurance,West Bengal,Kolkata,Medium,3,8,9,336,10,3,35,No
CASE04107,Tax Law (Direct & Indirect),Administrative Law,Taxation-Property,Assam,Nagaon,Medium,6,6,9,175,7,5,43,Conditional
CASE04108,Medical Negligence,Civil Law,Torts-Medical Negligence,Bihar,Patna,High,8,7,4,165,5,4,51.04,Conditional
CASE04109,Anti-Corruption & Vigilance,Criminal Law,IPC-Criminal Breach of Trust,Haryana,Rohtak,Low,7,10,4,96,4,5,57,Conditional
CASE04110,Intellectual Property,Civil Law,Trade Mark,Haryana,Panipat,Medium,5,4,5,317,2,6,62,Yes
CASE04111,Civil Suits,Civil Law,Contract-Breach,Tamil Nadu,Vellore,Medium,9,9,4,134,1,5,76.22,Yes
CASE04112,Family Disputes,Family Law,Domestic Violence-Physical,Rajasthan,Jodhpur,Medium,9,3,8,128,8,4,63.24,Yes
CASE04113,Cyber Crime & IT Act,Criminal Law,Cyber Crime-Cyber Stalking,Haryana,Ambala,Medium,4,5,3,48,5,3,39,No
CASE04114,Anti-Corruption & Vigilance,Criminal Law,IPC-Cheating,Rajasthan,Ajmer,High,2,8,4,284,3,4,8.37,No
CASE04115,POCSO & Juvenile Justice,Criminal Law,IPC-Gang Rape,Delhi,West Delhi,Low,1,4,4,119,9,5,49.68,Conditional
CASE04116,Human Rights & PIL,Constitutional Law,Fundamental Rights-Article 21,Madhya Pradesh,Sagar,Low,8,3,6,233,8,4,45,Conditional
CASE04117,Tax Law (Direct & Indirect),Administrative Law,Taxation-Property,West Bengal,Durgapur,Low,9,2,4,203,5,3,81,Yes
CASE04118,Criminal Appeals,Criminal Law,IPC-Cheating,Assam,Guwahati,Medium,6,3,9,141,5,3,30,No
CASE04119,NI Act / Cheque Bounce,Criminal Law,IPC-Cheating,Rajasthan,Bikaner,High,1,1,4,384,8,2,4.65,No
CASE04120,Arbitration & Mediation,Corporate Law,Arbitration-Challenge,Tamil Nadu,Vellore,Low,8,4,9,254,6,2,50.47,Conditional
CASE04121,POCSO & Juvenile Justice,Criminal Law,IPC-Gang Rape,Gujarat,Ahmedabad,Medium,9,1,4,182,3,4,52,Conditional
CASE04122,Corporate & Commercial Law,Corporate Law,Contract-Breach,Kerala,Kollam,Medium,1,5,6,142,3,4,41.8,Conditional
CASE04123,Insurance Claims,Consumer Law,Torts-Motor Accident,Punjab,Jalandhar,Low,7,3,9,216,2,2,67,Yes
CASE04124,Writ Petitions,Constitutional Law,Writ-Prohibition,Punjab,Ludhiana,High,7,6,3,369,10,2,9,No
CASE04125,Intellectual Property,Civil Law,Copyright,Karnataka,Mangalore,Medium,8,2,7,358,9,3,71.76,Yes
CASE04126,POCSO & Juvenile Justice,Criminal Law,IPC-Gang Rape,West Bengal,Kolkata,Medium,3,7,7,97,4,2,33,No
CASE04127,POCSO & Juvenile Justice,Criminal Law,IPC-Acid Attack,Uttar Pradesh,Allahabad,Low,8,5,9,360,8,6,41.4,Conditional
CASE04128,Bail Applications,Criminal Law,IPC-Hurt,Uttar Pradesh,Meerut,Low,7,6,5,89,5,6,53.36,Conditional
CASE04129,Writ Petitions,Constitutional Law,Writ-Quo Warranto,Punjab,Chandigarh,Medium,3,9,6,208,10,4,9,No
CASE04130,Banking & Debt Recovery,Corporate Law,Corporate-Fraud,Kerala,Thiruvananthapuram,Low,2,10,3,235,7,4,61.6,Yes
CASE04131,Cyber Crime & IT Act,Criminal Law,Cyber Crime-Hacking,Kerala,Kozhikode,Medium,1,7,5,395,2,5,30.8,No
CASE04132,Corporate & Commercial Law,Corporate Law,Contract-Breach,Bihar,Gaya,Low,9,3,7,268,2,6,59.84,Conditional
CASE04133,Consumer Protection,Consumer Law,Services-Travel,Rajasthan,Jaipur,Medium,6,2,5,122,4,6,59.52,Conditional
CASE04134,Real Estate & RERA,Property Law,Housing-Society,Uttar Pradesh,Ghaziabad,Low,5,5,4,99,5,2,66.24,Yes
CASE04135,Insurance Claims,Consumer Law,Services-Insurance,Punjab,Patiala,Medium,10,1,7,175,9,5,78,Yes
CASE04136,Insurance Claims,Consumer Law,Services-Insurance,Assam,Nagaon,Medium,8,8,7,186,5,4,71,Yes
CASE04137,Intellectual Property,Civil Law,Design,Kerala,Kochi,High,1,10,5,338,10,6,31.9,No
CASE04138,POCSO & Juvenile Justice,Criminal Law,IPC-Acid Attack,West Bengal,Howrah,Low,7,9,4,210,3,3,62,Yes
CASE04139,Consumer Protection,Consumer Law,Services-Travel,Bihar,Muzaffarpur,High,7,1,6,184,9,4,42.24,Conditional
CASE04140,Corporate & Commercial Law,Corporate Law,Director-Conflict,Maharashtra,Navi Mumbai,Medium,7,2,3,272,9,4,50.4,Conditional
CASE04141,Consumer Protection,Consumer Law,Products-Electronic,Tamil Nadu,Chennai,Low,1,1,5,298,5,4,65.92,Yes
CASE04142,Environmental Law,Criminal Law,Environment-Forest,Maharashtra,Aurangabad,Medium,6,1,5,256,6,2,45.15,Conditional
CASE04143,NI Act / Cheque Bounce,Criminal Law,IPC-Criminal Breach of Trust,Haryana,Hisar,Medium,7,1,4,64,9,6,50,Conditional
CASE04144,Intellectual Property,Civil Law,Geographical Indication,Madhya Pradesh,Gwalior,High,5,7,4,45,4,6,44,Conditional
CASE04145,Environmental Law,Criminal Law,Environment-Pollution,Delhi,East Delhi,High,10,1,6,199,9,6,41.04,Conditional
CASE04146,Cyber Crime & IT Act,Criminal Law,Cyber Crime-Phishing,Madhya Pradesh,Jabalpur,Medium,2,6,4,342,10,6,30,No
CASE04147,Corporate & Commercial Law,Corporate Law,Director-Conflict,Kerala,Alappuzha,High,6,9,9,105,7,3,18.7,No
CASE04148,Family Disputes,Family Law,Inheritance-Intestate,Punjab,Amritsar,High,3,5,5,277,2,6,49,Conditional
CASE04149,Family Disputes,Family Law,Maintenance-Spousal,Kerala,Alappuzha,Low,3,1,8,380,8,5,69.3,Yes
CASE04150,Constitutional Law,Constitutional Law,Writ-Habeas Corpus,Tamil Nadu,Tirunelveli,Medium,8,4,5,276,1,3,31.93,No
CASE04151,Environmental Law,Criminal Law,Environment-Forest,Punjab,Amritsar,Low,5,5,4,254,2,3,59,Conditional
CASE04152,Civil Suits,Civil Law,Contract-Breach,Madhya Pradesh,Ujjain,High,5,1,8,325,6,5,26,No
CASE04153,Property Disputes,Property Law,Land-Boundary,Assam,Dibrugarh,Medium,9,5,5,320,1,4,66,Yes
CASE04154,Arbitration & Mediation,Corporate Law,Arbitration-Enforcement,Punjab,Amritsar,Medium,3,10,6,383,8,3,37,No
CASE04155,Human Rights & PIL,Constitutional Law,PIL-Public Interest,Assam,Silchar,Low,8,5,6,201,2,5,46,Conditional
CASE04156,Motor Accident Claims,Civil Law,Torts-Motor Accident,Delhi,West Delhi,High,3,9,8,218,5,3,20.52,No
CASE04157,Bail Applications,Criminal Law,IPC-Murder,Bihar,Gaya,High,9,6,6,393,10,6,29.92,No
CASE04158,Cyber Crime & IT Act,Criminal Law,Cyber Crime-Phishing,Uttar Pradesh,Allahabad,High,7,1,7,231,7,4,22.08,No
CASE04159,Corporate & Commercial Law,Corporate Law,Director-Conflict,Delhi,North Delhi,Medium,10,6,4,108,2,6,70.2,Yes
CASE04160,Arbitration & Mediation,Corporate Law,Arbitration-Challenge,Rajasthan,Bikaner,Medium,4,8,8,43,9,3,27.9,No
CASE04161,Family Disputes,Family Law,Divorce-Contested,Punjab,Jalandhar,Medium,7,6,6,250,4,3,71,Yes
CASE04162,POCSO & Juvenile Justice,Criminal Law,IPC-Gang Rape,Karnataka,Mysore,Low,1,7,6,111,10,5,41.6,Conditional
CASE04163,Constitutional Law,Constitutional Law,Writ-Habeas Corpus,Kerala,Kozhikode,Medium,2,9,8,182,5,6,0,No
CASE04164,Anti-Corruption & Vigilance,Criminal Law,IPC-Criminal Breach of Trust,Haryana,Ambala,Medium,7,4,7,38,4,2,42,Conditional
CASE04165,Anti-Corruption & Vigilance,Criminal Law,IPC-Criminal Breach of Trust,Karnataka,Hubli,Medium,5,7,5,30,8,6,38.48,No
CASE04166,Anti-Corruption & Vigilance,Criminal Law,IPC-Cheating,Rajasthan,Ajmer,Medium,5,8,7,126,2,3,38.13,No
CASE04167,Banking & Debt Recovery,Corporate Law,Corporate-Fraud,Haryana,Gurugram,High,9,4,3,50,3,2,37,No
CASE04168,Insurance Claims,Consumer Law,Services-Insurance,Karnataka,Belgaum,Low,5,4,4,306,6,5,76.96,Yes
CASE04169,Insurance Claims,Consumer Law,Torts-Motor Accident,Delhi,West Delhi,High,10,8,7,144,5,5,61.56,Yes
CASE04170,Company / Insolvency (NCLT-NCLAT),Corporate Law,Arbitration-Enforcement,Uttar Pradesh,Varanasi,High,9,4,5,89,4,6,31.28,No
CASE04171,Labour & Employment Disputes,Labour Law,Wages-Minimum,Kerala,Thrissur,Low,5,1,7,239,2,6,71.5,Yes
CASE04172,Immigration & Passport Matters,Administrative Law,Service-Transfer,West Bengal,Hooghly,Medium,1,5,9,317,6,5,19,No
CASE04173,Banking & Debt Recovery,Corporate Law,Insolvency,West Bengal,Durgapur,Medium,4,1,3,372,10,2,41,Conditional
CASE04174,Company / Insolvency (NCLT-NCLAT),Corporate Law,Oppression-Mismanagement,Rajasthan,Bikaner,Medium,2,6,9,208,5,5,16.74,No
CASE04175,Immigration & Passport Matters,Administrative Law,Service-Transfer,Madhya Pradesh,Sagar,Medium,8,1,7,129,3,3,64,Yes
CASE04176,Immigration & Passport Matters,Administrative Law,Licensing,Maharashtra,Solapur,Medium,2,8,5,138,3,2,38.85,No
CASE04177,Family Disputes,Family Law,Child Custody-Physical,Gujarat,Vadodara,High,7,6,5,161,1,3,55,Conditional
CASE04178,Tax Law (Direct & Indirect),Administrative Law,Taxation-Service,Tamil Nadu,Vellore,Medium,6,6,7,233,2,4,59.74,Conditional
CASE04179,Family Disputes,Family Law,Inheritance-Intestate,Bihar,Darbhanga,Medium,10,5,6,188,2,3,71.28,Yes
CASE04180,Family Disputes,Family Law,Divorce-Contested,Madhya Pradesh,Bhopal,High,10,8,4,273,6,5,63,Yes
CASE04181,Corporate & Commercial Law,Corporate Law,Director-Conflict,Bihar,Munger,Medium,8,3,3,158,10,5,51.92,Conditional
CASE04182,NI Act / Cheque Bounce,Criminal Law,IPC-Cheating,Gujarat,Surat,Medium,1,2,6,112,8,2,33,No
CASE04183,Writ Petitions,Constitutional Law,Writ-Habeas Corpus,Delhi,West Delhi,Medium,6,7,6,300,10,4,28.08,No
CASE04184,NI Act / Cheque Bounce,Criminal Law,IPC-Cheating,Maharashtra,Aurangabad,Medium,5,3,5,375,2,4,45.15,Conditional
CASE04185,Anti-Corruption & Vigilance,Criminal Law,IPC-Cheating,Punjab,Chandigarh,High,6,1,5,207,9,4,24,No
CASE04186,Medical Negligence,Civil Law,Services-Health,Gujarat,Rajkot,Medium,2,2,6,318,8,6,53,Conditional
CASE04187,Medical Negligence,Civil Law,Services-Health,Maharashtra,Nashik,Medium,4,4,3,332,2,2,59.85,Conditional
CASE04188,Family Disputes,Family Law,Maintenance-Spousal,Karnataka,Gulbarga,High,10,6,3,116,2,5,64.48,Yes
CASE04189,Writ Petitions,Constitutional Law,Writ-Prohibition,Maharashtra,Pune,Low,3,7,9,273,7,6,13.65,No
CASE04190,POCSO & Juvenile Justice,Criminal Law,IPC-Acid Attack,Madhya Pradesh,Indore,Low,6,1,5,267,9,6,53,Conditional
CASE04191,Medical Negligence,Civil Law,Services-Health,Assam,Dibrugarh,Medium,9,8,6,340,5,4,73,Yes
CASE04192,Banking & Debt Recovery,Corporate Law,Corporate-Fraud,Haryana,Ambala,Low,9,1,8,358,2,6,53,Conditional
CASE04193,Immigration & Passport Matters,Administrative Law,Service-Transfer,Uttar Pradesh,Kanpur,Medium,9,2,5,356,6,5,57.96,Conditional
CASE04194,Motor Accident Claims,Civil Law,Torts-Motor Accident,Haryana,Ambala,Low,10,5,8,65,10,3,80,Yes
CASE04195,Anti-Corruption & Vigilance,Criminal Law,IPC-Cheating,Assam,Tinsukia,Medium,4,6,8,81,5,5,23,No
CASE04196,Consumer Protection,Consumer Law,Practices-E-commerce,Punjab,Patiala,Low,4,10,6,198,5,4,69,Yes
CASE04197,NI Act / Cheque Bounce,Criminal Law,IPC-Criminal Breach of Trust,Haryana,Ambala,Medium,8,10,9,224,7,2,37,No
CASE04198,Corporate & Commercial Law,Corporate Law,Arbitration-Challenge,Haryana,Faridabad,Low,6,9,6,226,6,2,65,Yes
CASE04199,Anti-Corruption & Vigilance,Criminal Law,IPC-Cheating,Gujarat,Rajkot,Low,10,1,8,250,3,6,54,Conditional
CASE04200,Arbitration & Mediation,Corporate Law,Arbitration-Enforcement,Delhi,Central Delhi,Low,9,9,4,290,3,5,76.68,Yes
CASE04201,Real Estate & RERA,Property Law,Lease-Residential,Bihar,Gaya,High,9,8,9,370,8,3,26.4,No
CASE04202,Property Disputes,Property Law,Building-Construction,Assam,Dibrugarh,Medium,1,8,8,77,5,4,32,No
CASE04203,Tax Law (Direct & Indirect),Administrative Law,Taxation-Property,West Bengal,Siliguri,Medium,4,1,4,227,10,4,51,Conditional
CASE04204,Medical Negligence,Civil Law,Torts-Medical Negligence,Haryana,Hisar,Medium,6,1,4,156,2,2,63,Yes
CASE04205,Consumer Protection,Consumer Law,Practices-Misleading Ads,Gujarat,Ahmedabad,Low,4,6,9,249,3,3,57,Conditional
CASE04206,Cyber Crime & IT Act,Criminal Law,Cyber Crime-Identity Theft,Punjab,Patiala,Low,10,6,4,226,2,5,71,Yes
CASE04207,Immigration & Passport Matters,Administrative Law,Service-Transfer,Bihar,Gaya,Low,1,10,6,170,10,5,50.16,Conditional
CASE04208,POCSO & Juvenile Justice,Criminal Law,IPC-Acid Attack,Karnataka,Davangere,Low,9,7,3,219,3,4,66.56,Yes
CASE04209,Arbitration & Mediation,Corporate Law,Arbitration-Enforcement,Maharashtra,Nashik,Medium,7,6,3,121,10,3,52.5,Conditional
CASE04210,Consumer Protection,Consumer Law,Services-Travel,Haryana,Faridabad,High,10,4,7,291,3,5,50,Conditional
CASE04211,Bail Applications,Criminal Law,IPC-Murder,Punjab,Bathinda,High,5,6,8,210,7,5,2,No
CASE04212,POCSO & Juvenile Justice,Criminal Law,IPC-Gang Rape,Punjab,Chandigarh,Medium,6,9,6,141,9,5,45,Conditional
CASE04213,Cyber Crime & IT Act,Criminal Law,Cyber Crime-Phishing,Maharashtra,Mumbai,Medium,5,1,6,124,8,6,36.75,No
CASE04214,NI Act / Cheque Bounce,Criminal Law,IPC-Criminal Breach of Trust,Gujarat,Vadodara,Low,10,10,3,235,9,6,71,Yes
CASE04215,Consumer Protection,Consumer Law,Services-Health,Maharashtra,Nagpur,Low,2,9,4,190,6,6,68.25,Yes
CASE04216,Insurance Claims,Consumer Law,Torts-Motor Accident,Madhya Pradesh,Indore,High,7,10,8,277,4,5,34,No
CASE04217,Medical Negligence,Civil Law,Services-Health,Kerala,Thrissur,Low,2,4,3,182,5,2,81.4,Yes
CASE04218,Consumer Protection,Consumer Law,Services-Travel,Madhya Pradesh,Ujjain,Medium,7,3,5,230,4,4,61,Yes
CASE04219,Real Estate & RERA,Property Law,Building-Construction,Kerala,Kozhikode,High,7,9,5,354,4,5,39.6,No
CASE04220,Writ Petitions,Constitutional Law,Writ-Prohibition,Tamil Nadu,Tiruchirappalli,Medium,10,9,9,381,6,5,15.45,No
CASE04221,NI Act / Cheque Bounce,Criminal Law,IPC-Criminal Breach of Trust,Haryana,Faridabad,Medium,2,8,5,132,3,5,32,No
CASE04222,Insurance Claims,Consumer Law,Services-Insurance,Tamil Nadu,Erode,Medium,4,3,6,32,2,6,62.83,Yes
CASE04223,Human Rights & PIL,Constitutional Law,Fundamental Rights-Article 14,Assam,Jorhat,Medium,8,3,8,36,2,5,13,No
CASE04224,Banking & Debt Recovery,Corporate Law,Insolvency,Maharashtra,Nagpur,Medium,3,7,5,232,8,6,42,Conditional
CASE04225,Writ Petitions,Constitutional Law,Writ-Mandamus,West Bengal,Asansol,Medium,10,3,9,192,10,2,17,No
CASE04226,Civil Suits,Civil Law,Contract-Breach,Punjab,Amritsar,Medium,7,8,7,150,7,3,68,Yes
CASE04227,Cyber Crime & IT Act,Criminal Law,Cyber Crime-Cyber Stalking,Rajasthan,Jaipur,Medium,8,1,7,319,1,4,43.71,Conditional
CASE04228,POCSO & Juvenile Justice,Criminal Law,IPC-Acid Attack,Maharashtra,Thane,Medium,2,7,9,349,2,6,15.75,No
CASE04229,POCSO & Juvenile Justice,Criminal Law,IPC-Rape,West Bengal,Howrah,Low,10,2,7,275,8,4,74,Yes
CASE04230,Family Disputes,Family Law,Divorce-Contested,Delhi,West Delhi,High,3,7,7,70,2,3,50.76,Conditional
CASE04231,POCSO & Juvenile Justice,Criminal Law,IPC-Gang Rape,Tamil Nadu,Salem,Low,9,10,8,189,9,2,52.53,Conditional
CASE04232,Writ Petitions,Constitutional Law,Writ-Quo Warranto,Haryana,Ambala,Medium,9,3,6,32,1,4,37,No
CASE04233,Motor Accident Claims,Civil Law,Torts-Motor Accident,Rajasthan,Kota,Low,9,9,4,379,7,5,87.42,Yes
CASE04234,Family Disputes,Family Law,Domestic Violence-Physical,Kerala,Alappuzha,Low,9,8,8,165,6,3,90.2,Yes
CASE04235,Cyber Crime & IT Act,Criminal Law,Cyber Crime-Hacking,Maharashtra,Mumbai,High,5,6,5,269,3,3,23.1,No
CASE04236,Criminal Appeals,Criminal Law,IPC-Murder,Karnataka,Belgaum,High,10,8,7,243,8,4,38.48,No
CASE04237,Banking & Debt Recovery,Corporate Law,Contract-Breach,Uttar Pradesh,Lucknow,Low,5,5,9,271,9,3,44.16,Conditional
CASE04238,Insurance Claims,Consumer Law,Torts-Motor Accident,Uttar Pradesh,Meerut,Low,2,1,6,333,7,2,65.32,Yes
CASE04239,Intellectual Property,Civil Law,Copyright,Delhi,North Delhi,Medium,2,7,6,251,2,6,62.64,Yes
CASE04240,Family Disputes,Family Law,Inheritance-Intestate,Gujarat,Jamnagar,Medium,7,7,9,278,4,4,62,Yes
CASE04241,Criminal Appeals,Criminal Law,IPC-Cheating,Delhi,West Delhi,Low,9,5,8,351,10,3,60.48,Yes
CASE04242,Corporate & Commercial Law,Corporate Law,Shareholder-Issues,West Bengal,Hooghly,Medium,7,8,9,294,1,6,34,No
CASE04243,Criminal Appeals,Criminal Law,IPC-Murder,Maharashtra,Nagpur,Medium,2,1,7,57,1,2,36.75,No
CASE04244,Labour & Employment Disputes,Labour Law,Termination-Wrongful,Madhya Pradesh,Gwalior,Medium,8,9,3,297,7,5,67,Yes
CASE04245,Constitutional Law,Constitutional Law,Writ-Habeas Corpus,Uttar Pradesh,Meerut,Low,9,4,3,134,9,2,47.84,Conditional
CASE04246,Environmental Law,Criminal Law,Environment-Forest,Delhi,Central Delhi,Medium,3,1,5,255,2,2,37.8,No
CASE04247,POCSO & Juvenile Justice,Criminal Law,IPC-Gang Rape,Tamil Nadu,Madurai,Low,10,6,6,332,4,2,76.22,Yes
CASE04248,Medical Negligence,Civil Law,Torts-Medical Negligence,Punjab,Chandigarh,Medium,3,2,4,213,2,2,59,Conditional
CASE04249,Immigration & Passport Matters,Administrative Law,Service-Transfer,West Bengal,Asansol,Medium,7,1,7,96,6,6,53,Conditional
CASE04250,POCSO & Juvenile Justice,Criminal Law,IPC-Acid Attack,Bihar,Munger,Medium,2,7,8,257,3,4,18.48,No
CASE04251,Constitutional Law,Constitutional Law,Fundamental Rights-Article 15,Maharashtra,Navi Mumbai,Medium,8,7,9,259,9,4,12.6,No
CASE04252,Insurance Claims,Consumer Law,Services-Insurance,West Bengal,Hooghly,Low,8,5,4,99,6,3,82,Yes
CASE04253,POCSO & Juvenile Justice,Criminal Law,IPC-Rape,Madhya Pradesh,Jabalpur,High,10,8,3,311,6,3,40,Conditional
CASE04254,Consumer Protection,Consumer Law,Products-Electronic,Delhi,North Delhi,High,10,1,9,40,1,3,37.8,No
CASE04255,Motor Accident Claims,Civil Law,Torts-Motor Accident,Gujarat,Jamnagar,Low,1,3,3,385,9,5,67,Yes
CASE04256,Environmental Law,Criminal Law,Environment-Forest,Maharashtra,Thane,Medium,5,4,3,269,6,2,45.15,Conditional
CASE04257,Intellectual Property,Civil Law,Design,West Bengal,Asansol,High,4,6,9,240,4,6,26,No
CASE04258,Human Rights & PIL,Constitutional Law,Fundamental Rights-Article 19,Uttar Pradesh,Varanasi,High,5,10,6,247,8,6,4.6,No
CASE04259,Family Disputes,Family Law,Inheritance-Intestate,Gujarat,Bhavnagar,Medium,7,4,8,56,6,3,64,Yes
CASE04260,Arbitration & Mediation,Corporate Law,Arbitration-Enforcement,Maharashtra,Mumbai,High,10,7,8,178,1,5,29.4,No
CASE04261,Real Estate & RERA,Property Law,Lease-Commercial,Uttar Pradesh,Noida,Low,9,5,3,390,8,6,80.04,Yes
CASE04262,Criminal Appeals,Criminal Law,IPC-Murder,Karnataka,Davangere,Medium,9,4,5,400,7,2,59.28,Conditional
CASE04263,Tax Law (Direct & Indirect),Administrative Law,Taxation-Service,Madhya Pradesh,Sagar,High,4,10,6,211,4,6,25,No
CASE04264,Insurance Claims,Consumer Law,Services-Insurance,Uttar Pradesh,Ghaziabad,High,4,5,6,103,5,4,34.04,No
CASE04265,Corporate & Commercial Law,Corporate Law,Arbitration-Enforcement,Delhi,New Delhi,Low,1,8,6,391,3,2,50.76,Conditional
CASE04266,Insurance Claims,Consumer Law,Torts-Motor Accident,Tamil Nadu,Vellore,Medium,2,9,5,231,3,6,50.47,Conditional
CASE04267,Corporate & Commercial Law,Corporate Law,Arbitration-Challenge,Gujarat,Jamnagar,Low,4,5,7,154,8,3,53,Conditional
CASE04268,Motor Accident Claims,Civil Law,Torts-Motor Accident,Tamil Nadu,Madurai,Medium,9,10,7,41,1,4,75.19,Yes
CASE04269,Immigration & Passport Matters,Administrative Law,Service-Transfer,Madhya Pradesh,Gwalior,Medium,1,2,7,86,5,4,39,No
CASE04270,Banking & Debt Recovery,Corporate Law,Corporate-Fraud,Karnataka,Mysore,High,7,2,7,274,7,2,32.24,No
CASE04271,Bail Applications,Criminal Law,IPC-Hurt,Madhya Pradesh,Ujjain,Medium,7,1,8,146,3,5,30,No
CASE04272,Anti-Corruption & Vigilance,Criminal Law,IPC-Criminal Breach of Trust,Kerala,Thrissur,High,6,5,9,304,8,2,6.6,No
CASE04273,Consumer Protection,Consumer Law,Services-Health,Madhya Pradesh,Bhopal,High,8,8,8,242,6,3,38,No
CASE04274,POCSO & Juvenile Justice,Criminal Law,IPC-Gang Rape,Haryana,Hisar,High,2,7,3,119,10,4,9,No
CASE04275,Bail Applications,Criminal Law,IPC-Murder,West Bengal,Siliguri,Medium,5,10,8,246,2,4,23,No
CASE04276,NI Act / Cheque Bounce,Criminal Law,IPC-Criminal Breach of Trust,Haryana,Faridabad,Low,6,9,8,185,2,3,41,Conditional
CASE04277,Intellectual Property,Civil Law,Design,Kerala,Kochi,Low,7,4,7,187,8,4,90.2,Yes
CASE04278,Medical Negligence,Civil Law,Torts-Medical Negligence,Haryana,Hisar,High,3,1,7,386,5,2,41,Conditional
CASE04279,Consumer Protection,Consumer Law,Practices-Misleading Ads,Madhya Pradesh,Sagar,High,10,2,5,125,6,4,57,Conditional
CASE04280,Consumer Protection,Consumer Law,Services-Health,Tamil Nadu,Tiruchirappalli,Medium,5,7,3,69,7,2,58.71,Conditional
CASE04281,Motor Accident Claims,Civil Law,Torts-Motor Accident,Madhya Pradesh,Jabalpur,High,7,9,3,76,4,2,48,Conditional
CASE04282,Insurance Claims,Consumer Law,Services-Insurance,Punjab,Ludhiana,Low,8,2,6,162,7,4,89,Yes
CASE04283,POCSO & Juvenile Justice,Criminal Law,IPC-Rape,Tamil Nadu,Tirunelveli,Medium,8,6,6,343,3,4,54.59,Conditional
CASE04284,Tax Law (Direct & Indirect),Administrative Law,Taxation-Service,Rajasthan,Kota,Medium,10,7,4,143,2,3,58.59,Conditional
CASE04285,POCSO & Juvenile Justice,Criminal Law,IPC-Gang Rape,Tamil Nadu,Madurai,High,2,2,9,87,6,3,0,No
CASE04286,Environmental Law,Criminal Law,Environment-Pollution,Punjab,Ludhiana,Medium,2,2,5,271,10,2,35,No
CASE04287,Tax Law (Direct & Indirect),Administrative Law,Taxation-Professional,West Bengal,Durgapur,Medium,1,2,7,220,9,6,40,Conditional
CASE04288,Consumer Protection,Consumer Law,Practices-E-commerce,Tamil Nadu,Erode,Medium,8,3,7,72,7,6,66.95,Yes
CASE04289,Writ Petitions,Constitutional Law,Writ-Mandamus,Delhi,North Delhi,Medium,4,6,9,232,10,2,2.16,No
CASE04290,Company / Insolvency (NCLT-NCLAT),Corporate Law,Oppression-Mismanagement,Punjab,Amritsar,Medium,5,3,9,49,4,5,27,No
CASE04291,Motor Accident Claims,Civil Law,Torts-Motor Accident,Uttar Pradesh,Allahabad,Low,2,3,8,257,2,5,50.6,Conditional
CASE04292,Cyber Crime & IT Act,Criminal Law,Cyber Crime-Identity Theft,Haryana,Rohtak,Medium,8,4,5,158,3,6,44,Conditional
CASE04293,Consumer Protection,Consumer Law,Practices-E-commerce,Rajasthan,Jaipur,Low,2,1,5,164,8,6,62.31,Yes
CASE04294,Writ Petitions,Constitutional Law,Writ-Prohibition,Punjab,Amritsar,Medium,2,8,7,286,9,3,13,No
CASE04295,NI Act / Cheque Bounce,Criminal Law,IPC-Criminal Breach of Trust,Delhi,West Delhi,Low,7,5,6,353,3,6,65.88,Yes
CASE04296,Tax Law (Direct & Indirect),Administrative Law,Taxation-Service,Madhya Pradesh,Bhopal,Medium,1,3,9,182,2,4,19,No
CASE04297,Insurance Claims,Consumer Law,Services-Insurance,Karnataka,Davangere,Medium,9,2,9,215,5,6,57.2,Conditional
CASE04298,Insurance Claims,Consumer Law,Services-Insurance,Gujarat,Bhavnagar,Low,1,8,9,74,1,3,46,Conditional
CASE04299,Family Disputes,Family Law,Domestic Violence-Physical,Delhi,West Delhi,Medium,6,10,3,367,5,5,74.52,Yes
CASE04300,Real Estate & RERA,Property Law,Lease-Commercial,Bihar,Darbhanga,Medium,2,3,5,207,8,3,40.48,Conditional
CASE04301,Company / Insolvency (NCLT-NCLAT),Corporate Law,Insolvency,Assam,Tinsukia,Medium,9,10,8,110,9,2,40,Conditional
CASE04302,Consumer Protection,Consumer Law,Practices-E-commerce,Delhi,New Delhi,Low,8,9,4,184,1,5,91.8,Yes
CASE04303,Bail Applications,Criminal Law,IPC-Hurt,West Bengal,Hooghly,Low,10,3,5,376,7,5,66,Yes
CASE04304,Civil Suits,Civil Law,Contract-Breach,Uttar Pradesh,Agra,Medium,1,4,6,358,4,4,47.84,Conditional
CASE04305,Constitutional Law,Constitutional Law,Writ-Mandamus,Kerala,Alappuzha,Medium,9,3,6,290,3,3,33,No
CASE04306,Cyber Crime & IT Act,Criminal Law,Cyber Crime-Cyber Stalking,Uttar Pradesh,Kanpur,Medium,5,7,9,124,9,3,25.76,No
CASE04307,Corporate & Commercial Law,Corporate Law,Arbitration-Enforcement,Tamil Nadu,Salem,High,7,4,5,312,8,5,27.81,No
CASE04308,Property Disputes,Property Law,Mortgage-Dispute,Haryana,Gurugram,High,4,3,6,58,2,6,36,No
CASE04309,Criminal Appeals,Criminal Law,IPC-Murder,Haryana,Panipat,Medium,6,3,8,275,3,5,23,No
CASE04310,Writ Petitions,Constitutional Law,Writ-Certiorari,Kerala,Alappuzha,Medium,9,1,9,70,4,6,15.4,No
CASE04311,Criminal Appeals,Criminal Law,IPC-Hurt,Kerala,Thrissur,Medium,7,2,9,330,9,2,39.6,No
CASE04312,Medical Negligence,Civil Law,Services-Health,West Bengal,Durgapur,Low,4,8,8,269,7,6,62,Yes
CASE04313,Company / Insolvency (NCLT-NCLAT),Corporate Law,Insolvency,Uttar Pradesh,Noida,Medium,4,2,7,254,3,3,40.48,Conditional
CASE04314,Bail Applications,Criminal Law,IPC-Assault,Assam,Nagaon,Low,1,3,5,55,2,2,42,Conditional
CASE04315,Family Disputes,Family Law,Divorce-Mutual Consent,Maharashtra,Amravati,Medium,10,1,8,62,10,4,71.4,Yes
CASE04316,Writ Petitions,Constitutional Law,Writ-Certiorari,Bihar,Muzaffarpur,Low,10,3,9,282,6,4,31.68,No
CASE04317,Consumer Protection,Consumer Law,Services-Travel,Rajasthan,Kota,Medium,10,4,8,161,4,2,53.94,Conditional
CASE04318,Civil Suits,Civil Law,Contract-Breach,Madhya Pradesh,Ujjain,Medium,2,5,3,267,4,3,51,Conditional
CASE04319,POCSO & Juvenile Justice,Criminal Law,IPC-Gang Rape,Rajasthan,Kota,Low,2,1,9,241,2,4,24.18,No
CASE04320,Writ Petitions,Constitutional Law,Writ-Prohibition,Haryana,Ambala,Low,2,1,8,391,3,3,8,No
CASE04321,Bail Applications,Criminal Law,IPC-Murder,Kerala,Alappuzha,Medium,3,2,8,101,8,3,18.7,No
CASE04322,Anti-Corruption & Vigilance,Criminal Law,IPC-Cheating,Tamil Nadu,Salem,Low,5,2,7,354,2,6,56.65,Conditional
CASE04323,Family Disputes,Family Law,Child Custody-Legal,Assam,Dibrugarh,Low,10,5,3,383,7,3,100,Yes
CASE04324,Criminal Appeals,Criminal Law,IPC-Hurt,Punjab,Bathinda,Low,2,4,4,66,3,3,45,Conditional
CASE04325,Writ Petitions,Constitutional Law,Writ-Certiorari,Delhi,East Delhi,Low,1,2,9,54,3,3,7.56,No
CASE04326,Arbitration & Mediation,Corporate Law,Arbitration-Appointment,Uttar Pradesh,Meerut,Low,10,10,8,111,9,2,52.44,Conditional
CASE04327,Criminal Appeals,Criminal Law,IPC-Murder,Maharashtra,Aurangabad,Medium,3,1,7,352,8,6,34.65,No
CASE04328,POCSO & Juvenile Justice,Criminal Law,IPC-Rape,Punjab,Patiala,Medium,4,2,6,63,5,5,32,No
CASE04329,POCSO & Juvenile Justice,Criminal Law,IPC-Acid Attack,Delhi,New Delhi,Low,7,8,9,215,4,2,44.28,Conditional
CASE04330,Criminal Appeals,Criminal Law,IPC-Cheating,Haryana,Hisar,High,1,7,5,88,1,5,10,No
CASE04331,Real Estate & RERA,Property Law,Lease-Residential,West Bengal,Siliguri,Medium,4,4,3,199,2,4,47,Conditional
CASE04332,Family Disputes,Family Law,Inheritance-Intestate,Punjab,Jalandhar,High,6,3,4,47,2,4,57,Conditional
CASE04333,Criminal Appeals,Criminal Law,IPC-Murder,Assam,Guwahati,Low,3,3,5,194,10,5,48,Conditional
CASE04334,Bail Applications,Criminal Law,IPC-Assault,Delhi,South Delhi,High,9,1,3,333,7,6,36.72,No
CASE04335,Cyber Crime & IT Act,Criminal Law,IPC-Cheating,Uttar Pradesh,Ghaziabad,Medium,4,7,3,273,3,6,32.2,No
CASE04336,Immigration & Passport Matters,Administrative Law,Licensing,Madhya Pradesh,Jabalpur,Medium,4,4,9,381,1,3,31,No
CASE04337,Motor Accident Claims,Civil Law,Torts-Motor Accident,Gujarat,Bhavnagar,High,7,10,7,305,2,6,56,Conditional
CASE04338,Labour & Employment Disputes,Labour Law,Termination-Wrongful,Madhya Pradesh,Jabalpur,Medium,3,10,7,204,3,2,50,Conditional
CASE04339,POCSO & Juvenile Justice,Criminal Law,IPC-Acid Attack,Uttar Pradesh,Allahabad,Low,9,8,3,280,4,2,58.88,Conditional
CASE04340,Company / Insolvency (NCLT-NCLAT),Corporate Law,Arbitration-Enforcement,Karnataka,Hubli,Medium,10,5,9,387,10,5,50.96,Conditional
CASE04341,Human Rights & PIL,Constitutional Law,Fundamental Rights-Article 14,Karnataka,Gulbarga,Low,4,3,5,173,3,2,30.16,No
CASE04342,Immigration & Passport Matters,Administrative Law,Service-Transfer,Rajasthan,Jaipur,High,10,9,6,378,9,5,44.64,Conditional
CASE04343,Intellectual Property,Civil Law,Design,Haryana,Hisar,Medium,2,1,6,212,9,4,52,Conditional
CASE04344,Criminal Appeals,Criminal Law,IPC-Cheating,Uttar Pradesh,Lucknow,Low,1,5,4,107,3,3,35.88,No
CASE04345,Insurance Claims,Consumer Law,Torts-Motor Accident,Kerala,Thrissur,Medium,7,8,6,165,3,2,77,Yes
CASE04346,Immigration & Passport Matters,Administrative Law,Licensing,Bihar,Patna,High,8,6,6,102,1,5,37.84,No
CASE04347,Arbitration & Mediation,Corporate Law,Arbitration-International,Haryana,Hisar,Medium,7,6,3,316,2,3,55,Conditional
CASE04348,Consumer Protection,Consumer Law,Products-Vehicles,Uttar Pradesh,Agra,Medium,8,10,4,286,10,4,63.48,Yes
CASE04349,Motor Accident Claims,Civil Law,Torts-Motor Accident,Assam,Guwahati,High,6,6,9,182,9,6,31,No
CASE04350,Anti-Corruption & Vigilance,Criminal Law,IPC-Cheating,Tamil Nadu,Madurai,High,4,6,4,392,7,6,20.6,No
CASE04351,Corporate & Commercial Law,Corporate Law,Arbitration-Enforcement,West Bengal,Kolkata,Medium,10,3,7,147,3,5,65,Yes
CASE04352,Criminal Appeals,Criminal Law,IPC-Hurt,Haryana,Rohtak,High,6,5,8,39,9,2,10,No
CASE04353,Motor Accident Claims,Civil Law,Torts-Motor Accident,Kerala,Thiruvananthapuram,Medium,9,4,8,153,3,5,69.3,Yes
CASE04354,Bail Applications,Criminal Law,IPC-Murder,Madhya Pradesh,Gwalior,Medium,10,9,6,178,8,2,52,Conditional
CASE04355,Labour & Employment Disputes,Labour Law,Wages-Overtime,Kerala,Thrissur,Low,10,10,7,234,9,4,89.1,Yes
CASE04356,Cyber Crime & IT Act,Criminal Law,Cyber Crime-Identity Theft,Tamil Nadu,Tirunelveli,High,1,5,5,354,2,2,9.27,No
CASE04357,Real Estate & RERA,Property Law,Building-Construction,Bihar,Bhagalpur,Low,5,3,3,337,6,2,66,Yes
CASE04358,Civil Suits,Civil Law,Torts-Motor Accident,Assam,Jorhat,Medium,8,5,7,362,9,6,71,Yes
CASE04359,Constitutional Law,Constitutional Law,Writ-Mandamus,Kerala,Thiruvananthapuram,Low,2,7,3,155,4,5,25.3,No
CASE04360,Environmental Law,Criminal Law,Environment-Pollution,West Bengal,Asansol,Medium,10,6,6,385,6,4,58,Conditional
CASE04361,Insurance Claims,Consumer Law,Services-Insurance,Haryana,Gurugram,Low,3,5,7,362,4,3,69,Yes
CASE04362,Labour & Employment Disputes,Labour Law,Service-Promotion,Tamil Nadu,Erode,Medium,6,10,9,262,1,6,39.14,No
CASE04363,Criminal Appeals,Criminal Law,IPC-Murder,Tamil Nadu,Tiruchirappalli,Low,6,6,4,254,9,3,61.8,Yes
CASE04364,Civil Suits,Civil Law,Property-Title,Tamil Nadu,Erode,Medium,2,10,5,151,10,2,55.62,Conditional
CASE04365,Civil Suits,Civil Law,Torts-Motor Accident,Uttar Pradesh,Varanasi,Low,9,6,3,208,9,5,85.56,Yes
CASE04366,Company / Insolvency (NCLT-NCLAT),Corporate Law,Insolvency,Madhya Pradesh,Ujjain,High,7,1,9,43,5,6,11,No
CASE04367,Writ Petitions,Constitutional Law,Writ-Mandamus,Karnataka,Mangalore,Medium,3,7,8,147,3,4,0,No
CASE04368,Arbitration & Mediation,Corporate Law,Arbitration-Challenge,Assam,Silchar,Medium,4,6,6,217,7,6,47,Conditional
CASE04369,Property Disputes,Property Law,Building-Construction,Tamil Nadu,Salem,High,3,2,4,394,7,3,32.96,No
CASE04370,Immigration & Passport Matters,Administrative Law,Service-Transfer,Tamil Nadu,Madurai,Medium,5,9,5,242,6,3,54.59,Conditional
CASE04371,Arbitration & Mediation,Corporate Law,Arbitration-Appointment,Karnataka,Bangalore,High,7,3,9,279,8,5,21.84,No
CASE04372,Consumer Protection,Consumer Law,Services-Travel,Tamil Nadu,Coimbatore,High,6,10,6,33,10,4,44.29,Conditional
CASE04373,Writ Petitions,Constitutional Law,Writ-Quo Warranto,Gujarat,Ahmedabad,Low,4,5,5,143,7,5,28,No
CASE04374,Writ Petitions,Constitutional Law,Writ-Quo Warranto,Uttar Pradesh,Lucknow,Low,8,9,9,297,2,6,28.52,No
CASE04375,Consumer Protection,Consumer Law,Products-Vehicles,Punjab,Chandigarh,Medium,8,2,9,300,8,4,53,Conditional
CASE04376,Real Estate & RERA,Property Law,Housing-Society,Madhya Pradesh,Sagar,Low,2,8,4,99,5,5,64,Yes
CASE04377,Constitutional Law,Constitutional Law,Fundamental Rights-Article 14,Bihar,Munger,Medium,7,9,9,293,9,4,9.68,No
CASE04378,Consumer Protection,Consumer Law,Services-Health,Rajasthan,Jaipur,Medium,6,10,9,390,6,5,42.78,Conditional
CASE04379,Labour & Employment Disputes,Labour Law,Wages-Overtime,Kerala,Alappuzha,Medium,2,4,9,296,4,2,38.5,No
CASE04380,Cyber Crime & IT Act,Criminal Law,Cyber Crime-Hacking,Delhi,Central Delhi,Medium,3,1,4,129,8,5,36.72,No
CASE04381,Human Rights & PIL,Constitutional Law,PIL-Public Interest,Bihar,Munger,Medium,9,9,4,312,9,6,26.4,No
CASE04382,Arbitration & Mediation,Corporate Law,Arbitration-Challenge,Rajasthan,Jaipur,High,1,9,3,169,3,2,7.44,No
CASE04383,Corporate & Commercial Law,Corporate Law,Oppression-Mismanagement,Kerala,Alappuzha,High,9,8,5,180,6,2,35.2,No
CASE04384,Corporate & Commercial Law,Corporate Law,Shareholder-Issues,Karnataka,Gulbarga,Medium,9,2,8,231,10,2,40.56,Conditional
CASE04385,Corporate & Commercial Law,Corporate Law,Shareholder-Issues,Rajasthan,Jaipur,Medium,3,4,7,310,6,3,31.62,No
CASE04386,Arbitration & Mediation,Corporate Law,Arbitration-Enforcement,Kerala,Kollam,Medium,6,3,4,146,5,4,47.3,Conditional
CASE04387,Family Disputes,Family Law,Child Custody-Legal,Tamil Nadu,Tirunelveli,Medium,1,3,3,129,1,3,55.62,Conditional
CASE04388,Intellectual Property,Civil Law,Trade Mark,Kerala,Alappuzha,Low,6,3,6,364,8,3,89.1,Yes
CASE04389,Corporate & Commercial Law,Corporate Law,Contract-Breach,Delhi,East Delhi,Low,7,5,9,217,10,5,57.24,Conditional
CASE04390,Immigration & Passport Matters,Administrative Law,Service-Transfer,Assam,Dibrugarh,Medium,1,8,4,259,5,6,35,No
CASE04391,Company / Insolvency (NCLT-NCLAT),Corporate Law,Oppression-Mismanagement,Bihar,Muzaffarpur,Low,6,4,8,260,5,3,45.76,Conditional
CASE04392,Real Estate & RERA,Property Law,Lease-Commercial,West Bengal,Durgapur,Low,3,7,3,304,9,2,60,Yes
CASE04393,Banking & Debt Recovery,Corporate Law,Corporate-Fraud,Madhya Pradesh,Bhopal,High,10,9,3,35,5,3,44,Conditional
CASE04394,Family Disputes,Family Law,Maintenance-Spousal,Gujarat,Rajkot,Medium,5,8,7,303,8,2,71,Yes
CASE04395,Bail Applications,Criminal Law,IPC-Murder,Delhi,West Delhi,High,4,7,7,220,5,6,22.68,No
CASE04396,Civil Suits,Civil Law,Property-Title,Rajasthan,Jaipur,Low,4,4,7,391,2,6,73.47,Yes
CASE04397,NI Act / Cheque Bounce,Criminal Law,IPC-Criminal Breach of Trust,Punjab,Bathinda,Medium,1,9,9,186,3,4,12,No
CASE04398,Intellectual Property,Civil Law,Copyright,Maharashtra,Thane,Medium,9,3,5,220,6,6,82.95,Yes
CASE04399,Constitutional Law,Constitutional Law,Writ-Habeas Corpus,West Bengal,Durgapur,Low,9,9,3,95,3,6,44,Conditional
CASE04400,Tax Law (Direct & Indirect),Administrative Law,Taxation-Property,Karnataka,Gulbarga,Low,5,3,4,277,9,5,72.8,Yes
CASE04401,Constitutional Law,Constitutional Law,Fundamental Rights-Article 14,Uttar Pradesh,Noida,High,3,10,6,153,7,4,0,No
CASE04402,Consumer Protection,Consumer Law,Practices-Misleading Ads,Tamil Nadu,Salem,Low,8,7,9,274,8,3,75.19,Yes
CASE04403,Civil Suits,Civil Law,Property-Title,West Bengal,Kolkata,Medium,7,10,8,75,5,6,58,Conditional
CASE04404,Immigration & Passport Matters,Administrative Law,Licensing,Kerala,Thrissur,High,3,10,9,249,7,5,5.5,No
CASE04405,Corporate & Commercial Law,Corporate Law,Shareholder-Issues,West Bengal,Durgapur,Medium,10,8,4,359,10,5,63,Yes
CASE04406,Anti-Corruption & Vigilance,Criminal Law,IPC-Criminal Breach of Trust,Haryana,Faridabad,Medium,7,2,6,309,10,3,44,Conditional
CASE04407,Real Estate & RERA,Property Law,Housing-Society,Madhya Pradesh,Indore,Medium,9,7,7,89,10,3,70,Yes
CASE04408,Arbitration & Mediation,Corporate Law,Arbitration-Challenge,Karnataka,Mangalore,Medium,10,5,6,71,4,5,62.4,Yes
CASE04409,Bail Applications,Criminal Law,IPC-Assault,Maharashtra,Solapur,Medium,1,2,7,137,2,5,28.35,No
CASE04410,Criminal Appeals,Criminal Law,IPC-Murder,Karnataka,Mysore,Medium,2,5,6,151,1,5,35.36,No
CASE04411,Banking & Debt Recovery,Corporate Law,Corporate-Fraud,Punjab,Bathinda,Medium,1,7,9,196,1,4,19,No
CASE04412,Family Disputes,Family Law,Inheritance-Intestate,Kerala,Kozhikode,Low,9,1,8,136,5,3,92.4,Yes
CASE04413,Corporate & Commercial Law,Corporate Law,Arbitration-Enforcement,Maharashtra,Thane,Medium,1,2,4,98,4,3,30.45,No
CASE04414,Criminal Appeals,Criminal Law,IPC-Hurt,Karnataka,Gulbarga,Low,7,6,4,331,6,4,66.56,Yes
CASE04415,Tax Law (Direct & Indirect),Administrative Law,Taxation-Service,Maharashtra,Nagpur,Low,9,10,5,269,7,2,75.6,Yes
CASE04416,Bail Applications,Criminal Law,IPC-Hurt,Assam,Dibrugarh,Medium,1,8,5,229,2,6,25,No
CASE04417,POCSO & Juvenile Justice,Criminal Law,IPC-Rape,Haryana,Rohtak,Low,3,2,3,215,4,3,50,Conditional
CASE04418,Real Estate & RERA,Property Law,Lease-Commercial,Gujarat,Jamnagar,High,8,6,8,178,2,3,24,No
CASE04419,Intellectual Property,Civil Law,Geographical Indication,Bihar,Munger,High,10,8,8,139,3,5,44,Conditional
CASE04420,Motor Accident Claims,Civil Law,Torts-Motor Accident,Karnataka,Davangere,High,5,10,3,106,1,2,42.64,Conditional
CASE04421,Consumer Protection,Consumer Law,Practices-E-commerce,Madhya Pradesh,Ujjain,Medium,6,5,3,124,9,5,66,Yes
CASE04422,Labour & Employment Disputes,Labour Law,Service-Promotion,Kerala,Thiruvananthapuram,Medium,8,10,7,135,2,6,74.8,Yes
CASE04423,Human Rights & PIL,Constitutional Law,Fundamental Rights-Article 19,Karnataka,Davangere,High,1,1,5,267,5,3,0,No
CASE04424,Intellectual Property,Civil Law,Copyright,Rajasthan,Jaipur,Medium,3,5,8,303,9,2,37.2,No
CASE04425,Immigration & Passport Matters,Administrative Law,Licensing,West Bengal,Howrah,Low,6,9,7,258,10,3,73,Yes
CASE04426,Immigration & Passport Matters,Administrative Law,Service-Transfer,Rajasthan,Kota,Medium,1,5,7,55,9,2,39.06,No
CASE04427,Civil Suits,Civil Law,Torts-Motor Accident,Uttar Pradesh,Ghaziabad,Medium,3,5,4,143,10,5,54.28,Conditional
CASE04428,Consumer Protection,Consumer Law,Services-Health,Gujarat,Rajkot,Medium,2,6,9,132,4,3,35,No
CASE04429,Human Rights & PIL,Constitutional Law,PIL-Public Interest,Assam,Silchar,Medium,9,8,9,217,5,5,12,No
CASE04430,Family Disputes,Family Law,Child Custody-Legal,Assam,Nagaon,Low,2,3,3,162,1,4,77,Yes
CASE04431,Bail Applications,Criminal Law,IPC-Hurt,Kerala,Kozhikode,Medium,4,10,8,384,10,6,26.4,No
CASE04432,Corporate & Commercial Law,Corporate Law,Arbitration-Challenge,Gujarat,Bhavnagar,Medium,1,8,7,387,2,3,38,No
CASE04433,Constitutional Law,Constitutional Law,Writ-Habeas Corpus,Assam,Dibrugarh,Medium,8,3,8,54,10,3,11,No
CASE04434,POCSO & Juvenile Justice,Criminal Law,IPC-Acid Attack,Uttar Pradesh,Varanasi,Medium,5,5,6,188,5,5,39.56,No
CASE04435,Civil Suits,Civil Law,Property-Title,West Bengal,Hooghly,Medium,10,2,3,191,10,3,85,Yes
CASE04436,Banking & Debt Recovery,Corporate Law,Corporate-Fraud,Uttar Pradesh,Agra,Medium,8,5,3,77,7,5,54.28,Conditional
CASE04437,Insurance Claims,Consumer Law,Torts-Motor Accident,Maharashtra,Navi Mumbai,Low,10,6,5,193,8,2,94.5,Yes
CASE04438,Consumer Protection,Consumer Law,Products-Vehicles,Delhi,West Delhi,Medium,10,10,3,57,3,2,82.08,Yes
CASE04439,Cyber Crime & IT Act,Criminal Law,IPC-Cheating,Karnataka,Mangalore,High,8,7,3,77,3,3,34.32,No
CASE04440,Insurance Claims,Consumer Law,Services-Insurance,West Bengal,Asansol,Low,5,4,8,30,9,2,57,Conditional
CASE04441,Real Estate & RERA,Property Law,Lease-Commercial,Punjab,Jalandhar,Low,1,2,9,152,2,2,38,No
CASE04442,Intellectual Property,Civil Law,Geographical Indication,Tamil Nadu,Tiruchirappalli,Medium,9,5,6,194,3,5,79.31,Yes
CASE04443,Corporate & Commercial Law,Corporate Law,Director-Conflict,Bihar,Muzaffarpur,Medium,10,3,4,378,7,6,52.8,Conditional
CASE04444,Civil Suits,Civil Law,Property-Title,Haryana,Rohtak,Medium,7,9,6,168,6,6,71,Yes
CASE04445,Property Disputes,Property Law,Building-Construction,Kerala,Kozhikode,High,6,10,9,342,6,6,25.3,No
CASE04446,Medical Negligence,Civil Law,Services-Health,Tamil Nadu,Salem,Low,1,3,9,297,10,4,49.44,Conditional
CASE04447,Constitutional Law,Constitutional Law,Fundamental Rights-Article 14,Delhi,East Delhi,High,2,9,5,219,4,5,0,No
CASE04448,Corporate & Commercial Law,Corporate Law,Arbitration-Enforcement,Haryana,Rohtak,Medium,3,9,3,303,2,4,43,Conditional
CASE04449,Writ Petitions,Constitutional Law,Writ-Prohibition,West Bengal,Siliguri,Medium,2,7,5,379,6,2,13,No
CASE04450,Tax Law (Direct & Indirect),Administrative Law,Taxation-Property,Tamil Nadu,Chennai,Medium,4,4,3,54,5,2,50.47,Conditional
CASE04451,Company / Insolvency (NCLT-NCLAT),Corporate Law,Insolvency,Uttar Pradesh,Agra,Medium,2,10,3,361,3,6,28.52,No
CASE04452,Writ Petitions,Constitutional Law,Writ-Habeas Corpus,Kerala,Kollam,Medium,3,6,7,39,3,6,9.9,No
CASE04453,Insurance Claims,Consumer Law,Torts-Motor Accident,Bihar,Munger,Medium,5,5,7,150,1,6,50.16,Conditional
CASE04454,POCSO & Juvenile Justice,Criminal Law,IPC-Rape,Delhi,New Delhi,Medium,6,8,3,207,10,2,48.6,Conditional
CASE04455,Family Disputes,Family Law,Domestic Violence-Physical,Assam,Tinsukia,Medium,1,10,7,141,10,6,54,Conditional
CASE04456,Tax Law (Direct & Indirect),Administrative Law,Taxation-Professional,Haryana,Hisar,High,9,7,6,121,4,2,41,Conditional
CASE04457,Real Estate & RERA,Property Law,Lease-Residential,Haryana,Ambala,High,2,10,4,220,4,5,21,No
CASE04458,Writ Petitions,Constitutional Law,Writ-Certiorari,Uttar Pradesh,Kanpur,Medium,3,1,3,183,5,5,13.8,No
CASE04459,Family Disputes,Family Law,Inheritance-Intestate,Gujarat,Bhavnagar,High,4,2,9,83,4,5,29,No
CASE04460,Labour & Employment Disputes,Labour Law,Wages-Overtime,Uttar Pradesh,Noida,High,5,9,5,51,9,5,28.52,No
CASE04461,Insurance Claims,Consumer Law,Torts-Motor Accident,West Bengal,Hooghly,Medium,9,10,5,208,8,5,70,Yes
CASE04462,Banking & Debt Recovery,Corporate Law,Corporate-Fraud,Punjab,Bathinda,Medium,10,7,3,306,2,6,55,Conditional
CASE04463,Tax Law (Direct & Indirect),Administrative Law,Taxation-Property,Maharashtra,Navi Mumbai,Low,9,7,7,370,8,4,80.85,Yes
CASE04464,Arbitration & Mediation,Corporate Law,Arbitration-Challenge,Tamil Nadu,Vellore,High,5,10,5,130,9,5,20.6,No
CASE04465,Cyber Crime & IT Act,Criminal Law,Cyber Crime-Hacking,Assam,Guwahati,Medium,7,10,7,365,1,4,42,Conditional
CASE04466,Corporate & Commercial Law,Corporate Law,Oppression-Mismanagement,Haryana,Faridabad,Medium,3,6,9,121,3,2,26,No
CASE04467,Constitutional Law,Constitutional Law,Fundamental Rights-Article 15,Bihar,Muzaffarpur,Medium,2,9,7,385,10,2,7.92,No
CASE04468,Cyber Crime & IT Act,Criminal Law,IPC-Cheating,Punjab,Amritsar,Medium,3,6,8,361,5,5,21,No
CASE04469,Civil Suits,Civil Law,Property-Title,Bihar,Bhagalpur,Low,4,8,9,107,8,4,54.56,Conditional
CASE04470,POCSO & Juvenile Justice,Criminal Law,IPC-Acid Attack,Gujarat,Bhavnagar,Medium,4,10,7,41,7,5,33,No
CASE04471,Family Disputes,Family Law,Divorce-Contested,Karnataka,Davangere,Medium,3,2,6,85,2,6,67.6,Yes
CASE04472,Bail Applications,Criminal Law,IPC-Assault,Madhya Pradesh,Gwalior,Medium,6,5,9,298,9,3,27,No
CASE04473,Cyber Crime & IT Act,Criminal Law,Cyber Crime-Phishing,Madhya Pradesh,Indore,Medium,7,3,4,321,4,2,46,Conditional
CASE04474,Environmental Law,Criminal Law,Environment-Pollution,Madhya Pradesh,Jabalpur,Medium,10,5,4,270,2,5,52,Conditional
CASE04475,Constitutional Law,Constitutional Law,Fundamental Rights-Article 14,Bihar,Munger,High,9,3,3,139,1,3,12.32,No
CASE04476,Labour & Employment Disputes,Labour Law,Termination-Retirement,Delhi,South Delhi,High,8,4,3,303,1,3,50.76,Conditional
CASE04477,Consumer Protection,Consumer Law,Products-Electronic,Rajasthan,Udaipur,High,6,7,7,130,3,5,38.13,No
CASE04478,NI Act / Cheque Bounce,Criminal Law,IPC-Criminal Breach of Trust,Punjab,Amritsar,Low,6,10,5,134,1,6,58,Conditional
CASE04479,Arbitration & Mediation,Corporate Law,Arbitration-Appointment,Uttar Pradesh,Kanpur,Low,6,1,5,137,5,3,54.28,Conditional
CASE04480,Arbitration & Mediation,Corporate Law,Arbitration-Enforcement,Punjab,Patiala,Medium,6,3,9,126,9,4,34,No
CASE04481,Real Estate & RERA,Property Law,Building-Construction,Rajasthan,Ajmer,Low,6,6,7,207,7,2,72.54,Yes
CASE04482,Corporate & Commercial Law,Corporate Law,Director-Conflict,Maharashtra,Aurangabad,Medium,1,3,9,172,1,2,15.75,No
CASE04483,Constitutional Law,Constitutional Law,Fundamental Rights-Article 14,Karnataka,Mangalore,Medium,6,9,4,173,3,5,26,No
CASE04484,Criminal Appeals,Criminal Law,IPC-Hurt,West Bengal,Asansol,Medium,8,3,7,145,3,6,51,Conditional
CASE04485,Immigration & Passport Matters,Administrative Law,Service-Transfer,Madhya Pradesh,Gwalior,Low,7,10,6,236,1,6,69,Yes
CASE04486,Environmental Law,Criminal Law,Environment-Forest,Assam,Dibrugarh,Low,7,1,4,375,8,6,57,Conditional
CASE04487,Intellectual Property,Civil Law,Copyright,Gujarat,Bhavnagar,High,4,3,9,263,9,4,32,No
CASE04488,Anti-Corruption & Vigilance,Criminal Law,IPC-Cheating,Punjab,Chandigarh,Medium,8,3,3,232,3,3,45,Conditional
CASE04489,Company / Insolvency (NCLT-NCLAT),Corporate Law,Arbitration-Enforcement,Karnataka,Gulbarga,Medium,9,5,3,368,4,2,62.4,Yes
CASE04490,Banking & Debt Recovery,Corporate Law,Contract-Breach,West Bengal,Hooghly,Medium,9,10,5,179,4,4,53,Conditional
CASE04491,Human Rights & PIL,Constitutional Law,Fundamental Rights-Article 19,Delhi,New Delhi,Low,9,8,5,104,9,5,46.44,Conditional
CASE04492,Constitutional Law,Constitutional Law,Fundamental Rights-Article 15,Bihar,Darbhanga,Medium,3,5,3,139,6,2,10.56,No
CASE04493,Intellectual Property,Civil Law,Copyright,Assam,Silchar,Medium,4,6,8,42,1,2,45,Conditional
CASE04494,Real Estate & RERA,Property Law,Housing-Society,Tamil Nadu,Tiruchirappalli,High,7,8,4,375,1,4,44.29,Conditional
CASE04495,Human Rights & PIL,Constitutional Law,Fundamental Rights-Article 19,Uttar Pradesh,Allahabad,Medium,2,2,5,338,2,5,11.96,No
CASE04496,Writ Petitions,Constitutional Law,Writ-Quo Warranto,Haryana,Gurugram,Medium,5,2,9,102,7,5,2,No
CASE04497,Writ Petitions,Constitutional Law,Writ-Mandamus,Delhi,North Delhi,Medium,5,7,6,171,7,6,24.84,No
CASE04498,Bail Applications,Criminal Law,IPC-Murder,Delhi,West Delhi,Low,4,10,9,319,8,3,37.8,No
CASE04499,Insurance Claims,Consumer Law,Services-Insurance,Assam,Nagaon,High,4,5,6,106,9,5,40,Conditional
CASE04500,NI Act / Cheque Bounce,Criminal Law,IPC-Cheating,Punjab,Bathinda,Medium,2,5,7,210,8,6,30,No
CASE04501,Cyber Crime & IT Act,Criminal Law,Cyber Crime-Phishing,Kerala,Kollam,Medium,9,7,6,200,1,5,60.5,Yes
CASE04502,Writ Petitions,Constitutional Law,Writ-Mandamus,Gujarat,Rajkot,Low,9,9,7,390,2,6,46,Conditional
CASE04503,Anti-Corruption & Vigilance,Criminal Law,IPC-Cheating,Assam,Dibrugarh,Medium,8,3,8,286,6,6,38,No
CASE04504,Consumer Protection,Consumer Law,Practices-Misleading Ads,Uttar Pradesh,Noida,Low,9,3,7,122,1,3,81.88,Yes
CASE04505,Arbitration & Mediation,Corporate Law,Arbitration-Challenge,Karnataka,Davangere,Medium,2,3,9,377,3,6,21.84,No
CASE04506,Civil Suits,Civil Law,Property-Title,Tamil Nadu,Tirunelveli,High,2,1,9,64,4,3,17.51,No
CASE04507,Anti-Corruption & Vigilance,Criminal Law,IPC-Criminal Breach of Trust,West Bengal,Asansol,Low,6,10,7,392,6,3,59,Conditional
CASE04508,Banking & Debt Recovery,Corporate Law,Insolvency,Punjab,Amritsar,Medium,3,10,5,203,8,5,43,Conditional
CASE04509,POCSO & Juvenile Justice,Criminal Law,IPC-Gang Rape,Tamil Nadu,Madurai,High,9,6,7,64,2,6,33.99,No
CASE04510,Anti-Corruption & Vigilance,Criminal Law,IPC-Criminal Breach of Trust,Punjab,Amritsar,Low,5,8,8,325,5,2,36,No
CASE04511,Human Rights & PIL,Constitutional Law,Fundamental Rights-Article 19,Tamil Nadu,Chennai,Medium,6,2,6,304,10,6,19.57,No
CASE04512,Medical Negligence,Civil Law,Torts-Medical Negligence,Haryana,Gurugram,High,8,6,7,77,2,6,58,Conditional
CASE04513,Human Rights & PIL,Constitutional Law,Fundamental Rights-Article 15,Haryana,Gurugram,Medium,4,10,7,137,3,3,17,No
CASE04514,Environmental Law,Criminal Law,Environment-Forest,Maharashtra,Thane,Medium,6,1,8,52,1,5,28.35,No
CASE04515,Human Rights & PIL,Constitutional Law,Fundamental Rights-Article 14,Maharashtra,Solapur,High,10,3,7,388,6,3,16.8,No
CASE04516,Arbitration & Mediation,Corporate Law,Arbitration-Appointment,Haryana,Gurugram,Medium,1,8,4,258,8,3,37,No
CASE04517,Real Estate & RERA,Property Law,Lease-Residential,Bihar,Gaya,Medium,10,5,7,207,6,2,58.08,Conditional
CASE04518,Bail Applications,Criminal Law,IPC-Assault,Rajasthan,Jodhpur,Medium,6,8,9,32,7,4,25.11,No
CASE04519,Intellectual Property,Civil Law,Design,Gujarat,Rajkot,High,4,8,3,231,9,2,42,Conditional
CASE04520,Cyber Crime & IT Act,Criminal Law,Cyber Crime-Phishing,Bihar,Darbhanga,Medium,5,1,4,386,2,2,38.72,No
CASE04521,Arbitration & Mediation,Corporate Law,Arbitration-International,Uttar Pradesh,Noida,Medium,4,2,7,284,6,4,37.72,No
CASE04522,Immigration & Passport Matters,Administrative Law,Licensing,West Bengal,Hooghly,Medium,4,6,5,290,1,2,51,Conditional
CASE04523,Immigration & Passport Matters,Administrative Law,Licensing,Assam,Jorhat,Medium,6,10,9,167,6,2,35,No
CASE04524,Tax Law (Direct & Indirect),Administrative Law,Taxation-Professional,Assam,Nagaon,Medium,7,5,5,203,2,4,52,Conditional
CASE04525,Criminal Appeals,Criminal Law,IPC-Hurt,Maharashtra,Aurangabad,Low,3,6,8,370,1,3,33.6,No
CASE04526,Human Rights & PIL,Constitutional Law,Fundamental Rights-Article 19,Maharashtra,Mumbai,Low,3,1,4,379,2,5,29.4,No
CASE04527,Bail Applications,Criminal Law,IPC-Assault,Madhya Pradesh,Jabalpur,High,3,1,3,236,10,2,10,No
CASE04528,Motor Accident Claims,Civil Law,Torts-Motor Accident,Haryana,Ambala,Low,8,10,3,74,7,2,86,Yes
CASE04529,Constitutional Law,Constitutional Law,Fundamental Rights-Article 14,Punjab,Amritsar,High,7,2,7,275,2,4,11,No
CASE04530,Property Disputes,Property Law,Building-Construction,Punjab,Jalandhar,Medium,10,4,3,334,10,5,73,Yes
CASE04531,Motor Accident Claims,Civil Law,Torts-Motor Accident,Maharashtra,Amravati,Medium,9,9,6,230,1,6,82.95,Yes
CASE04532,Bail Applications,Criminal Law,IPC-Hurt,Rajasthan,Jaipur,Low,5,6,9,218,4,5,33.48,No
CASE04533,Tax Law (Direct & Indirect),Administrative Law,Taxation-Professional,Maharashtra,Pune,Medium,8,6,7,357,10,3,64.05,Yes
CASE04534,Family Disputes,Family Law,Domestic Violence-Physical,Rajasthan,Bikaner,Medium,10,4,3,134,6,4,78.12,Yes
CASE04535,Criminal Appeals,Criminal Law,IPC-Cheating,Kerala,Kollam,Medium,3,6,9,258,4,6,18.7,No
CASE04536,POCSO & Juvenile Justice,Criminal Law,IPC-Rape,Bihar,Munger,Medium,8,9,9,95,4,6,27.28,No
CASE04537,Writ Petitions,Constitutional Law,Writ-Certiorari,Karnataka,Mangalore,Medium,7,7,6,179,7,3,28.08,No
CASE04538,Property Disputes,Property Law,Housing-Society,Karnataka,Mangalore,Medium,9,5,8,197,6,3,53.04,Conditional
CASE04539,Immigration & Passport Matters,Administrative Law,Licensing,West Bengal,Siliguri,Medium,6,2,5,236,9,4,53,Conditional
CASE04540,Banking & Debt Recovery,Corporate Law,Insolvency,West Bengal,Howrah,Medium,8,1,4,320,6,6,49,Conditional
CASE04541,Real Estate & RERA,Property Law,Building-Construction,Kerala,Thrissur,Low,6,5,3,64,8,6,82.5,Yes
CASE04542,Constitutional Law,Constitutional Law,Fundamental Rights-Article 15,Karnataka,Mysore,Medium,1,1,3,196,6,5,6.24,No
CASE04543,Environmental Law,Criminal Law,Environment-Pollution,West Bengal,Siliguri,Medium,6,3,8,42,9,6,26,No
CASE04544,Corporate & Commercial Law,Corporate Law,Arbitration-Enforcement,Kerala,Kollam,Medium,4,9,7,375,7,3,45.1,Conditional
CASE04545,Arbitration & Mediation,Corporate Law,Arbitration-Appointment,Punjab,Chandigarh,Low,10,2,6,395,1,3,75,Yes
CASE04546,NI Act / Cheque Bounce,Criminal Law,IPC-Criminal Breach of Trust,Kerala,Thiruvananthapuram,High,10,10,5,51,10,6,37.4,No
CASE04547,Family Disputes,Family Law,Divorce-Mutual Consent,Delhi,New Delhi,Medium,8,10,3,86,7,5,87.48,Yes
CASE04548,Company / Insolvency (NCLT-NCLAT),Corporate Law,Oppression-Mismanagement,Punjab,Amritsar,Medium,4,9,4,377,9,3,42,Conditional
CASE04549,Family Disputes,Family Law,Inheritance-Intestate,Delhi,East Delhi,High,7,1,6,72,3,2,65.88,Yes
CASE04550,Anti-Corruption & Vigilance,Criminal Law,IPC-Criminal Breach of Trust,Uttar Pradesh,Agra,Medium,3,4,6,390,1,3,33.12,No
CASE04551,Bail Applications,Criminal Law,IPC-Murder,Kerala,Thrissur,Medium,10,1,9,227,10,4,44,Conditional
CASE04552,POCSO & Juvenile Justice,Criminal Law,IPC-Acid Attack,Gujarat,Ahmedabad,High,1,2,8,302,5,3,0,No
CASE04553,Corporate & Commercial Law,Corporate Law,Arbitration-Challenge,Tamil Nadu,Tirunelveli,High,7,1,7,338,7,3,36.05,No
CASE04554,Company / Insolvency (NCLT-NCLAT),Corporate Law,Arbitration-Enforcement,Uttar Pradesh,Agra,High,10,7,6,326,3,5,32.2,No
CASE04555,Corporate & Commercial Law,Corporate Law,Contract-Breach,Punjab,Ludhiana,Medium,5,5,9,37,10,5,31,No
CASE04556,Medical Negligence,Civil Law,Services-Health,Assam,Dibrugarh,Medium,3,3,6,300,2,6,60,Yes
CASE04557,Immigration & Passport Matters,Administrative Law,Service-Transfer,West Bengal,Asansol,Medium,7,3,9,278,9,6,39,No
CASE04558,Company / Insolvency (NCLT-NCLAT),Corporate Law,Oppression-Mismanagement,Karnataka,Gulbarga,Low,6,6,4,278,5,3,61.36,Yes
CASE04559,Motor Accident Claims,Civil Law,Torts-Motor Accident,Maharashtra,Thane,Low,4,5,9,196,4,3,69.3,Yes
CASE04560,Property Disputes,Property Law,Land-Encroachment,Bihar,Muzaffarpur,Low,1,4,3,217,5,2,54.56,Conditional
CASE04561,Consumer Protection,Consumer Law,Practices-Misleading Ads,Tamil Nadu,Vellore,Medium,7,9,9,237,2,4,56.65,Conditional
CASE04562,Cyber Crime & IT Act,Criminal Law,IPC-Cheating,Delhi,West Delhi,Medium,7,6,7,45,9,3,52.92,Conditional
CASE04563,Anti-Corruption & Vigilance,Criminal Law,IPC-Cheating,Delhi,Central Delhi,High,6,2,6,69,3,5,25.92,No
CASE04564,Arbitration & Mediation,Corporate Law,Arbitration-Enforcement,Bihar,Darbhanga,Medium,5,9,5,393,4,2,35.2,No
CASE04565,Writ Petitions,Constitutional Law,Writ-Certiorari,Kerala,Kollam,Low,4,10,6,266,6,5,40.7,Conditional
CASE04566,Property Disputes,Property Law,Housing-Society,West Bengal,Howrah,Medium,2,3,3,309,8,4,50,Conditional
CASE04567,Civil Suits,Civil Law,Property-Title,Madhya Pradesh,Sagar,Medium,1,6,6,299,2,2,54,Conditional
CASE04568,Immigration & Passport Matters,Administrative Law,Licensing,West Bengal,Hooghly,Medium,6,10,8,219,6,6,35,No
CASE04569,Real Estate & RERA,Property Law,Lease-Commercial,Uttar Pradesh,Kanpur,Low,8,5,8,94,6,3,57.04,Conditional
CASE04570,Bail Applications,Criminal Law,IPC-Murder,Haryana,Ambala,Medium,8,7,3,233,10,2,49,Conditional
CASE04571,Arbitration & Mediation,Corporate Law,Arbitration-Appointment,Kerala,Kollam,Medium,4,9,8,340,2,2,26.4,No
CASE04572,Tax Law (Direct & Indirect),Administrative Law,Taxation-Service,West Bengal,Durgapur,Low,2,7,5,37,7,4,53,Conditional
CASE04573,Insurance Claims,Consumer Law,Services-Insurance,Punjab,Chandigarh,Medium,5,1,8,306,6,3,48,Conditional
CASE04574,Environmental Law,Criminal Law,Environment-Forest,Uttar Pradesh,Ghaziabad,Low,2,8,5,241,4,3,41.4,Conditional
CASE04575,Anti-Corruption & Vigilance,Criminal Law,IPC-Criminal Breach of Trust,Karnataka,Bangalore,Medium,6,1,5,119,2,6,45.76,Conditional
CASE04576,Human Rights & PIL,Constitutional Law,PIL-Public Interest,Uttar Pradesh,Kanpur,Medium,4,2,4,267,8,3,16.56,No
CASE04577,Criminal Appeals,Criminal Law,IPC-Murder,Uttar Pradesh,Noida,High,5,7,9,332,8,3,9.2,No
CASE04578,Labour & Employment Disputes,Labour Law,Industrial-Retrenchment,Punjab,Chandigarh,High,8,6,5,223,3,5,49,Conditional
CASE04579,Intellectual Property,Civil Law,Design,Delhi,North Delhi,Medium,1,8,9,81,1,4,36.72,No
CASE04580,Medical Negligence,Civil Law,Services-Health,Kerala,Kozhikode,Medium,4,2,5,291,3,3,64.9,Yes
CASE04581,Banking & Debt Recovery,Corporate Law,Contract-Breach,Gujarat,Ahmedabad,Low,8,2,3,223,5,4,65,Yes
CASE04582,Bail Applications,Criminal Law,IPC-Hurt,Kerala,Alappuzha,Medium,4,4,8,48,6,6,19.8,No
CASE04583,Medical Negligence,Civil Law,Torts-Medical Negligence,Bihar,Muzaffarpur,High,8,1,7,216,5,5,45.76,Conditional
CASE04584,Insurance Claims,Consumer Law,Torts-Motor Accident,Punjab,Bathinda,Low,7,6,3,106,1,3,85,Yes
CASE04585,Cyber Crime & IT Act,Criminal Law,IPC-Cheating,Gujarat,Bhavnagar,Low,10,9,5,80,9,3,71,Yes
CASE04586,Human Rights & PIL,Constitutional Law,Fundamental Rights-Article 14,Bihar,Patna,Low,8,5,9,357,2,6,21.12,No
CASE04587,Property Disputes,Property Law,Housing-Society,Karnataka,Mysore,High,3,6,6,338,10,2,28.08,No
CASE04588,Property Disputes,Property Law,Lease-Commercial,West Bengal,Hooghly,High,2,8,8,294,7,2,16,No
CASE04589,Bail Applications,Criminal Law,IPC-Hurt,West Bengal,Hooghly,Low,9,7,3,228,7,2,66,Yes
CASE04590,Anti-Corruption & Vigilance,Criminal Law,IPC-Cheating,Assam,Dibrugarh,Medium,4,5,9,175,8,5,27,No
CASE04591,Banking & Debt Recovery,Corporate Law,Insolvency,Tamil Nadu,Tiruchirappalli,High,3,7,8,182,6,2,8.24,No
CASE04592,Arbitration & Mediation,Corporate Law,Arbitration-Challenge,Delhi,East Delhi,Low,10,6,9,336,7,2,65.88,Yes
CASE04593,Motor Accident Claims,Civil Law,Torts-Motor Accident,Rajasthan,Udaipur,Low,1,3,8,193,1,6,52.08,Conditional
CASE04594,Corporate & Commercial Law,Corporate Law,Arbitration-Challenge,Punjab,Jalandhar,Low,4,4,5,283,2,4,59,Conditional
CASE04595,Property Disputes,Property Law,Mortgage-Dispute,Tamil Nadu,Erode,Medium,10,3,6,135,10,2,70.04,Yes
CASE04596,Labour & Employment Disputes,Labour Law,Wages-Overtime,Delhi,New Delhi,Medium,3,5,9,383,8,6,34.56,No
CASE04597,Banking & Debt Recovery,Corporate Law,Corporate-Fraud,Haryana,Rohtak,Medium,3,8,7,391,3,6,40,Conditional
CASE04598,Anti-Corruption & Vigilance,Criminal Law,IPC-Criminal Breach of Trust,Bihar,Gaya,Medium,1,5,6,158,8,6,23.76,No
CASE04599,NI Act / Cheque Bounce,Criminal Law,IPC-Cheating,Delhi,New Delhi,Low,3,9,4,311,3,3,47.52,Conditional
CASE04600,Bail Applications,Criminal Law,IPC-Hurt,Madhya Pradesh,Ujjain,Medium,8,7,3,382,5,6,46,Conditional
CASE04601,Arbitration & Mediation,Corporate Law,Arbitration-Enforcement,Madhya Pradesh,Bhopal,Medium,2,10,9,317,2,3,23,No
CASE04602,Intellectual Property,Civil Law,Trade Mark,Maharashtra,Nagpur,Medium,4,2,9,296,1,2,48.3,Conditional
CASE04603,Human Rights & PIL,Constitutional Law,Fundamental Rights-Article 21,Madhya Pradesh,Bhopal,High,8,4,9,214,9,4,0,No
CASE04604,Writ Petitions,Constitutional Law,Writ-Mandamus,Kerala,Kollam,Medium,1,9,5,35,5,5,13.2,No
CASE04605,Intellectual Property,Civil Law,Trade Mark,Haryana,Faridabad,High,3,9,7,125,2,3,44,Conditional
CASE04606,Labour & Employment Disputes,Labour Law,Wages-Overtime,Kerala,Thrissur,Low,9,8,5,52,1,5,92.4,Yes
CASE04607,Property Disputes,Property Law,Building-Construction,Karnataka,Gulbarga,High,7,4,4,392,3,4,37.44,No
CASE04608,Tax Law (Direct & Indirect),Administrative Law,Taxation-Service,Madhya Pradesh,Sagar,Medium,6,4,3,85,9,4,53,Conditional
CASE04609,Intellectual Property,Civil Law,Geographical Indication,Haryana,Hisar,Medium,1,8,4,297,7,2,49,Conditional
CASE04610,Criminal Appeals,Criminal Law,IPC-Murder,Karnataka,Bangalore,Medium,6,8,4,371,3,3,44.72,Conditional
CASE04611,POCSO & Juvenile Justice,Criminal Law,IPC-Acid Attack,Delhi,South Delhi,Medium,3,3,9,393,1,6,23.76,No
CASE04612,Medical Negligence,Civil Law,Torts-Medical Negligence,Tamil Nadu,Tirunelveli,High,3,1,5,391,10,2,41.2,Conditional
CASE04613,Bail Applications,Criminal Law,IPC-Murder,Bihar,Munger,High,10,9,5,363,1,2,32.56,No
CASE04614,Intellectual Property,Civil Law,Design,Haryana,Gurugram,Medium,10,6,5,69,1,3,78,Yes
CASE04615,Arbitration & Mediation,Corporate Law,Arbitration-Appointment,Gujarat,Rajkot,Medium,4,8,7,211,3,4,42,Conditional
CASE04616,Insurance Claims,Consumer Law,Services-Insurance,Rajasthan,Bikaner,Medium,1,7,9,174,7,3,30.69,No
CASE04617,Constitutional Law,Constitutional Law,Writ-Mandamus,Rajasthan,Udaipur,Low,1,5,4,242,5,6,23.25,No
CASE04618,Real Estate & RERA,Property Law,Housing-Society,Punjab,Jalandhar,High,2,4,6,205,1,6,25,No
CASE04619,Medical Negligence,Civil Law,Services-Health,Haryana,Gurugram,Low,5,7,3,118,9,6,82,Yes
CASE04620,Consumer Protection,Consumer Law,Products-Electronic,Kerala,Thrissur,High,8,8,7,34,9,2,53.9,Conditional
CASE04621,Tax Law (Direct & Indirect),Administrative Law,Taxation-Property,Delhi,North Delhi,Medium,4,5,5,66,4,3,45.36,Conditional
CASE04622,Immigration & Passport Matters,Administrative Law,Licensing,Delhi,West Delhi,Medium,1,4,9,385,8,5,27,No
CASE04623,Tax Law (Direct & Indirect),Administrative Law,Taxation-Property,Uttar Pradesh,Meerut,Medium,9,3,6,41,9,2,59.8,Conditional
CASE04624,Criminal Appeals,Criminal Law,IPC-Murder,Maharashtra,Navi Mumbai,High,3,5,7,176,9,5,9.45,No
CASE04625,Banking & Debt Recovery,Corporate Law,Contract-Breach,Uttar Pradesh,Lucknow,Medium,8,7,8,186,9,2,38.64,No
CASE04626,Anti-Corruption & Vigilance,Criminal Law,IPC-Criminal Breach of Trust,Uttar Pradesh,Varanasi,High,6,6,8,33,4,4,7.36,No
CASE04627,Human Rights & PIL,Constitutional Law,Fundamental Rights-Article 21,Madhya Pradesh,Sagar,Medium,6,3,8,146,4,4,8,No
CASE04628,Real Estate & RERA,Property Law,Lease-Residential,Bihar,Muzaffarpur,High,8,9,3,73,4,6,34.32,No
CASE04629,Intellectual Property,Civil Law,Design,Uttar Pradesh,Allahabad,Medium,5,8,5,88,9,3,62.56,Yes
CASE04630,Environmental Law,Criminal Law,Environment-Pollution,Bihar,Gaya,Medium,3,4,4,282,3,5,28.16,No
CASE04631,Company / Insolvency (NCLT-NCLAT),Corporate Law,Oppression-Mismanagement,Punjab,Patiala,High,10,6,6,153,8,3,45,Conditional
CASE04632,Medical Negligence,Civil Law,Torts-Medical Negligence,Haryana,Gurugram,Low,9,4,3,279,9,6,87,Yes
CASE04633,Constitutional Law,Constitutional Law,Fundamental Rights-Article 14,Uttar Pradesh,Noida,Low,10,4,4,88,5,5,48.76,Conditional
CASE04634,Environmental Law,Criminal Law,Environment-Pollution,Tamil Nadu,Chennai,Medium,9,3,9,87,6,4,42.23,Conditional
CASE04635,Immigration & Passport Matters,Administrative Law,Licensing,Gujarat,Vadodara,Low,10,7,4,292,7,2,83,Yes
CASE04636,Constitutional Law,Constitutional Law,Fundamental Rights-Article 15,Karnataka,Mysore,Medium,4,9,3,241,6,3,14.56,No
CASE04637,Intellectual Property,Civil Law,Trade Mark,Gujarat,Surat,High,4,1,7,240,5,5,44,Conditional
CASE04638,Civil Suits,Civil Law,Contract-Breach,Karnataka,Belgaum,Medium,10,9,7,121,2,4,78,Yes
CASE04639,Constitutional Law,Constitutional Law,Fundamental Rights-Article 15,Rajasthan,Jaipur,Low,7,5,9,122,8,5,26.97,No
CASE04640,Family Disputes,Family Law,Inheritance-Intestate,Assam,Nagaon,High,2,7,8,94,1,2,25,No
CASE04641,Human Rights & PIL,Constitutional Law,Fundamental Rights-Article 19,Maharashtra,Amravati,Medium,6,1,4,198,10,4,25.2,No
CASE04642,Anti-Corruption & Vigilance,Criminal Law,IPC-Criminal Breach of Trust,Rajasthan,Kota,Medium,7,1,8,132,3,6,25.11,No
CASE04643,Anti-Corruption & Vigilance,Criminal Law,IPC-Criminal Breach of Trust,Kerala,Thrissur,Low,6,9,7,376,2,6,67.1,Yes
CASE04644,Anti-Corruption & Vigilance,Criminal Law,IPC-Criminal Breach of Trust,Rajasthan,Jodhpur,Medium,5,3,7,270,3,5,36.27,No
CASE04645,Labour & Employment Disputes,Labour Law,Wages-Minimum,Maharashtra,Navi Mumbai,Medium,5,7,4,48,3,3,59.85,Conditional
CASE04646,Family Disputes,Family Law,Inheritance-Intestate,Rajasthan,Jaipur,High,5,6,3,128,10,5,48.36,Conditional
CASE04647,Labour & Employment Disputes,Labour Law,Service-Promotion,Assam,Guwahati,Medium,10,2,5,233,7,5,73,Yes
CASE04648,Consumer Protection,Consumer Law,Products-Electronic,Punjab,Patiala,Medium,2,10,6,172,5,2,48,Conditional
CASE04649,NI Act / Cheque Bounce,Criminal Law,IPC-Criminal Breach of Trust,Punjab,Jalandhar,Low,8,6,4,156,10,2,64,Yes
CASE04650,Motor Accident Claims,Civil Law,Torts-Motor Accident,West Bengal,Howrah,Medium,6,6,3,296,9,6,73,Yes
CASE04651,Intellectual Property,Civil Law,Patent,Assam,Jorhat,Medium,9,6,9,223,2,3,66,Yes
CASE04652,Banking & Debt Recovery,Corporate Law,Contract-Breach,Assam,Jorhat,Low,1,4,9,270,2,4,32,No
CASE04653,Banking & Debt Recovery,Corporate Law,Insolvency,Punjab,Bathinda,Medium,8,2,4,155,5,5,55,Conditional
CASE04654,Company / Insolvency (NCLT-NCLAT),Corporate Law,Oppression-Mismanagement,Maharashtra,Mumbai,Medium,3,7,6,381,10,5,40.95,Conditional
CASE04655,Environmental Law,Criminal Law,Environment-Pollution,Bihar,Munger,Medium,9,2,6,208,10,3,45.76,Conditional
CASE04656,Labour & Employment Disputes,Labour Law,Termination-Retirement,Assam,Silchar,Medium,3,10,6,70,8,5,52,Conditional
CASE04657,Immigration & Passport Matters,Administrative Law,Service-Transfer,Haryana,Gurugram,Medium,8,5,3,74,8,5,61,Yes
CASE04658,Arbitration & Mediation,Corporate Law,Arbitration-Enforcement,Delhi,North Delhi,Medium,5,8,9,116,3,2,36.72,No
CASE04659,Consumer Protection,Consumer Law,Services-Health,Uttar Pradesh,Noida,Low,1,10,6,293,9,3,61.64,Yes
CASE04660,Insurance Claims,Consumer Law,Services-Insurance,Uttar Pradesh,Ghaziabad,Medium,10,7,6,358,3,3,72.68,Yes
CASE04661,Cyber Crime & IT Act,Criminal Law,IPC-Cheating,Kerala,Kochi,Medium,7,3,9,207,6,6,28.6,No
CASE04662,Cyber Crime & IT Act,Criminal Law,Cyber Crime-Hacking,Bihar,Darbhanga,Medium,2,8,4,339,6,5,26.4,No
CASE04663,Medical Negligence,Civil Law,Services-Health,Gujarat,Ahmedabad,Medium,10,8,8,382,7,5,63,Yes
CASE04664,Real Estate & RERA,Property Law,Building-Construction,Punjab,Ludhiana,Medium,1,6,3,216,1,6,46,Conditional
CASE04665,Medical Negligence,Civil Law,Services-Health,Tamil Nadu,Coimbatore,High,9,8,8,89,6,5,48.41,Conditional
CASE04666,NI Act / Cheque Bounce,Criminal Law,IPC-Cheating,Rajasthan,Ajmer,Medium,8,5,3,271,5,6,41.85,Conditional
CASE04667,Anti-Corruption & Vigilance,Criminal Law,IPC-Criminal Breach of Trust,Kerala,Kozhikode,Medium,2,9,4,199,5,2,36.3,No
CASE04668,Criminal Appeals,Criminal Law,IPC-Hurt,Bihar,Gaya,Low,1,8,9,313,4,3,20.24,No
CASE04669,Corporate & Commercial Law,Corporate Law,Arbitration-Enforcement,Maharashtra,Aurangabad,Medium,8,4,6,362,3,4,56.7,Conditional
CASE04670,Corporate & Commercial Law,Corporate Law,Oppression-Mismanagement,Delhi,West Delhi,Low,1,6,9,117,9,4,32.4,No
CASE04671,Human Rights & PIL,Constitutional Law,PIL-Public Interest,Tamil Nadu,Salem,Medium,10,7,6,221,3,4,33.99,No
CASE04672,Environmental Law,Criminal Law,Environment-Forest,Punjab,Patiala,Low,6,8,8,273,2,3,45,Conditional
CASE04673,Anti-Corruption & Vigilance,Criminal Law,IPC-Cheating,Tamil Nadu,Salem,Medium,5,4,6,279,3,5,44.29,Conditional
CASE04674,Labour & Employment Disputes,Labour Law,Compensation-Accident,Rajasthan,Ajmer,Low,7,2,4,277,6,3,66.03,Yes
CASE04675,Insurance Claims,Consumer Law,Services-Insurance,Kerala,Thiruvananthapuram,Low,7,7,4,247,8,4,91.3,Yes
CASE04676,Human Rights & PIL,Constitutional Law,Fundamental Rights-Article 15,Assam,Guwahati,Medium,2,7,4,83,5,6,15,No
CASE04677,Insurance Claims,Consumer Law,Torts-Motor Accident,Assam,Tinsukia,Medium,2,2,7,328,7,4,47,Conditional
CASE04678,Cyber Crime & IT Act,Criminal Law,Cyber Crime-Identity Theft,Punjab,Chandigarh,Medium,5,6,5,371,2,6,37,No
CASE04679,Property Disputes,Property Law,Lease-Commercial,Punjab,Jalandhar,Medium,6,9,6,62,2,4,60,Yes
CASE04680,Bail Applications,Criminal Law,IPC-Hurt,Delhi,New Delhi,Low,10,9,7,67,5,4,76.68,Yes
CASE04681,Immigration & Passport Matters,Administrative Law,Licensing,Tamil Nadu,Madurai,Low,1,2,5,200,8,2,56.65,Conditional
CASE04682,Bail Applications,Criminal Law,IPC-Assault,Tamil Nadu,Erode,Low,8,4,8,279,10,6,55.62,Conditional
CASE04683,Motor Accident Claims,Civil Law,Torts-Motor Accident,Delhi,North Delhi,Medium,8,6,8,215,8,6,65.88,Yes
CASE04684,Civil Suits,Civil Law,Contract-Breach,Uttar Pradesh,Lucknow,Low,5,5,5,376,4,6,74.52,Yes
CASE04685,Anti-Corruption & Vigilance,Criminal Law,IPC-Criminal Breach of Trust,Haryana,Faridabad,Medium,7,6,4,301,8,5,51,Conditional
CASE04686,Criminal Appeals,Criminal Law,IPC-Hurt,Assam,Tinsukia,Low,3,1,6,70,6,4,50,Conditional
CASE04687,Motor Accident Claims,Civil Law,Torts-Motor Accident,Tamil Nadu,Vellore,Low,6,8,3,98,5,6,82.4,Yes
CASE04688,POCSO & Juvenile Justice,Criminal Law,IPC-Rape,Assam,Dibrugarh,Medium,10,3,6,214,6,2,54,Conditional
CASE04689,Insurance Claims,Consumer Law,Torts-Motor Accident,Rajasthan,Ajmer,Medium,10,6,3,200,5,4,68.82,Yes
CASE04690,Human Rights & PIL,Constitutional Law,PIL-Public Interest,Bihar,Bhagalpur,Low,5,1,3,119,2,6,31.68,No
CASE04691,Real Estate & RERA,Property Law,Lease-Commercial,Rajasthan,Bikaner,High,6,2,6,199,1,5,30.69,No
CASE04692,Constitutional Law,Constitutional Law,Writ-Habeas Corpus,Gujarat,Jamnagar,Medium,10,7,9,188,3,2,24,No
CASE04693,Insurance Claims,Consumer Law,Torts-Motor Accident,Kerala,Thiruvananthapuram,High,2,5,4,165,1,4,39.6,No
CASE04694,Civil Suits,Civil Law,Torts-Motor Accident,Bihar,Muzaffarpur,Medium,9,7,7,79,5,5,64.24,Yes
CASE04695,Anti-Corruption & Vigilance,Criminal Law,IPC-Criminal Breach of Trust,Delhi,East Delhi,Low,2,4,9,343,10,2,38.88,No
CASE04696,Corporate & Commercial Law,Corporate Law,Arbitration-Challenge,Madhya Pradesh,Bhopal,Medium,2,5,3,178,8,4,41,Conditional
CASE04697,Motor Accident Claims,Civil Law,Torts-Motor Accident,Delhi,Central Delhi,Medium,6,3,8,119,5,4,56.16,Conditional
CASE04698,Immigration & Passport Matters,Administrative Law,Service-Transfer,Madhya Pradesh,Sagar,High,8,2,4,55,3,6,36,No
CASE04699,Writ Petitions,Constitutional Law,Writ-Mandamus,Bihar,Patna,Low,7,1,7,255,5,3,38.72,No
CASE04700,Human Rights & PIL,Constitutional Law,Fundamental Rights-Article 14,Tamil Nadu,Vellore,Low,9,5,8,176,8,4,33.99,No
CASE04701,Writ Petitions,Constitutional Law,Writ-Prohibition,West Bengal,Asansol,Medium,8,7,8,193,6,6,12,No
CASE04702,Constitutional Law,Constitutional Law,Writ-Habeas Corpus,Punjab,Amritsar,High,2,4,4,386,4,3,0,No
CASE04703,Medical Negligence,Civil Law,Services-Health,Uttar Pradesh,Agra,High,3,5,8,35,9,3,22.08,No
CASE04704,Company / Insolvency (NCLT-NCLAT),Corporate Law,Arbitration-Enforcement,Karnataka,Mangalore,High,2,3,3,346,2,4,13.52,No
CASE04705,Cyber Crime & IT Act,Criminal Law,Cyber Crime-Cyber Stalking,West Bengal,Howrah,Medium,3,8,6,103,3,3,39,No
CASE04706,Family Disputes,Family Law,Inheritance-Intestate,Punjab,Patiala,Medium,8,9,5,173,10,2,78,Yes
CASE04707,Immigration & Passport Matters,Administrative Law,Licensing,Punjab,Jalandhar,Medium,8,5,9,335,4,6,46,Conditional
CASE04708,Constitutional Law,Constitutional Law,Fundamental Rights-Article 15,Tamil Nadu,Salem,High,10,1,4,84,10,6,16.48,No
CASE04709,Cyber Crime & IT Act,Criminal Law,Cyber Crime-Cyber Stalking,Madhya Pradesh,Bhopal,Medium,10,3,4,72,2,6,60,Yes
CASE04710,Immigration & Passport Matters,Administrative Law,Licensing,Uttar Pradesh,Agra,High,6,4,5,96,9,4,30.36,No
CASE04711,Motor Accident Claims,Civil Law,Torts-Motor Accident,Uttar Pradesh,Meerut,Medium,2,7,6,251,5,3,53.36,Conditional
CASE04712,Labour & Employment Disputes,Labour Law,Termination-Retirement,Haryana,Hisar,High,5,3,7,113,9,2,31,No
CASE04713,Cyber Crime & IT Act,Criminal Law,IPC-Cheating,Kerala,Kochi,Medium,2,6,6,111,4,3,29.7,No
CASE04714,Bail Applications,Criminal Law,IPC-Murder,Uttar Pradesh,Agra,Medium,7,2,9,283,5,6,28.52,No
CASE04715,Cyber Crime & IT Act,Criminal Law,Cyber Crime-Cyber Stalking,Delhi,New Delhi,Low,1,7,7,364,5,3,50.76,Conditional
CASE04716,Motor Accident Claims,Civil Law,Torts-Motor Accident,Tamil Nadu,Madurai,Low,9,8,3,62,2,3,96.82,Yes
CASE04717,Property Disputes,Property Law,Housing-Society,Bihar,Muzaffarpur,Medium,9,8,3,297,9,4,56.32,Conditional
CASE04718,Arbitration & Mediation,Corporate Law,Arbitration-International,West Bengal,Kolkata,Low,1,7,3,55,4,5,52,Conditional
CASE04719,Immigration & Passport Matters,Administrative Law,Service-Transfer,West Bengal,Siliguri,Low,6,1,3,144,2,5,72,Yes
CASE04720,Criminal Appeals,Criminal Law,IPC-Cheating,Maharashtra,Solapur,Low,5,2,6,49,7,2,57.75,Conditional
CASE04721,Motor Accident Claims,Civil Law,Torts-Motor Accident,Maharashtra,Solapur,Low,2,4,7,81,1,3,77.7,Yes
CASE04722,Bail Applications,Criminal Law,IPC-Hurt,Bihar,Gaya,Medium,7,2,6,195,10,6,42.24,Conditional
CASE04723,Bail Applications,Criminal Law,IPC-Assault,Delhi,New Delhi,Low,9,10,8,381,6,5,61.56,Yes
CASE04724,Motor Accident Claims,Civil Law,Torts-Motor Accident,Rajasthan,Ajmer,Low,2,1,7,43,2,6,66.03,Yes
CASE04725,Writ Petitions,Constitutional Law,Writ-Prohibition,Delhi,North Delhi,Low,6,7,9,255,4,2,19.44,No
CASE04726,Intellectual Property,Civil Law,Design,Rajasthan,Kota,High,2,3,7,160,4,3,31.62,No
CASE04727,Family Disputes,Family Law,Child Custody-Physical,Delhi,East Delhi,Medium,8,10,6,289,4,5,90.72,Yes
CASE04728,Tax Law (Direct & Indirect),Administrative Law,Taxation-Service,Bihar,Patna,Medium,8,1,5,307,2,3,56.32,Conditional
CASE04729,Constitutional Law,Constitutional Law,Fundamental Rights-Article 15,Uttar Pradesh,Varanasi,High,3,6,7,318,2,4,0,No
CASE04730,Bail Applications,Criminal Law,IPC-Hurt,Gujarat,Ahmedabad,Medium,6,10,3,105,10,5,38,No
CASE04731,Medical Negligence,Civil Law,Torts-Medical Negligence,Kerala,Kollam,High,5,1,6,142,7,3,55,Conditional
CASE04732,Insurance Claims,Consumer Law,Torts-Motor Accident,Assam,Silchar,High,4,2,3,318,10,3,40,Conditional
CASE04733,Real Estate & RERA,Property Law,Housing-Society,West Bengal,Howrah,High,10,6,6,375,3,4,45,Conditional
CASE04734,Company / Insolvency (NCLT-NCLAT),Corporate Law,Oppression-Mismanagement,Delhi,West Delhi,Medium,2,8,8,278,1,6,20.52,No
CASE04735,Immigration & Passport Matters,Administrative Law,Licensing,Punjab,Ludhiana,Medium,4,6,6,141,3,6,44,Conditional
CASE04736,Family Disputes,Family Law,Maintenance-Spousal,Assam,Guwahati,Low,9,9,9,186,10,3,85,Yes
CASE04737,Tax Law (Direct & Indirect),Administrative Law,Taxation-Service,Haryana,Faridabad,Medium,10,3,8,179,10,5,47,Conditional
CASE04738,Labour & Employment Disputes,Labour Law,Wages-Overtime,Uttar Pradesh,Noida,High,9,1,9,343,8,3,26.68,No
CASE04739,Company / Insolvency (NCLT-NCLAT),Corporate Law,Arbitration-Enforcement,West Bengal,Howrah,Low,10,3,5,372,7,3,70,Yes
CASE04740,Property Disputes,Property Law,Lease-Commercial,Haryana,Panipat,Low,2,8,6,365,10,4,58,Conditional
CASE04741,Insurance Claims,Consumer Law,Services-Insurance,Assam,Nagaon,Medium,2,1,9,228,10,4,31,No
CASE04742,Immigration & Passport Matters,Administrative Law,Service-Transfer,Kerala,Alappuzha,Medium,2,5,7,125,3,3,44,Conditional
CASE04743,Tax Law (Direct & Indirect),Administrative Law,Taxation-Professional,Bihar,Muzaffarpur,High,1,2,3,89,9,3,14.08,No
CASE04744,NI Act / Cheque Bounce,Criminal Law,IPC-Criminal Breach of Trust,Rajasthan,Udaipur,Low,8,8,4,291,5,3,54.87,Conditional
CASE04745,Writ Petitions,Constitutional Law,Writ-Certiorari,Karnataka,Belgaum,Medium,6,10,5,115,2,6,20.8,No
CASE04746,Tax Law (Direct & Indirect),Administrative Law,Taxation-Property,Haryana,Rohtak,Low,4,3,7,345,8,4,63,Yes
CASE04747,Medical Negligence,Civil Law,Services-Health,Haryana,Panipat,Medium,9,5,4,314,7,2,77,Yes
CASE04748,NI Act / Cheque Bounce,Criminal Law,IPC-Cheating,Delhi,New Delhi,Low,3,8,5,69,9,3,57.24,Conditional
CASE04749,Constitutional Law,Constitutional Law,Fundamental Rights-Article 14,Rajasthan,Udaipur,Low,3,8,4,400,10,6,27.9,No
CASE04750,Banking & Debt Recovery,Corporate Law,Contract-Breach,Rajasthan,Jodhpur,Medium,5,9,3,281,1,3,40.92,Conditional
CASE04751,Immigration & Passport Matters,Administrative Law,Service-Transfer,Rajasthan,Udaipur,Low,8,9,7,47,4,4,64.17,Yes
CASE04752,Immigration & Passport Matters,Administrative Law,Licensing,Madhya Pradesh,Indore,High,7,3,3,289,8,6,33,No
CASE04753,Labour & Employment Disputes,Labour Law,Harassment-Sexual,West Bengal,Asansol,High,9,3,6,360,8,2,49,Conditional
CASE04754,Writ Petitions,Constitutional Law,Writ-Prohibition,Haryana,Gurugram,High,2,3,5,119,1,4,0,No
CASE04755,Constitutional Law,Constitutional Law,Fundamental Rights-Article 15,Kerala,Kochi,Low,8,1,3,201,2,2,47.3,Conditional
CASE04756,Constitutional Law,Constitutional Law,Writ-Habeas Corpus,Madhya Pradesh,Jabalpur,High,4,8,5,266,5,5,1,No
CASE04757,Motor Accident Claims,Civil Law,Torts-Motor Accident,Madhya Pradesh,Ujjain,Medium,3,4,4,270,8,5,57,Conditional
CASE04758,Consumer Protection,Consumer Law,Products-Vehicles,Uttar Pradesh,Lucknow,Low,10,8,8,42,6,2,72.68,Yes
CASE04759,Environmental Law,Criminal Law,Environment-Pollution,Delhi,New Delhi,Medium,10,8,9,133,10,6,44.28,Conditional
CASE04760,Corporate & Commercial Law,Corporate Law,Arbitration-Challenge,Punjab,Jalandhar,High,3,3,8,251,5,5,1,No
CASE04761,Banking & Debt Recovery,Corporate Law,Insolvency,Kerala,Thrissur,Medium,4,6,4,210,1,2,41.8,Conditional
CASE04762,NI Act / Cheque Bounce,Criminal Law,IPC-Cheating,Delhi,New Delhi,Medium,5,4,9,51,3,4,30.24,No
CASE04763,Medical Negligence,Civil Law,Torts-Medical Negligence,Karnataka,Davangere,Medium,7,6,7,168,7,4,76.96,Yes
CASE04764,Immigration & Passport Matters,Administrative Law,Licensing,Karnataka,Hubli,Medium,9,7,9,221,3,3,49.92,Conditional
CASE04765,Medical Negligence,Civil Law,Services-Health,Delhi,West Delhi,Medium,10,9,9,209,1,3,74.52,Yes
CASE04766,Arbitration & Mediation,Corporate Law,Arbitration-International,Gujarat,Jamnagar,Medium,8,9,3,202,10,2,57,Conditional
CASE04767,Arbitration & Mediation,Corporate Law,Arbitration-Challenge,Uttar Pradesh,Noida,Low,10,9,9,374,3,3,51.52,Conditional
CASE04768,Environmental Law,Criminal Law,Environment-Forest,Rajasthan,Jodhpur,Low,10,5,3,92,10,3,62.31,Yes
CASE04769,Intellectual Property,Civil Law,Patent,Kerala,Kollam,Low,4,1,6,381,6,6,89.1,Yes
CASE04770,Insurance Claims,Consumer Law,Services-Insurance,Delhi,South Delhi,Medium,2,7,9,111,6,6,36.72,No
CASE04771,Arbitration & Mediation,Corporate Law,Arbitration-Appointment,Kerala,Kochi,High,3,8,8,108,7,6,4.4,No
CASE04772,Anti-Corruption & Vigilance,Criminal Law,IPC-Criminal Breach of Trust,Rajasthan,Kota,Medium,6,4,8,320,2,2,23.25,No
CASE04773,Family Disputes,Family Law,Divorce-Contested,Haryana,Rohtak,Low,7,4,4,124,1,3,95,Yes
CASE04774,Labour & Employment Disputes,Labour Law,Wages-Minimum,Madhya Pradesh,Jabalpur,High,5,5,5,181,8,4,37,No
CASE04775,Human Rights & PIL,Constitutional Law,Fundamental Rights-Article 21,Maharashtra,Navi Mumbai,Medium,5,9,6,296,3,3,26.25,No
CASE04776,Constitutional Law,Constitutional Law,Fundamental Rights-Article 14,Tamil Nadu,Madurai,Medium,1,6,3,284,9,4,7.21,No
CASE04777,Immigration & Passport Matters,Administrative Law,Service-Transfer,West Bengal,Hooghly,Medium,9,4,9,103,7,3,44,Conditional
CASE04778,Writ Petitions,Constitutional Law,Writ-Certiorari,Maharashtra,Thane,High,4,2,9,272,3,2,0,No
CASE04779,Writ Petitions,Constitutional Law,Writ-Quo Warranto,Assam,Nagaon,Low,4,8,5,104,1,6,33,No
CASE04780,Property Disputes,Property Law,Housing-Society,Delhi,New Delhi,Low,10,2,3,93,1,2,89.64,Yes
CASE04781,NI Act / Cheque Bounce,Criminal Law,IPC-Criminal Breach of Trust,West Bengal,Asansol,Low,9,6,4,304,9,3,67,Yes
CASE04782,NI Act / Cheque Bounce,Criminal Law,IPC-Cheating,Assam,Guwahati,Medium,2,4,9,163,9,2,19,No
CASE04783,Environmental Law,Criminal Law,Environment-Forest,Madhya Pradesh,Indore,Medium,8,4,6,120,9,3,45,Conditional
CASE04784,Banking & Debt Recovery,Corporate Law,Corporate-Fraud,Assam,Jorhat,Medium,1,8,6,396,4,3,36,No
CASE04785,Motor Accident Claims,Civil Law,Torts-Motor Accident,Punjab,Bathinda,Medium,4,6,7,377,10,2,64,Yes
CASE04786,Writ Petitions,Constitutional Law,Writ-Certiorari,Assam,Tinsukia,Low,8,10,7,38,1,5,49,Conditional
CASE04787,Property Disputes,Property Law,Mortgage-Dispute,Delhi,West Delhi,High,10,3,9,315,3,5,43.2,Conditional
CASE04788,Consumer Protection,Consumer Law,Products-Vehicles,Maharashtra,Solapur,Medium,7,5,9,100,1,4,48.3,Conditional
CASE04789,Intellectual Property,Civil Law,Patent,Gujarat,Surat,Medium,6,1,4,92,1,5,71,Yes
CASE04790,Banking & Debt Recovery,Corporate Law,Corporate-Fraud,Gujarat,Jamnagar,Medium,4,2,7,202,3,3,39,No
CASE04791,Human Rights & PIL,Constitutional Law,Fundamental Rights-Article 14,Assam,Jorhat,Medium,3,10,5,105,5,6,11,No
CASE04792,Banking & Debt Recovery,Corporate Law,Corporate-Fraud,West Bengal,Siliguri,High,7,2,3,345,8,2,33,No
CASE04793,NI Act / Cheque Bounce,Criminal Law,IPC-Cheating,Haryana,Rohtak,Medium,9,4,6,117,9,5,56,Conditional
CASE04794,Real Estate & RERA,Property Law,Housing-Society,Tamil Nadu,Tirunelveli,Medium,1,3,9,326,10,6,25.75,No
CASE04795,Bail Applications,Criminal Law,IPC-Assault,Karnataka,Belgaum,Low,8,1,7,76,8,4,69.68,Yes
CASE04796,Consumer Protection,Consumer Law,Practices-Misleading Ads,Uttar Pradesh,Lucknow,Low,9,2,7,94,1,6,81.88,Yes
CASE04797,Company / Insolvency (NCLT-NCLAT),Corporate Law,Insolvency,Karnataka,Davangere,Low,1,1,3,253,8,4,48.88,Conditional
CASE04798,Environmental Law,Criminal Law,Environment-Pollution,Maharashtra,Aurangabad,Medium,6,4,5,110,10,5,39.9,No
CASE04799,Environmental Law,Criminal Law,Environment-Forest,Madhya Pradesh,Indore,Medium,4,7,6,151,4,6,32,No
CASE04800,Real Estate & RERA,Property Law,Lease-Commercial,Haryana,Ambala,High,7,9,9,300,10,5,25,No
CASE04801,Tax Law (Direct & Indirect),Administrative Law,Taxation-Professional,Uttar Pradesh,Meerut,Medium,7,6,7,181,4,5,50.6,Conditional
CASE04802,Family Disputes,Family Law,Divorce-Contested,Maharashtra,Thane,Medium,7,8,8,234,9,6,60.9,Yes
CASE04803,Intellectual Property,Civil Law,Trade Mark,West Bengal,Howrah,Medium,6,5,3,389,10,6,66,Yes
CASE04804,Insurance Claims,Consumer Law,Services-Insurance,Kerala,Kochi,Medium,8,10,8,273,8,5,58.3,Conditional
CASE04805,Anti-Corruption & Vigilance,Criminal Law,IPC-Cheating,Kerala,Kochi,Medium,6,5,7,339,9,2,45.1,Conditional
CASE04806,Corporate & Commercial Law,Corporate Law,Contract-Breach,Bihar,Bhagalpur,Medium,5,8,8,193,6,3,22,No
CASE04807,Company / Insolvency (NCLT-NCLAT),Corporate Law,Oppression-Mismanagement,Kerala,Thrissur,Medium,7,3,7,346,5,5,57.2,Conditional
CASE04808,Consumer Protection,Consumer Law,Practices-Misleading Ads,Maharashtra,Mumbai,High,2,2,3,132,1,4,33.6,No
CASE04809,Property Disputes,Property Law,Building-Construction,Madhya Pradesh,Jabalpur,Medium,10,9,3,126,10,5,70,Yes
CASE04810,Medical Negligence,Civil Law,Torts-Medical Negligence,Uttar Pradesh,Noida,Medium,3,4,5,112,6,2,50.6,Conditional
CASE04811,Constitutional Law,Constitutional Law,Fundamental Rights-Article 15,Rajasthan,Udaipur,Medium,1,3,4,278,10,6,8.37,No
CASE04812,Human Rights & PIL,Constitutional Law,PIL-Public Interest,Kerala,Thiruvananthapuram,Low,2,7,6,358,7,5,31.9,No
CASE04813,Cyber Crime & IT Act,Criminal Law,Cyber Crime-Phishing,Haryana,Panipat,Medium,4,9,5,338,9,5,36,No
CASE04814,POCSO & Juvenile Justice,Criminal Law,IPC-Gang Rape,Haryana,Gurugram,High,2,1,7,83,5,5,16,No
CASE04815,Consumer Protection,Consumer Law,Products-Vehicles,Assam,Silchar,Medium,10,10,3,105,10,6,72,Yes
CASE04816,Intellectual Property,Civil Law,Copyright,Rajasthan,Kota,High,9,8,5,238,10,3,49.29,Conditional
CASE04817,Human Rights & PIL,Constitutional Law,Fundamental Rights-Article 15,Tamil Nadu,Madurai,Low,6,10,6,343,8,4,44.29,Conditional
CASE04818,Immigration & Passport Matters,Administrative Law,Licensing,West Bengal,Howrah,Medium,1,8,5,272,4,3,42,Conditional
CASE04819,Company / Insolvency (NCLT-NCLAT),Corporate Law,Oppression-Mismanagement,Uttar Pradesh,Lucknow,High,3,8,6,196,3,2,17.48,No
CASE04820,Anti-Corruption & Vigilance,Criminal Law,IPC-Cheating,West Bengal,Asansol,Medium,10,6,7,341,2,2,53,Conditional
CASE04821,Insurance Claims,Consumer Law,Services-Insurance,Rajasthan,Kota,High,8,2,5,133,3,5,41.85,Conditional
CASE04822,Anti-Corruption & Vigilance,Criminal Law,IPC-Criminal Breach of Trust,Kerala,Kozhikode,High,4,10,3,57,4,2,17.6,No
CASE04823,NI Act / Cheque Bounce,Criminal Law,IPC-Criminal Breach of Trust,Rajasthan,Udaipur,Medium,3,9,9,255,8,3,21.39,No
CASE04824,Civil Suits,Civil Law,Contract-Breach,Kerala,Kollam,Medium,7,4,3,121,3,4,74.8,Yes
CASE04825,Human Rights & PIL,Constitutional Law,PIL-Public Interest,West Bengal,Hooghly,Low,6,1,9,370,8,3,23,No
CASE04826,Corporate & Commercial Law,Corporate Law,Director-Conflict,Madhya Pradesh,Ujjain,Low,6,1,8,140,9,2,51,Conditional
CASE04827,Intellectual Property,Civil Law,Copyright,Bihar,Patna,Medium,6,7,9,371,2,4,47.52,Conditional
CASE04828,Environmental Law,Criminal Law,Environment-Pollution,Kerala,Alappuzha,Low,8,6,7,363,10,6,74.8,Yes
CASE04829,Human Rights & PIL,Constitutional Law,Fundamental Rights-Article 19,Bihar,Gaya,Medium,8,7,9,326,1,2,15.84,No
CASE04830,Intellectual Property,Civil Law,Design,Assam,Guwahati,Medium,1,6,6,47,3,3,50,Conditional
CASE04831,Tax Law (Direct & Indirect),Administrative Law,Taxation-Professional,West Bengal,Hooghly,Medium,7,6,3,291,6,6,57,Conditional
CASE04832,Banking & Debt Recovery,Corporate Law,Corporate-Fraud,Maharashtra,Aurangabad,Medium,8,2,5,146,1,2,61.95,Yes
CASE04833,Bail Applications,Criminal Law,IPC-Hurt,Punjab,Patiala,High,7,7,8,400,4,6,13,No
CASE04834,Real Estate & RERA,Property Law,Building-Construction,Assam,Guwahati,Medium,10,1,5,94,7,2,67,Yes
CASE04835,Labour & Employment Disputes,Labour Law,Industrial-Retrenchment,Haryana,Hisar,Medium,2,4,3,62,4,3,42,Conditional
CASE04836,Civil Suits,Civil Law,Contract-Breach,Delhi,New Delhi,Medium,6,6,3,76,7,4,73.44,Yes
CASE04837,Cyber Crime & IT Act,Criminal Law,Cyber Crime-Cyber Stalking,Kerala,Thrissur,Medium,4,6,8,324,3,3,23.1,No
CASE04838,Corporate & Commercial Law,Corporate Law,Shareholder-Issues,Delhi,New Delhi,Low,6,8,6,258,7,2,68.04,Yes
CASE04839,Company / Insolvency (NCLT-NCLAT),Corporate Law,Oppression-Mismanagement,Uttar Pradesh,Allahabad,High,8,1,4,57,3,6,31.28,No
CASE04840,Immigration & Passport Matters,Administrative Law,Service-Transfer,Uttar Pradesh,Lucknow,High,7,3,7,135,1,6,34.96,No
CASE04841,Real Estate & RERA,Property Law,Lease-Residential,Gujarat,Ahmedabad,Medium,6,4,6,205,6,5,60,Yes
CASE04842,Constitutional Law,Constitutional Law,Fundamental Rights-Article 14,Punjab,Jalandhar,Low,2,7,4,220,5,5,27,No
CASE04843,Criminal Appeals,Criminal Law,IPC-Hurt,Maharashtra,Nagpur,Low,9,5,3,56,8,6,73.5,Yes
CASE04844,Insurance Claims,Consumer Law,Torts-Motor Accident,Kerala,Kozhikode,Medium,2,4,9,48,8,2,36.3,No
CASE04845,POCSO & Juvenile Justice,Criminal Law,IPC-Gang Rape,West Bengal,Howrah,Low,10,10,7,68,8,6,73,Yes
CASE04846,Real Estate & RERA,Property Law,Lease-Residential,Tamil Nadu,Tiruchirappalli,Medium,1,6,3,230,3,3,41.2,Conditional
CASE04847,NI Act / Cheque Bounce,Criminal Law,IPC-Criminal Breach of Trust,Gujarat,Jamnagar,Medium,5,6,5,190,4,5,42,Conditional
CASE04848,Anti-Corruption & Vigilance,Criminal Law,IPC-Cheating,Rajasthan,Kota,Medium,2,5,6,130,5,6,24.18,No
CASE04849,Banking & Debt Recovery,Corporate Law,Contract-Breach,Madhya Pradesh,Jabalpur,Medium,2,1,7,343,5,5,41,Conditional
CASE04850,NI Act / Cheque Bounce,Criminal Law,IPC-Criminal Breach of Trust,Kerala,Kollam,Low,5,8,6,32,1,6,56.1,Conditional
CASE04851,POCSO & Juvenile Justice,Criminal Law,IPC-Rape,Assam,Dibrugarh,Low,10,1,8,373,9,3,56,Conditional
CASE04852,Tax Law (Direct & Indirect),Administrative Law,Taxation-Property,Madhya Pradesh,Jabalpur,Medium,4,9,8,378,5,2,30,No
CASE04853,Anti-Corruption & Vigilance,Criminal Law,IPC-Criminal Breach of Trust,Assam,Silchar,High,3,8,4,181,8,5,17,No
CASE04854,Family Disputes,Family Law,Domestic Violence-Physical,Madhya Pradesh,Bhopal,Low,2,6,7,90,7,5,71,Yes
CASE04855,Bail Applications,Criminal Law,IPC-Hurt,Delhi,West Delhi,High,3,7,9,113,5,5,1.08,No
CASE04856,Real Estate & RERA,Property Law,Lease-Residential,Punjab,Ludhiana,Medium,8,5,7,196,2,3,66,Yes
CASE04857,Constitutional Law,Constitutional Law,Writ-Habeas Corpus,Haryana,Panipat,Medium,5,4,6,363,7,5,19,No
CASE04858,Cyber Crime & IT Act,Criminal Law,Cyber Crime-Phishing,Kerala,Thiruvananthapuram,Low,2,1,3,208,9,3,46.2,Conditional
CASE04859,Tax Law (Direct & Indirect),Administrative Law,Taxation-Property,Tamil Nadu,Tirunelveli,Low,7,1,6,162,9,4,78.28,Yes
CASE04860,Human Rights & PIL,Constitutional Law,Fundamental Rights-Article 14,Madhya Pradesh,Gwalior,High,8,3,3,224,9,4,7,No
CASE04861,Intellectual Property,Civil Law,Geographical Indication,Assam,Jorhat,Medium,7,2,5,286,9,5,75,Yes
CASE04862,Bail Applications,Criminal Law,IPC-Assault,Kerala,Kozhikode,Medium,10,4,6,175,4,4,60.5,Yes
CASE04863,Property Disputes,Property Law,Lease-Commercial,Assam,Dibrugarh,Low,10,6,3,52,10,2,90,Yes
CASE04864,Tax Law (Direct & Indirect),Administrative Law,Taxation-Property,Tamil Nadu,Vellore,Low,8,9,7,376,2,6,76.22,Yes
CASE04865,Anti-Corruption & Vigilance,Criminal Law,IPC-Cheating,West Bengal,Asansol,Low,6,8,4,31,3,4,58,Conditional
CASE04866,Bail Applications,Criminal Law,IPC-Murder,Gujarat,Ahmedabad,Medium,9,8,6,169,1,5,54,Conditional
CASE04867,Immigration & Passport Matters,Administrative Law,Service-Transfer,Gujarat,Rajkot,Low,6,8,6,267,10,3,71,Yes
CASE04868,Property Disputes,Property Law,Land-Encroachment,Gujarat,Rajkot,Medium,9,7,5,239,9,4,69,Yes
CASE04869,Real Estate & RERA,Property Law,Lease-Residential,Rajasthan,Udaipur,Medium,10,7,4,151,5,4,67.89,Yes
CASE04870,Banking & Debt Recovery,Corporate Law,Corporate-Fraud,West Bengal,Siliguri,Low,8,4,9,284,9,5,57,Conditional
CASE04871,Real Estate & RERA,Property Law,Lease-Residential,Rajasthan,Kota,Medium,9,5,9,249,7,3,44.64,Conditional
CASE04872,Arbitration & Mediation,Corporate Law,Arbitration-Appointment,Tamil Nadu,Erode,High,6,6,5,94,9,3,32.96,No
CASE04873,Real Estate & RERA,Property Law,Building-Construction,Bihar,Patna,Medium,2,3,7,163,5,4,37.84,No
CASE04874,Environmental Law,Criminal Law,Environment-Forest,West Bengal,Siliguri,Medium,2,3,9,268,7,6,21,No
CASE04875,Labour & Employment Disputes,Labour Law,Compensation-Accident,Madhya Pradesh,Sagar,High,5,10,3,96,6,6,40,Conditional
CASE04876,Tax Law (Direct & Indirect),Administrative Law,Taxation-Professional,Punjab,Patiala,Medium,7,9,5,148,1,3,60,Yes
CASE04877,Corporate & Commercial Law,Corporate Law,Director-Conflict,Maharashtra,Mumbai,Low,2,6,4,316,10,3,51.45,Conditional
CASE04878,Motor Accident Claims,Civil Law,Torts-Motor Accident,Karnataka,Hubli,High,9,8,5,291,4,5,56.16,Conditional
CASE04879,Arbitration & Mediation,Corporate Law,Arbitration-Appointment,Uttar Pradesh,Varanasi,Medium,1,10,5,133,4,2,32.2,No
CASE04880,Anti-Corruption & Vigilance,Criminal Law,IPC-Cheating,Haryana,Gurugram,High,2,6,4,108,4,3,13,No
CASE04881,Corporate & Commercial Law,Corporate Law,Arbitration-Enforcement,Karnataka,Bangalore,High,10,1,8,151,2,2,21.84,No
CASE04882,Bail Applications,Criminal Law,IPC-Assault,Madhya Pradesh,Ujjain,Medium,10,2,6,362,3,5,57,Conditional
CASE04883,Corporate & Commercial Law,Corporate Law,Contract-Breach,Karnataka,Bangalore,Medium,8,8,8,343,5,6,39.52,No
CASE04884,Insurance Claims,Consumer Law,Services-Insurance,Delhi,North Delhi,Medium,4,4,3,207,5,2,57.24,Conditional
CASE04885,Human Rights & PIL,Constitutional Law,Fundamental Rights-Article 14,Uttar Pradesh,Noida,Medium,3,5,8,329,4,5,0,No
CASE04886,Anti-Corruption & Vigilance,Criminal Law,IPC-Criminal Breach of Trust,Madhya Pradesh,Ujjain,High,2,1,7,309,10,5,6,No
CASE04887,Labour & Employment Disputes,Labour Law,Wages-Overtime,Bihar,Muzaffarpur,Medium,2,2,6,167,2,3,38.72,No
CASE04888,Labour & Employment Disputes,Labour Law,Termination-Wrongful,Punjab,Ludhiana,Medium,6,4,9,151,10,2,48,Conditional
CASE04889,Cyber Crime & IT Act,Criminal Law,Cyber Crime-Cyber Stalking,Gujarat,Jamnagar,High,2,3,4,241,7,4,7,No
CASE04890,Intellectual Property,Civil Law,Geographical Indication,Delhi,North Delhi,Medium,10,5,4,107,6,4,87.48,Yes
CASE04891,Corporate & Commercial Law,Corporate Law,Oppression-Mismanagement,Uttar Pradesh,Lucknow,Medium,10,3,8,339,4,6,36.8,No
CASE04892,Property Disputes,Property Law,Lease-Commercial,Assam,Guwahati,Medium,5,10,3,256,3,3,53,Conditional
CASE04893,Anti-Corruption & Vigilance,Criminal Law,IPC-Criminal Breach of Trust,Punjab,Ludhiana,Medium,5,2,5,317,4,5,35,No
CASE04894,Cyber Crime & IT Act,Criminal Law,Cyber Crime-Identity Theft,Karnataka,Mysore,Medium,3,3,3,300,7,4,35.36,No
CASE04895,Criminal Appeals,Criminal Law,IPC-Hurt,Assam,Dibrugarh,Medium,10,8,8,304,9,3,40,Conditional
CASE04896,Writ Petitions,Constitutional Law,Writ-Habeas Corpus,Delhi,New Delhi,Medium,10,8,4,289,9,3,37.8,No
CASE04897,Constitutional Law,Constitutional Law,Fundamental Rights-Article 14,Maharashtra,Nagpur,High,9,9,6,144,9,5,16.8,No
CASE04898,Writ Petitions,Constitutional Law,Writ-Certiorari,Rajasthan,Udaipur,Medium,2,5,4,71,7,3,5.58,No
CASE04899,Company / Insolvency (NCLT-NCLAT),Corporate Law,Arbitration-Enforcement,Assam,Nagaon,High,3,5,9,38,8,3,4,No
CASE04900,Criminal Appeals,Criminal Law,IPC-Murder,Haryana,Faridabad,Medium,7,7,7,276,2,2,46,Conditional
CASE04901,Cyber Crime & IT Act,Criminal Law,Cyber Crime-Phishing,Maharashtra,Mumbai,Medium,10,1,9,393,8,6,40.95,Conditional
CASE04902,Civil Suits,Civil Law,Property-Title,Gujarat,Bhavnagar,Medium,9,5,5,351,2,4,76,Yes
CASE04903,Environmental Law,Criminal Law,Environment-Pollution,Kerala,Thiruvananthapuram,Medium,10,6,6,267,10,2,62.7,Yes
CASE04904,Intellectual Property,Civil Law,Trade Mark,Delhi,Central Delhi,Medium,2,1,6,308,10,5,65.88,Yes
CASE04905,Constitutional Law,Constitutional Law,Writ-Mandamus,Kerala,Kochi,Medium,5,7,4,355,4,6,18.7,No
CASE04906,Family Disputes,Family Law,Maintenance-Spousal,Rajasthan,Udaipur,Low,7,2,5,218,9,3,85.56,Yes
CASE04907,Banking & Debt Recovery,Corporate Law,Corporate-Fraud,Assam,Silchar,Low,10,7,4,292,10,6,77,Yes
CASE04908,Bail Applications,Criminal Law,IPC-Murder,Uttar Pradesh,Kanpur,Medium,9,5,9,199,3,4,37.72,No
CASE04909,NI Act / Cheque Bounce,Criminal Law,IPC-Cheating,Tamil Nadu,Chennai,Low,5,6,4,170,10,6,56.65,Conditional
CASE04910,Civil Suits,Civil Law,Torts-Motor Accident,Punjab,Bathinda,Medium,1,10,7,68,5,3,49,Conditional
CASE04911,Medical Negligence,Civil Law,Torts-Medical Negligence,Maharashtra,Amravati,Medium,1,5,4,124,9,2,53.55,Conditional
CASE04912,Consumer Protection,Consumer Law,Products-Vehicles,Tamil Nadu,Chennai,Medium,5,2,6,58,9,6,56.65,Conditional
CASE04913,Medical Negligence,Civil Law,Services-Health,West Bengal,Kolkata,High,4,6,3,201,6,2,41,Conditional
CASE04914,Family Disputes,Family Law,Inheritance-Intestate,West Bengal,Asansol,Medium,4,7,7,106,4,4,67,Yes
CASE04915,Immigration & Passport Matters,Administrative Law,Licensing,Rajasthan,Kota,High,7,8,8,255,10,3,22.32,No
CASE04916,Cyber Crime & IT Act,Criminal Law,Cyber Crime-Hacking,Delhi,West Delhi,Medium,6,8,7,94,10,3,51.84,Conditional
CASE04917,Company / Insolvency (NCLT-NCLAT),Corporate Law,Oppression-Mismanagement,Delhi,North Delhi,Medium,8,2,5,204,6,5,62.64,Yes
CASE04918,Family Disputes,Family Law,Child Custody-Legal,Tamil Nadu,Madurai,High,7,10,8,186,1,6,39.14,No
CASE04919,Arbitration & Mediation,Corporate Law,Arbitration-International,Maharashtra,Mumbai,Low,5,5,6,309,8,3,67.2,Yes
CASE04920,Writ Petitions,Constitutional Law,Writ-Mandamus,Haryana,Hisar,Medium,3,7,3,337,9,2,18,No
CASE04921,POCSO & Juvenile Justice,Criminal Law,IPC-Acid Attack,Maharashtra,Solapur,Medium,3,8,6,325,8,4,39.9,No
CASE04922,Property Disputes,Property Law,Building-Construction,West Bengal,Hooghly,Medium,10,3,9,394,5,5,50,Conditional
CASE04923,Company / Insolvency (NCLT-NCLAT),Corporate Law,Arbitration-Enforcement,Maharashtra,Solapur,High,1,8,7,131,9,5,11.55,No
CASE04924,Criminal Appeals,Criminal Law,IPC-Cheating,Rajasthan,Kota,High,1,7,6,144,2,5,3.72,No
CASE04925,Banking & Debt Recovery,Corporate Law,Contract-Breach,Uttar Pradesh,Kanpur,High,8,6,6,324,7,2,35.88,No
CASE04926,Criminal Appeals,Criminal Law,IPC-Murder,Delhi,New Delhi,Low,7,7,6,312,4,3,66.96,Yes
CASE04927,Insurance Claims,Consumer Law,Torts-Motor Accident,Gujarat,Vadodara,Medium,6,2,9,252,10,3,51,Conditional
CASE04928,Real Estate & RERA,Property Law,Lease-Residential,Haryana,Faridabad,High,3,7,3,188,10,3,28,No
CASE04929,Labour & Employment Disputes,Labour Law,Wages-Minimum,Haryana,Gurugram,Low,3,8,8,195,2,2,47,Conditional
CASE04930,Immigration & Passport Matters,Administrative Law,Licensing,Bihar,Bhagalpur,Medium,5,1,3,195,5,5,48.4,Conditional
CASE04931,Insurance Claims,Consumer Law,Torts-Motor Accident,West Bengal,Asansol,Low,7,4,9,331,9,6,61,Yes
CASE04932,Consumer Protection,Consumer Law,Practices-Misleading Ads,Assam,Nagaon,Medium,7,3,9,394,10,3,54,Conditional
CASE04933,POCSO & Juvenile Justice,Criminal Law,IPC-Rape,Rajasthan,Jodhpur,Low,7,6,9,238,8,2,39.99,No
CASE04934,Human Rights & PIL,Constitutional Law,Fundamental Rights-Article 21,Punjab,Amritsar,Low,1,3,9,364,9,6,3,No
CASE04935,Real Estate & RERA,Property Law,Lease-Commercial,Maharashtra,Mumbai,Low,10,6,6,108,7,5,85.05,Yes
CASE04936,Insurance Claims,Consumer Law,Services-Insurance,Uttar Pradesh,Lucknow,Medium,6,6,8,55,6,6,44.16,Conditional
CASE04937,POCSO & Juvenile Justice,Criminal Law,IPC-Gang Rape,Bihar,Muzaffarpur,High,3,1,5,191,7,3,10.56,No
CASE04938,Civil Suits,Civil Law,Contract-Breach,West Bengal,Durgapur,Low,6,5,3,360,9,6,84,Yes
CASE04939,Anti-Corruption & Vigilance,Criminal Law,IPC-Cheating,Uttar Pradesh,Allahabad,Medium,5,8,8,216,4,2,19.32,No
CASE04940,Family Disputes,Family Law,Child Custody-Legal,Rajasthan,Jodhpur,Medium,8,6,9,332,6,3,60.45,Yes
CASE04941,Motor Accident Claims,Civil Law,Torts-Motor Accident,Gujarat,Vadodara,Medium,4,6,6,88,5,3,62,Yes
CASE04942,Insurance Claims,Consumer Law,Torts-Motor Accident,Delhi,Central Delhi,High,8,1,4,63,6,3,48.6,Conditional
CASE04943,Constitutional Law,Constitutional Law,Fundamental Rights-Article 14,Haryana,Faridabad,Medium,4,3,3,202,8,2,22,No
CASE04944,Constitutional Law,Constitutional Law,Fundamental Rights-Article 15,Haryana,Gurugram,Medium,4,3,9,296,6,3,5,No
CASE04945,Insurance Claims,Consumer Law,Torts-Motor Accident,Punjab,Bathinda,Medium,4,10,9,71,4,2,46,Conditional
CASE04946,Writ Petitions,Constitutional Law,Writ-Habeas Corpus,Haryana,Gurugram,Low,9,4,3,278,6,6,43,Conditional
CASE04947,Human Rights & PIL,Constitutional Law,Fundamental Rights-Article 19,Gujarat,Surat,Medium,5,10,5,113,4,5,21,No
CASE04948,Motor Accident Claims,Civil Law,Torts-Motor Accident,Haryana,Gurugram,Medium,9,1,6,316,4,3,77,Yes
CASE04949,Anti-Corruption & Vigilance,Criminal Law,IPC-Cheating,Punjab,Bathinda,Medium,5,5,5,336,9,3,44,Conditional
CASE04950,Intellectual Property,Civil Law,Copyright,Karnataka,Mangalore,Medium,6,4,9,213,2,2,59.28,Conditional
CASE04951,Human Rights & PIL,Constitutional Law,Fundamental Rights-Article 19,Punjab,Bathinda,Low,6,1,7,191,7,4,33,No
CASE04952,Intellectual Property,Civil Law,Patent,Maharashtra,Thane,Medium,4,4,3,129,6,2,60.9,Yes
CASE04953,Motor Accident Claims,Civil Law,Torts-Motor Accident,Madhya Pradesh,Sagar,Medium,2,7,5,278,3,5,53,Conditional
CASE04954,Corporate & Commercial Law,Corporate Law,Director-Conflict,Kerala,Thiruvananthapuram,Medium,9,3,6,138,4,4,62.7,Yes
CASE04955,Criminal Appeals,Criminal Law,IPC-Hurt,Haryana,Ambala,Medium,3,2,6,226,2,6,33,No
CASE04956,Real Estate & RERA,Property Law,Lease-Commercial,Gujarat,Vadodara,High,4,6,4,363,5,4,37,No
CASE04957,Intellectual Property,Civil Law,Trade Mark,Punjab,Jalandhar,Low,6,4,6,368,7,5,86,Yes
CASE04958,Tax Law (Direct & Indirect),Administrative Law,Taxation-Service,Maharashtra,Amravati,Medium,8,8,6,376,9,2,65.1,Yes
CASE04959,Corporate & Commercial Law,Corporate Law,Contract-Breach,Haryana,Rohtak,Medium,5,4,6,319,2,3,48,Conditional
CASE04960,Property Disputes,Property Law,Land-Boundary,Maharashtra,Aurangabad,High,6,5,7,351,10,3,39.9,No
CASE04961,Cyber Crime & IT Act,Criminal Law,IPC-Cheating,Assam,Guwahati,Medium,3,10,8,282,9,5,16,No
CASE04962,Constitutional Law,Constitutional Law,Writ-Habeas Corpus,Delhi,West Delhi,Low,6,2,8,67,2,4,27,No
CASE04963,Cyber Crime & IT Act,Criminal Law,Cyber Crime-Phishing,Uttar Pradesh,Agra,Medium,5,6,3,383,2,5,41.4,Conditional
CASE04964,Immigration & Passport Matters,Administrative Law,Licensing,Rajasthan,Bikaner,High,1,2,5,341,1,6,18.6,No
CASE04965,Criminal Appeals,Criminal Law,IPC-Murder,Punjab,Amritsar,Medium,3,5,5,342,4,6,31,No
CASE04966,Environmental Law,Criminal Law,Environment-Forest,Assam,Nagaon,Medium,3,5,5,353,7,2,37,No
CASE04967,Intellectual Property,Civil Law,Patent,Karnataka,Davangere,Low,8,4,7,297,8,6,97.76,Yes
CASE04968,Intellectual Property,Civil Law,Trade Mark,Haryana,Hisar,Medium,8,3,8,161,8,2,55,Conditional
CASE04969,Motor Accident Claims,Civil Law,Torts-Motor Accident,Haryana,Hisar,High,6,6,8,55,10,3,35,No
CASE04970,Tax Law (Direct & Indirect),Administrative Law,Taxation-Professional,Kerala,Thrissur,Medium,5,3,4,176,7,4,59.4,Conditional
CASE04971,Medical Negligence,Civil Law,Torts-Medical Negligence,Gujarat,Surat,Medium,8,7,6,87,8,5,76,Yes
CASE04972,Arbitration & Mediation,Corporate Law,Arbitration-International,Haryana,Rohtak,Medium,6,1,4,354,9,5,45,Conditional
CASE04973,Anti-Corruption & Vigilance,Criminal Law,IPC-Cheating,Tamil Nadu,Vellore,Medium,1,1,4,263,4,5,31.93,No
CASE04974,Bail Applications,Criminal Law,IPC-Assault,Haryana,Ambala,Low,6,9,7,257,3,3,55,Conditional
CASE04975,Immigration & Passport Matters,Administrative Law,Licensing,Karnataka,Belgaum,Low,6,6,5,107,7,5,72.8,Yes
CASE04976,Company / Insolvency (NCLT-NCLAT),Corporate Law,Oppression-Mismanagement,Madhya Pradesh,Indore,Medium,7,3,7,198,1,2,56,Conditional
CASE04977,Immigration & Passport Matters,Administrative Law,Service-Transfer,Gujarat,Vadodara,Low,4,7,7,167,5,3,64,Yes
CASE04978,Criminal Appeals,Criminal Law,IPC-Murder,Tamil Nadu,Salem,Medium,8,6,4,143,1,5,48.41,Conditional
CASE04979,Intellectual Property,Civil Law,Geographical Indication,Tamil Nadu,Coimbatore,High,9,5,7,271,4,2,58.71,Conditional
CASE04980,Human Rights & PIL,Constitutional Law,Fundamental Rights-Article 14,Bihar,Munger,Medium,8,2,6,233,4,6,26.4,No
CASE04981,Labour & Employment Disputes,Labour Law,Termination-Wrongful,Rajasthan,Ajmer,Medium,2,10,8,67,9,3,24.18,No
CASE04982,Real Estate & RERA,Property Law,Housing-Society,Bihar,Bhagalpur,Medium,5,6,5,34,7,2,49.28,Conditional
CASE04983,Writ Petitions,Constitutional Law,Writ-Quo Warranto,West Bengal,Kolkata,Medium,6,8,8,170,1,4,4,No
CASE04984,Arbitration & Mediation,Corporate Law,Arbitration-Challenge,Haryana,Gurugram,Low,1,6,8,357,7,6,34,No
CASE04985,Environmental Law,Criminal Law,Environment-Pollution,Maharashtra,Solapur,Medium,5,8,9,248,2,2,22.05,No
CASE04986,Intellectual Property,Civil Law,Patent,Maharashtra,Nagpur,Low,8,2,5,396,9,4,90.3,Yes
CASE04987,Insurance Claims,Consumer Law,Torts-Motor Accident,Punjab,Bathinda,Medium,10,1,4,254,2,3,80,Yes
CASE04988,Criminal Appeals,Criminal Law,IPC-Murder,Kerala,Kozhikode,High,9,5,6,357,6,6,38.5,No
CASE04989,Property Disputes,Property Law,Housing-Society,Rajasthan,Bikaner,Medium,7,9,7,184,1,2,59.52,Conditional
CASE04990,Writ Petitions,Constitutional Law,Writ-Certiorari,Uttar Pradesh,Ghaziabad,Medium,9,5,8,342,7,4,15.64,No
CASE04991,Writ Petitions,Constitutional Law,Writ-Quo Warranto,Uttar Pradesh,Kanpur,Medium,5,1,3,184,8,3,17.48,No
CASE04992,Family Disputes,Family Law,Child Custody-Physical,Madhya Pradesh,Sagar,Low,4,1,8,234,5,2,71,Yes
CASE04993,Constitutional Law,Constitutional Law,Writ-Mandamus,Maharashtra,Nagpur,Low,8,8,9,291,4,6,28.35,No
CASE04994,Cyber Crime & IT Act,Criminal Law,Cyber Crime-Hacking,Kerala,Alappuzha,Medium,3,2,8,157,8,5,16.5,No
CASE04995,Company / Insolvency (NCLT-NCLAT),Corporate Law,Arbitration-Enforcement,West Bengal,Kolkata,Medium,10,1,6,164,7,6,61,Yes
CASE04996,Anti-Corruption & Vigilance,Criminal Law,IPC-Criminal Breach of Trust,Karnataka,Gulbarga,Medium,6,10,8,295,6,3,23.92,No
CASE04997,Real Estate & RERA,Property Law,Lease-Residential,Punjab,Jalandhar,High,7,3,7,264,5,2,43,Conditional
CASE04998,Criminal Appeals,Criminal Law,IPC-Murder,Assam,Silchar,High,10,2,3,116,7,6,30,No
CASE04999,Consumer Protection,Consumer Law,Services-Travel,Maharashtra,Navi Mumbai,Low,3,3,7,394,7,4,71.4,Yes
CASE05000,Tax Law (Direct & Indirect),Administrative Law,Taxation-Property,Tamil Nadu,Tiruchirappalli,Medium,7,5,7,298,9,3,58.71,Conditional
